dataset,redacted_product_id,bootstrap_order,policy,cost_sum,context_row_count,source_protocol
BRAF,00a66e0aa13778c0aafb,41,complete_similarity,193.473379592,54,formal service-parts authority; support-interface corrected
BRAF,00a66e0aa13778c0aafb,41,component_specific_transfer,172.212568647,54,formal service-parts authority; support-interface corrected
BRAF,00a66e0aa13778c0aafb,41,matched_shared_relation,347.614258936,54,formal service-parts authority; support-interface corrected
BRAF,00a66e0aa13778c0aafb,41,single_donor,74.4128383044,54,formal service-parts authority; support-interface corrected
BRAF,03274580681a562233d4,115,complete_similarity,178.85231346,54,formal service-parts authority; support-interface corrected
BRAF,03274580681a562233d4,115,component_specific_transfer,172.464730836,54,formal service-parts authority; support-interface corrected
BRAF,03274580681a562233d4,115,matched_shared_relation,175.658522148,54,formal service-parts authority; support-interface corrected
BRAF,03274580681a562233d4,115,single_donor,193.224374363,54,formal service-parts authority; support-interface corrected
BRAF,033c592b540d96d3fc7b,62,complete_similarity,2610.44542734,54,formal service-parts authority; support-interface corrected
BRAF,033c592b540d96d3fc7b,62,component_specific_transfer,2659.21898122,54,formal service-parts authority; support-interface corrected
BRAF,033c592b540d96d3fc7b,62,matched_shared_relation,2624.58268934,54,formal service-parts authority; support-interface corrected
BRAF,033c592b540d96d3fc7b,62,single_donor,3286.91341379,54,formal service-parts authority; support-interface corrected
BRAF,03d9408fe3276d0483d4,171,complete_similarity,119.012529185,54,formal service-parts authority; support-interface corrected
BRAF,03d9408fe3276d0483d4,171,component_specific_transfer,129.302640666,54,formal service-parts authority; support-interface corrected
BRAF,03d9408fe3276d0483d4,171,matched_shared_relation,138.309974021,54,formal service-parts authority; support-interface corrected
BRAF,03d9408fe3276d0483d4,171,single_donor,136.343977112,54,formal service-parts authority; support-interface corrected
BRAF,03db23e93a91602901d4,9,complete_similarity,50.6040645861,54,formal service-parts authority; support-interface corrected
BRAF,03db23e93a91602901d4,9,component_specific_transfer,48.3835377684,54,formal service-parts authority; support-interface corrected
BRAF,03db23e93a91602901d4,9,matched_shared_relation,53.4450327206,54,formal service-parts authority; support-interface corrected
BRAF,03db23e93a91602901d4,9,single_donor,50.6476043277,54,formal service-parts authority; support-interface corrected
BRAF,04319eead187ebb8e3a9,141,complete_similarity,1152.47176823,54,formal service-parts authority; support-interface corrected
BRAF,04319eead187ebb8e3a9,141,component_specific_transfer,1042.31487389,54,formal service-parts authority; support-interface corrected
BRAF,04319eead187ebb8e3a9,141,matched_shared_relation,1162.01604788,54,formal service-parts authority; support-interface corrected
BRAF,04319eead187ebb8e3a9,141,single_donor,1432.03962643,54,formal service-parts authority; support-interface corrected
BRAF,0525909116b7cb32d76a,181,complete_similarity,159.095991318,54,formal service-parts authority; support-interface corrected
BRAF,0525909116b7cb32d76a,181,component_specific_transfer,168.060771482,54,formal service-parts authority; support-interface corrected
BRAF,0525909116b7cb32d76a,181,matched_shared_relation,161.250616594,54,formal service-parts authority; support-interface corrected
BRAF,0525909116b7cb32d76a,181,single_donor,168.022296031,54,formal service-parts authority; support-interface corrected
BRAF,05544c585f6dccd0ffaa,117,complete_similarity,203.039889506,54,formal service-parts authority; support-interface corrected
BRAF,05544c585f6dccd0ffaa,117,component_specific_transfer,150.944128383,54,formal service-parts authority; support-interface corrected
BRAF,05544c585f6dccd0ffaa,117,matched_shared_relation,196.360945773,54,formal service-parts authority; support-interface corrected
BRAF,05544c585f6dccd0ffaa,117,single_donor,142.929395903,54,formal service-parts authority; support-interface corrected
BRAF,06891679fbe95e0540ff,50,complete_similarity,1862.40797132,54,formal service-parts authority; support-interface corrected
BRAF,06891679fbe95e0540ff,50,component_specific_transfer,723.396099839,54,formal service-parts authority; support-interface corrected
BRAF,06891679fbe95e0540ff,50,matched_shared_relation,881.779407412,54,formal service-parts authority; support-interface corrected
BRAF,06891679fbe95e0540ff,50,single_donor,822.245256339,54,formal service-parts authority; support-interface corrected
BRAF,0ac71ae762b94358efe7,6,complete_similarity,65.1517642803,54,formal service-parts authority; support-interface corrected
BRAF,0ac71ae762b94358efe7,6,component_specific_transfer,32.456180736,54,formal service-parts authority; support-interface corrected
BRAF,0ac71ae762b94358efe7,6,matched_shared_relation,28.9677398139,54,formal service-parts authority; support-interface corrected
BRAF,0ac71ae762b94358efe7,6,single_donor,34.9186096222,54,formal service-parts authority; support-interface corrected
BRAF,0c78722ebc4530a969d5,220,complete_similarity,9.10536354369,54,formal service-parts authority; support-interface corrected
BRAF,0c78722ebc4530a969d5,220,component_specific_transfer,8.48268604689,54,formal service-parts authority; support-interface corrected
BRAF,0c78722ebc4530a969d5,220,matched_shared_relation,10.8030517281,54,formal service-parts authority; support-interface corrected
BRAF,0c78722ebc4530a969d5,220,single_donor,10.7869380775,54,formal service-parts authority; support-interface corrected
BRAF,0e6817fe46e791b6dd73,84,complete_similarity,398.258311684,54,formal service-parts authority; support-interface corrected
BRAF,0e6817fe46e791b6dd73,84,component_specific_transfer,452.436088,54,formal service-parts authority; support-interface corrected
BRAF,0e6817fe46e791b6dd73,84,matched_shared_relation,422.111118419,54,formal service-parts authority; support-interface corrected
BRAF,0e6817fe46e791b6dd73,84,single_donor,448.090927028,54,formal service-parts authority; support-interface corrected
BRAF,0fd694e2c4651a69b28c,35,complete_similarity,1945.82689335,54,formal service-parts authority; support-interface corrected
BRAF,0fd694e2c4651a69b28c,35,component_specific_transfer,1900.87770068,54,formal service-parts authority; support-interface corrected
BRAF,0fd694e2c4651a69b28c,35,matched_shared_relation,1682.04610477,54,formal service-parts authority; support-interface corrected
BRAF,0fd694e2c4651a69b28c,35,single_donor,1910.34068861,54,formal service-parts authority; support-interface corrected
BRAF,1349d9c97f80fed36eb8,11,complete_similarity,2609.09850702,54,formal service-parts authority; support-interface corrected
BRAF,1349d9c97f80fed36eb8,11,component_specific_transfer,3051.26783189,54,formal service-parts authority; support-interface corrected
BRAF,1349d9c97f80fed36eb8,11,matched_shared_relation,2923.0485547,54,formal service-parts authority; support-interface corrected
BRAF,1349d9c97f80fed36eb8,11,single_donor,2386.44620014,54,formal service-parts authority; support-interface corrected
BRAF,13a67bd61a1a3476439e,34,complete_similarity,92.4265842349,54,formal service-parts authority; support-interface corrected
BRAF,13a67bd61a1a3476439e,34,component_specific_transfer,64.6986089645,54,formal service-parts authority; support-interface corrected
BRAF,13a67bd61a1a3476439e,34,matched_shared_relation,109.731987241,54,formal service-parts authority; support-interface corrected
BRAF,13a67bd61a1a3476439e,34,single_donor,151.618928607,54,formal service-parts authority; support-interface corrected
BRAF,13d088942459e3f311a6,23,complete_similarity,0.978986484265,54,formal service-parts authority; support-interface corrected
BRAF,13d088942459e3f311a6,23,component_specific_transfer,0.299582360485,54,formal service-parts authority; support-interface corrected
BRAF,13d088942459e3f311a6,23,matched_shared_relation,0.343648262028,54,formal service-parts authority; support-interface corrected
BRAF,13d088942459e3f311a6,23,single_donor,2.54628563912,54,formal service-parts authority; support-interface corrected
BRAF,14d8d3ba3afcb303e35a,122,complete_similarity,83.6925581242,54,formal service-parts authority; support-interface corrected
BRAF,14d8d3ba3afcb303e35a,122,component_specific_transfer,55.4724259265,54,formal service-parts authority; support-interface corrected
BRAF,14d8d3ba3afcb303e35a,122,matched_shared_relation,75.542339439,54,formal service-parts authority; support-interface corrected
BRAF,14d8d3ba3afcb303e35a,122,single_donor,44.113058634,54,formal service-parts authority; support-interface corrected
BRAF,16a8f5ed80c06028d29e,98,complete_similarity,756.693741984,54,formal service-parts authority; support-interface corrected
BRAF,16a8f5ed80c06028d29e,98,component_specific_transfer,733.311223651,54,formal service-parts authority; support-interface corrected
BRAF,16a8f5ed80c06028d29e,98,matched_shared_relation,778.508336348,54,formal service-parts authority; support-interface corrected
BRAF,16a8f5ed80c06028d29e,98,single_donor,950.84363182,54,formal service-parts authority; support-interface corrected
BRAF,171ba31e8892ada5aa38,96,complete_similarity,1453.60912888,54,formal service-parts authority; support-interface corrected
BRAF,171ba31e8892ada5aa38,96,component_specific_transfer,1419.11670887,54,formal service-parts authority; support-interface corrected
BRAF,171ba31e8892ada5aa38,96,matched_shared_relation,1327.95817028,54,formal service-parts authority; support-interface corrected
BRAF,171ba31e8892ada5aa38,96,single_donor,2012.87908185,54,formal service-parts authority; support-interface corrected
BRAF,19712d5699eaf54c49e1,31,complete_similarity,317.463744286,54,formal service-parts authority; support-interface corrected
BRAF,19712d5699eaf54c49e1,31,component_specific_transfer,326.057581637,54,formal service-parts authority; support-interface corrected
BRAF,19712d5699eaf54c49e1,31,matched_shared_relation,336.591962906,54,formal service-parts authority; support-interface corrected
BRAF,19712d5699eaf54c49e1,31,single_donor,327.074057023,54,formal service-parts authority; support-interface corrected
BRAF,19c7d4fa5001dc40e9ef,110,complete_similarity,114.940642573,54,formal service-parts authority; support-interface corrected
BRAF,19c7d4fa5001dc40e9ef,110,component_specific_transfer,80.8265645039,54,formal service-parts authority; support-interface corrected
BRAF,19c7d4fa5001dc40e9ef,110,matched_shared_relation,76.5107369529,54,formal service-parts authority; support-interface corrected
BRAF,19c7d4fa5001dc40e9ef,110,single_donor,220.932289783,54,formal service-parts authority; support-interface corrected
BRAF,1a0cb5c2d5164ccd033a,38,complete_similarity,718.57936795,54,formal service-parts authority; support-interface corrected
BRAF,1a0cb5c2d5164ccd033a,38,component_specific_transfer,791.244697294,54,formal service-parts authority; support-interface corrected
BRAF,1a0cb5c2d5164ccd033a,38,matched_shared_relation,766.502022428,54,formal service-parts authority; support-interface corrected
BRAF,1a0cb5c2d5164ccd033a,38,single_donor,885.006412575,54,formal service-parts authority; support-interface corrected
BRAF,1d94096384f09ea190ff,196,complete_similarity,11.9903318097,54,formal service-parts authority; support-interface corrected
BRAF,1d94096384f09ea190ff,196,component_specific_transfer,10.915123812,54,formal service-parts authority; support-interface corrected
BRAF,1d94096384f09ea190ff,196,matched_shared_relation,30.312933671,54,formal service-parts authority; support-interface corrected
BRAF,1d94096384f09ea190ff,196,single_donor,6.6142918215,54,formal service-parts authority; support-interface corrected
BRAF,1fc3bcda89f76bf158ef,244,complete_similarity,151.036420139,54,formal service-parts authority; support-interface corrected
BRAF,1fc3bcda89f76bf158ef,244,component_specific_transfer,96.9980104574,54,formal service-parts authority; support-interface corrected
BRAF,1fc3bcda89f76bf158ef,244,matched_shared_relation,124.858643823,54,formal service-parts authority; support-interface corrected
BRAF,1fc3bcda89f76bf158ef,244,single_donor,1301.73667335,54,formal service-parts authority; support-interface corrected
BRAF,20285659d723c7194b3a,44,complete_similarity,47.2246045579,54,formal service-parts authority; support-interface corrected
BRAF,20285659d723c7194b3a,44,component_specific_transfer,35.6181064816,54,formal service-parts authority; support-interface corrected
BRAF,20285659d723c7194b3a,44,matched_shared_relation,72.2477884837,54,formal service-parts authority; support-interface corrected
BRAF,20285659d723c7194b3a,44,single_donor,21.9618369562,54,formal service-parts authority; support-interface corrected
BRAF,220946dc84afcc18642c,245,complete_similarity,44.3261698839,54,formal service-parts authority; support-interface corrected
BRAF,220946dc84afcc18642c,245,component_specific_transfer,35.8564405275,54,formal service-parts authority; support-interface corrected
BRAF,220946dc84afcc18642c,245,matched_shared_relation,39.6402545299,54,formal service-parts authority; support-interface corrected
BRAF,220946dc84afcc18642c,245,single_donor,40.5340030912,54,formal service-parts authority; support-interface corrected
BRAF,22929ac74ea92a0901b5,161,complete_similarity,10.85691736,54,formal service-parts authority; support-interface corrected
BRAF,22929ac74ea92a0901b5,161,component_specific_transfer,11.6409615574,54,formal service-parts authority; support-interface corrected
BRAF,22929ac74ea92a0901b5,161,matched_shared_relation,11.0972409484,54,formal service-parts authority; support-interface corrected
BRAF,22929ac74ea92a0901b5,161,single_donor,13.0170673156,54,formal service-parts authority; support-interface corrected
BRAF,22d7031bc1d972756e04,45,complete_similarity,297.079154198,54,formal service-parts authority; support-interface corrected
BRAF,22d7031bc1d972756e04,45,component_specific_transfer,222.366404683,54,formal service-parts authority; support-interface corrected
BRAF,22d7031bc1d972756e04,45,matched_shared_relation,284.085632543,54,formal service-parts authority; support-interface corrected
BRAF,22d7031bc1d972756e04,45,single_donor,186.634220132,54,formal service-parts authority; support-interface corrected
BRAF,234f2c378810e0fe9ac3,125,complete_similarity,356.308987471,54,formal service-parts authority; support-interface corrected
BRAF,234f2c378810e0fe9ac3,125,component_specific_transfer,272.616659542,54,formal service-parts authority; support-interface corrected
BRAF,234f2c378810e0fe9ac3,125,matched_shared_relation,338.386661844,54,formal service-parts authority; support-interface corrected
BRAF,234f2c378810e0fe9ac3,125,single_donor,293.169785261,54,formal service-parts authority; support-interface corrected
BRAF,23f1579f4e415c1d4b30,69,complete_similarity,2050.89940478,54,formal service-parts authority; support-interface corrected
BRAF,23f1579f4e415c1d4b30,69,component_specific_transfer,1630.95333618,54,formal service-parts authority; support-interface corrected
BRAF,23f1579f4e415c1d4b30,69,matched_shared_relation,2334.11884639,54,formal service-parts authority; support-interface corrected
BRAF,23f1579f4e415c1d4b30,69,single_donor,2070.43178007,54,formal service-parts authority; support-interface corrected
BRAF,24d0a53c40bbe1652dc0,52,complete_similarity,485.811766253,54,formal service-parts authority; support-interface corrected
BRAF,24d0a53c40bbe1652dc0,52,component_specific_transfer,482.677496794,54,formal service-parts authority; support-interface corrected
BRAF,24d0a53c40bbe1652dc0,52,matched_shared_relation,569.392285179,54,formal service-parts authority; support-interface corrected
BRAF,24d0a53c40bbe1652dc0,52,single_donor,498.348844092,54,formal service-parts authority; support-interface corrected
BRAF,2521a0ea747f05a93d5b,66,complete_similarity,2313.50929001,54,formal service-parts authority; support-interface corrected
BRAF,2521a0ea747f05a93d5b,66,component_specific_transfer,1625.70923082,54,formal service-parts authority; support-interface corrected
BRAF,2521a0ea747f05a93d5b,66,matched_shared_relation,1938.34562136,54,formal service-parts authority; support-interface corrected
BRAF,2521a0ea747f05a93d5b,66,single_donor,2110.29563616,54,formal service-parts authority; support-interface corrected
BRAF,253f22111a6f73e09e64,209,complete_similarity,9103.95770989,54,formal service-parts authority; support-interface corrected
BRAF,253f22111a6f73e09e64,209,component_specific_transfer,9967.47673386,54,formal service-parts authority; support-interface corrected
BRAF,253f22111a6f73e09e64,209,matched_shared_relation,9572.72518005,54,formal service-parts authority; support-interface corrected
BRAF,253f22111a6f73e09e64,209,single_donor,9355.61182545,54,formal service-parts authority; support-interface corrected
BRAF,26dc1c8136e47ac4cf01,71,complete_similarity,41.8775033707,54,formal service-parts authority; support-interface corrected
BRAF,26dc1c8136e47ac4cf01,71,component_specific_transfer,41.8775033707,54,formal service-parts authority; support-interface corrected
BRAF,26dc1c8136e47ac4cf01,71,matched_shared_relation,58.8993061265,54,formal service-parts authority; support-interface corrected
BRAF,26dc1c8136e47ac4cf01,71,single_donor,12.3794929133,54,formal service-parts authority; support-interface corrected
BRAF,27b59a4fa71c525c6ac4,164,complete_similarity,815.29307113,54,formal service-parts authority; support-interface corrected
BRAF,27b59a4fa71c525c6ac4,164,component_specific_transfer,511.510046368,54,formal service-parts authority; support-interface corrected
BRAF,27b59a4fa71c525c6ac4,164,matched_shared_relation,747.154822585,54,formal service-parts authority; support-interface corrected
BRAF,27b59a4fa71c525c6ac4,164,single_donor,1169.23341774,54,formal service-parts authority; support-interface corrected
BRAF,286f5796c4a37247421c,187,complete_similarity,260.01407478,54,formal service-parts authority; support-interface corrected
BRAF,286f5796c4a37247421c,187,component_specific_transfer,240.895392811,54,formal service-parts authority; support-interface corrected
BRAF,286f5796c4a37247421c,187,matched_shared_relation,244.719129205,54,formal service-parts authority; support-interface corrected
BRAF,286f5796c4a37247421c,187,single_donor,340.312539051,54,formal service-parts authority; support-interface corrected
BRAF,28bf4c2d4a1f88b649a9,235,complete_similarity,60.6899273241,54,formal service-parts authority; support-interface corrected
BRAF,28bf4c2d4a1f88b649a9,235,component_specific_transfer,54.427307705,54,formal service-parts authority; support-interface corrected
BRAF,28bf4c2d4a1f88b649a9,235,matched_shared_relation,74.6371140123,54,formal service-parts authority; support-interface corrected
BRAF,28bf4c2d4a1f88b649a9,235,single_donor,81.14176724,54,formal service-parts authority; support-interface corrected
BRAF,2b0b1ea39cc4a3777364,36,complete_similarity,116.948929593,54,formal service-parts authority; support-interface corrected
BRAF,2b0b1ea39cc4a3777364,36,component_specific_transfer,57.8993061265,54,formal service-parts authority; support-interface corrected
BRAF,2b0b1ea39cc4a3777364,36,matched_shared_relation,67.1018448486,54,formal service-parts authority; support-interface corrected
BRAF,2b0b1ea39cc4a3777364,36,single_donor,350.463349666,54,formal service-parts authority; support-interface corrected
BRAF,2ba7035b59c1abf8599c,95,complete_similarity,6086.64882107,54,formal service-parts authority; support-interface corrected
BRAF,2ba7035b59c1abf8599c,95,component_specific_transfer,4438.24262554,54,formal service-parts authority; support-interface corrected
BRAF,2ba7035b59c1abf8599c,95,matched_shared_relation,4771.91857674,54,formal service-parts authority; support-interface corrected
BRAF,2ba7035b59c1abf8599c,95,single_donor,4552.20941169,54,formal service-parts authority; support-interface corrected
BRAF,2bd331f71314fd0d9788,28,complete_similarity,1837.46917031,54,formal service-parts authority; support-interface corrected
BRAF,2bd331f71314fd0d9788,28,component_specific_transfer,1590.04242165,54,formal service-parts authority; support-interface corrected
BRAF,2bd331f71314fd0d9788,28,matched_shared_relation,2433.46377717,54,formal service-parts authority; support-interface corrected
BRAF,2bd331f71314fd0d9788,28,single_donor,1894.3339143,54,formal service-parts authority; support-interface corrected
BRAF,2c5f9c46eea51e9f3e85,144,complete_similarity,23.7166628301,54,formal service-parts authority; support-interface corrected
BRAF,2c5f9c46eea51e9f3e85,144,component_specific_transfer,23.114867309,54,formal service-parts authority; support-interface corrected
BRAF,2c5f9c46eea51e9f3e85,144,matched_shared_relation,26.1559077905,54,formal service-parts authority; support-interface corrected
BRAF,2c5f9c46eea51e9f3e85,144,single_donor,30.1021079286,54,formal service-parts authority; support-interface corrected
BRAF,2d96424a533905556851,242,complete_similarity,301.169226216,54,formal service-parts authority; support-interface corrected
BRAF,2d96424a533905556851,242,component_specific_transfer,144.982406524,54,formal service-parts authority; support-interface corrected
BRAF,2d96424a533905556851,242,matched_shared_relation,336.807359663,54,formal service-parts authority; support-interface corrected
BRAF,2d96424a533905556851,242,single_donor,437.782071097,54,formal service-parts authority; support-interface corrected
BRAF,2e93d1e3a435d93e800b,177,complete_similarity,58.7747048571,54,formal service-parts authority; support-interface corrected
BRAF,2e93d1e3a435d93e800b,177,component_specific_transfer,50.314709461,54,formal service-parts authority; support-interface corrected
BRAF,2e93d1e3a435d93e800b,177,matched_shared_relation,81.9283764675,54,formal service-parts authority; support-interface corrected
BRAF,2e93d1e3a435d93e800b,177,single_donor,30.7231411753,54,formal service-parts authority; support-interface corrected
BRAF,3024af66af04aa05de02,178,complete_similarity,3943.91946463,54,formal service-parts authority; support-interface corrected
BRAF,3024af66af04aa05de02,178,component_specific_transfer,5521.73869578,54,formal service-parts authority; support-interface corrected
BRAF,3024af66af04aa05de02,178,matched_shared_relation,5049.02153968,54,formal service-parts authority; support-interface corrected
BRAF,3024af66af04aa05de02,178,single_donor,6044.74491105,54,formal service-parts authority; support-interface corrected
BRAF,3063b43a6043ec313621,24,complete_similarity,307.255088954,54,formal service-parts authority; support-interface corrected
BRAF,3063b43a6043ec313621,24,component_specific_transfer,265.15307968,54,formal service-parts authority; support-interface corrected
BRAF,3063b43a6043ec313621,24,matched_shared_relation,298.29721464,54,formal service-parts authority; support-interface corrected
BRAF,3063b43a6043ec313621,24,single_donor,314.421388405,54,formal service-parts authority; support-interface corrected
BRAF,30699ec2aebc4b013d40,12,complete_similarity,922.609753691,54,formal service-parts authority; support-interface corrected
BRAF,30699ec2aebc4b013d40,12,component_specific_transfer,551.116445789,54,formal service-parts authority; support-interface corrected
BRAF,30699ec2aebc4b013d40,12,matched_shared_relation,1138.97398796,54,formal service-parts authority; support-interface corrected
BRAF,30699ec2aebc4b013d40,12,single_donor,869.539281134,54,formal service-parts authority; support-interface corrected
BRAF,30f6a9a058d06ee2d1ab,174,complete_similarity,213.193133612,54,formal service-parts authority; support-interface corrected
BRAF,30f6a9a058d06ee2d1ab,174,component_specific_transfer,168.837515209,54,formal service-parts authority; support-interface corrected
BRAF,30f6a9a058d06ee2d1ab,174,matched_shared_relation,320.505113618,54,formal service-parts authority; support-interface corrected
BRAF,30f6a9a058d06ee2d1ab,174,single_donor,663.903449637,54,formal service-parts authority; support-interface corrected
BRAF,31c338a1b10e2bf2c189,150,complete_similarity,388.128514584,54,formal service-parts authority; support-interface corrected
BRAF,31c338a1b10e2bf2c189,150,component_specific_transfer,152.237824328,54,formal service-parts authority; support-interface corrected
BRAF,31c338a1b10e2bf2c189,150,matched_shared_relation,154.316156401,54,formal service-parts authority; support-interface corrected
BRAF,31c338a1b10e2bf2c189,150,single_donor,1161.52783715,54,formal service-parts authority; support-interface corrected
BRAF,3315545a55fc223975a6,212,complete_similarity,52.1308823046,54,formal service-parts authority; support-interface corrected
BRAF,3315545a55fc223975a6,212,component_specific_transfer,50.5324081686,54,formal service-parts authority; support-interface corrected
BRAF,3315545a55fc223975a6,212,matched_shared_relation,62.7750994771,54,formal service-parts authority; support-interface corrected
BRAF,3315545a55fc223975a6,212,single_donor,74.8262685389,54,formal service-parts authority; support-interface corrected
BRAF,332e3f824a18fd2bec6e,247,complete_similarity,3105.17017988,54,formal service-parts authority; support-interface corrected
BRAF,332e3f824a18fd2bec6e,247,component_specific_transfer,4057.72238482,54,formal service-parts authority; support-interface corrected
BRAF,332e3f824a18fd2bec6e,247,matched_shared_relation,4085.8489263,54,formal service-parts authority; support-interface corrected
BRAF,332e3f824a18fd2bec6e,247,single_donor,4357.73882732,54,formal service-parts authority; support-interface corrected
BRAF,33439a88ea42272c8749,167,complete_similarity,130.658686573,54,formal service-parts authority; support-interface corrected
BRAF,33439a88ea42272c8749,167,component_specific_transfer,117.083758098,54,formal service-parts authority; support-interface corrected
BRAF,33439a88ea42272c8749,167,matched_shared_relation,164.596007761,54,formal service-parts authority; support-interface corrected
BRAF,33439a88ea42272c8749,167,single_donor,88.2370350883,54,formal service-parts authority; support-interface corrected
BRAF,3488ff8c647ae091bbdc,229,complete_similarity,543.99026604,54,formal service-parts authority; support-interface corrected
BRAF,3488ff8c647ae091bbdc,229,component_specific_transfer,528.738202506,54,formal service-parts authority; support-interface corrected
BRAF,3488ff8c647ae091bbdc,229,matched_shared_relation,615.166562531,54,formal service-parts authority; support-interface corrected
BRAF,3488ff8c647ae091bbdc,229,single_donor,579.578414285,54,formal service-parts authority; support-interface corrected
BRAF,3791c3d9e1057066dc4c,59,complete_similarity,310.690272617,54,formal service-parts authority; support-interface corrected
BRAF,3791c3d9e1057066dc4c,59,component_specific_transfer,313.536502351,54,formal service-parts authority; support-interface corrected
BRAF,3791c3d9e1057066dc4c,59,matched_shared_relation,310.898533329,54,formal service-parts authority; support-interface corrected
BRAF,3791c3d9e1057066dc4c,59,single_donor,310.273751192,54,formal service-parts authority; support-interface corrected
BRAF,381ea3600e2b7cf09b0f,63,complete_similarity,227.340589957,54,formal service-parts authority; support-interface corrected
BRAF,381ea3600e2b7cf09b0f,63,component_specific_transfer,134.239205498,54,formal service-parts authority; support-interface corrected
BRAF,381ea3600e2b7cf09b0f,63,matched_shared_relation,216.514847578,54,formal service-parts authority; support-interface corrected
BRAF,381ea3600e2b7cf09b0f,63,single_donor,326.937419843,54,formal service-parts authority; support-interface corrected
BRAF,389be71b3c881e48d6e2,160,complete_similarity,67.714327995,54,formal service-parts authority; support-interface corrected
BRAF,389be71b3c881e48d6e2,160,component_specific_transfer,79.9825709494,54,formal service-parts authority; support-interface corrected
BRAF,389be71b3c881e48d6e2,160,matched_shared_relation,153.910684337,54,formal service-parts authority; support-interface corrected
BRAF,389be71b3c881e48d6e2,160,single_donor,33.1401887599,54,formal service-parts authority; support-interface corrected
BRAF,399e1748a63fbf875ae1,236,complete_similarity,648.930612648,54,formal service-parts authority; support-interface corrected
BRAF,399e1748a63fbf875ae1,236,component_specific_transfer,321.780361077,54,formal service-parts authority; support-interface corrected
BRAF,399e1748a63fbf875ae1,236,matched_shared_relation,550.413775527,54,formal service-parts authority; support-interface corrected
BRAF,399e1748a63fbf875ae1,236,single_donor,563.838501759,54,formal service-parts authority; support-interface corrected
BRAF,3a40f3fa017040aa0c4c,226,complete_similarity,333.259232464,54,formal service-parts authority; support-interface corrected
BRAF,3a40f3fa017040aa0c4c,226,component_specific_transfer,225.328685587,54,formal service-parts authority; support-interface corrected
BRAF,3a40f3fa017040aa0c4c,226,matched_shared_relation,391.958301819,54,formal service-parts authority; support-interface corrected
BRAF,3a40f3fa017040aa0c4c,226,single_donor,134.439804005,54,formal service-parts authority; support-interface corrected
BRAF,3d8044cca5d5d89b3b60,142,complete_similarity,192.72113519,54,formal service-parts authority; support-interface corrected
BRAF,3d8044cca5d5d89b3b60,142,component_specific_transfer,145.977013384,54,formal service-parts authority; support-interface corrected
BRAF,3d8044cca5d5d89b3b60,142,matched_shared_relation,401.417113355,54,formal service-parts authority; support-interface corrected
BRAF,3d8044cca5d5d89b3b60,142,single_donor,125.910092407,54,formal service-parts authority; support-interface corrected
BRAF,3e1e0c7e941435072da4,228,complete_similarity,22.8655661153,54,formal service-parts authority; support-interface corrected
BRAF,3e1e0c7e941435072da4,228,component_specific_transfer,12.915222467,54,formal service-parts authority; support-interface corrected
BRAF,3e1e0c7e941435072da4,228,matched_shared_relation,15.3502252623,54,formal service-parts authority; support-interface corrected
BRAF,3e1e0c7e941435072da4,228,single_donor,7.64073136243,54,formal service-parts authority; support-interface corrected
BRAF,3ffc99bbc221654f649d,37,complete_similarity,708.942418363,54,formal service-parts authority; support-interface corrected
BRAF,3ffc99bbc221654f649d,37,component_specific_transfer,702.886316551,54,formal service-parts authority; support-interface corrected
BRAF,3ffc99bbc221654f649d,37,matched_shared_relation,683.203985662,54,formal service-parts authority; support-interface corrected
BRAF,3ffc99bbc221654f649d,37,single_donor,854.28886185,54,formal service-parts authority; support-interface corrected
BRAF,403210fb7aac272a4fbd,73,complete_similarity,959.466720379,54,formal service-parts authority; support-interface corrected
BRAF,403210fb7aac272a4fbd,73,component_specific_transfer,672.653194778,54,formal service-parts authority; support-interface corrected
BRAF,403210fb7aac272a4fbd,73,matched_shared_relation,766.043704167,54,formal service-parts authority; support-interface corrected
BRAF,403210fb7aac272a4fbd,73,single_donor,775.906063994,54,formal service-parts authority; support-interface corrected
BRAF,411aed534cb76da3354f,188,complete_similarity,97.6328225196,54,formal service-parts authority; support-interface corrected
BRAF,411aed534cb76da3354f,188,component_specific_transfer,104.610855339,54,formal service-parts authority; support-interface corrected
BRAF,411aed534cb76da3354f,188,matched_shared_relation,102.344651255,54,formal service-parts authority; support-interface corrected
BRAF,411aed534cb76da3354f,188,single_donor,88.7922818902,54,formal service-parts authority; support-interface corrected
BRAF,411f3ff40444546fc88d,165,complete_similarity,133.591699826,54,formal service-parts authority; support-interface corrected
BRAF,411f3ff40444546fc88d,165,component_specific_transfer,50.4225722648,54,formal service-parts authority; support-interface corrected
BRAF,411f3ff40444546fc88d,165,matched_shared_relation,67.0676444474,54,formal service-parts authority; support-interface corrected
BRAF,411f3ff40444546fc88d,165,single_donor,153.891939886,54,formal service-parts authority; support-interface corrected
BRAF,439e34cd9f49555f88db,140,complete_similarity,574.670327863,54,formal service-parts authority; support-interface corrected
BRAF,439e34cd9f49555f88db,140,component_specific_transfer,286.986878885,54,formal service-parts authority; support-interface corrected
BRAF,439e34cd9f49555f88db,140,matched_shared_relation,662.438159755,54,formal service-parts authority; support-interface corrected
BRAF,439e34cd9f49555f88db,140,single_donor,64.084448683,54,formal service-parts authority; support-interface corrected
BRAF,43b310e0ecc3b72cf283,151,complete_similarity,54.3743628531,54,formal service-parts authority; support-interface corrected
BRAF,43b310e0ecc3b72cf283,151,component_specific_transfer,43.0994113585,54,formal service-parts authority; support-interface corrected
BRAF,43b310e0ecc3b72cf283,151,matched_shared_relation,87.2899470551,54,formal service-parts authority; support-interface corrected
BRAF,43b310e0ecc3b72cf283,151,single_donor,20.7313624256,54,formal service-parts authority; support-interface corrected
BRAF,449bc4a61d9688e9ba32,249,complete_similarity,574.797790128,54,formal service-parts authority; support-interface corrected
BRAF,449bc4a61d9688e9ba32,249,component_specific_transfer,569.98776678,54,formal service-parts authority; support-interface corrected
BRAF,449bc4a61d9688e9ba32,249,matched_shared_relation,567.582755105,54,formal service-parts authority; support-interface corrected
BRAF,449bc4a61d9688e9ba32,249,single_donor,624.501364728,54,formal service-parts authority; support-interface corrected
BRAF,4533216236aef036db9d,201,complete_similarity,58.3458515571,54,formal service-parts authority; support-interface corrected
BRAF,4533216236aef036db9d,201,component_specific_transfer,52.0235456608,54,formal service-parts authority; support-interface corrected
BRAF,4533216236aef036db9d,201,matched_shared_relation,177.927751652,54,formal service-parts authority; support-interface corrected
BRAF,4533216236aef036db9d,201,single_donor,45.8818770759,54,formal service-parts authority; support-interface corrected
BRAF,46663be3411def605404,129,complete_similarity,8467.01437075,54,formal service-parts authority; support-interface corrected
BRAF,46663be3411def605404,129,component_specific_transfer,8771.86622382,54,formal service-parts authority; support-interface corrected
BRAF,46663be3411def605404,129,matched_shared_relation,8340.81225953,54,formal service-parts authority; support-interface corrected
BRAF,46663be3411def605404,129,single_donor,8422.7616824,54,formal service-parts authority; support-interface corrected
BRAF,46fb0f5714a47a2b31fa,147,complete_similarity,761.779407412,54,formal service-parts authority; support-interface corrected
BRAF,46fb0f5714a47a2b31fa,147,component_specific_transfer,653.681147029,54,formal service-parts authority; support-interface corrected
BRAF,46fb0f5714a47a2b31fa,147,matched_shared_relation,885.544082344,54,formal service-parts authority; support-interface corrected
BRAF,46fb0f5714a47a2b31fa,147,single_donor,1079.80762274,54,formal service-parts authority; support-interface corrected
BRAF,485c1913e13f1ad422e2,16,complete_similarity,49.7773685422,54,formal service-parts authority; support-interface corrected
BRAF,485c1913e13f1ad422e2,16,component_specific_transfer,25.8949653063,54,formal service-parts authority; support-interface corrected
BRAF,485c1913e13f1ad422e2,16,matched_shared_relation,33.1401887599,54,formal service-parts authority; support-interface corrected
BRAF,485c1913e13f1ad422e2,16,single_donor,15.42964254,54,formal service-parts authority; support-interface corrected
BRAF,4a6b45d1abc3993eed41,233,complete_similarity,44.4815679569,54,formal service-parts authority; support-interface corrected
BRAF,4a6b45d1abc3993eed41,233,component_specific_transfer,40.8826334309,54,formal service-parts authority; support-interface corrected
BRAF,4a6b45d1abc3993eed41,233,matched_shared_relation,46.7672070769,54,formal service-parts authority; support-interface corrected
BRAF,4a6b45d1abc3993eed41,233,single_donor,53.6114965964,54,formal service-parts authority; support-interface corrected
BRAF,4be26dd25283a4af6ae9,192,complete_similarity,58.9036140616,54,formal service-parts authority; support-interface corrected
BRAF,4be26dd25283a4af6ae9,192,component_specific_transfer,46.6177776316,54,formal service-parts authority; support-interface corrected
BRAF,4be26dd25283a4af6ae9,192,matched_shared_relation,68.5586503996,54,formal service-parts authority; support-interface corrected
BRAF,4be26dd25283a4af6ae9,192,single_donor,89.315663126,54,formal service-parts authority; support-interface corrected
BRAF,4c6137bc3cb63a5cabd1,240,complete_similarity,195.976191259,54,formal service-parts authority; support-interface corrected
BRAF,4c6137bc3cb63a5cabd1,240,component_specific_transfer,116.093261863,54,formal service-parts authority; support-interface corrected
BRAF,4c6137bc3cb63a5cabd1,240,matched_shared_relation,348.646782203,54,formal service-parts authority; support-interface corrected
BRAF,4c6137bc3cb63a5cabd1,240,single_donor,56.884474991,54,formal service-parts authority; support-interface corrected
BRAF,4d021fe01b25f54937eb,111,complete_similarity,683.844914335,54,formal service-parts authority; support-interface corrected
BRAF,4d021fe01b25f54937eb,111,component_specific_transfer,688.193626887,54,formal service-parts authority; support-interface corrected
BRAF,4d021fe01b25f54937eb,111,matched_shared_relation,648.00815548,54,formal service-parts authority; support-interface corrected
BRAF,4d021fe01b25f54937eb,111,single_donor,694.541747509,54,formal service-parts authority; support-interface corrected
BRAF,4e527c6c538a33215a9e,49,complete_similarity,10.1215594068,54,formal service-parts authority; support-interface corrected
BRAF,4e527c6c538a33215a9e,49,component_specific_transfer,10.7638034792,54,formal service-parts authority; support-interface corrected
BRAF,4e527c6c538a33215a9e,49,matched_shared_relation,9.75831168404,54,formal service-parts authority; support-interface corrected
BRAF,4e527c6c538a33215a9e,49,single_donor,10.0759807952,54,formal service-parts authority; support-interface corrected
BRAF,4f67e785e313a9f36f72,182,complete_similarity,59.4305962051,54,formal service-parts authority; support-interface corrected
BRAF,4f67e785e313a9f36f72,182,component_specific_transfer,54.3893255286,54,formal service-parts authority; support-interface corrected
BRAF,4f67e785e313a9f36f72,182,matched_shared_relation,61.7095267848,54,formal service-parts authority; support-interface corrected
BRAF,4f67e785e313a9f36f72,182,single_donor,58.14150416,54,formal service-parts authority; support-interface corrected
BRAF,50c8588ef54456a019f6,92,complete_similarity,153.236476043,54,formal service-parts authority; support-interface corrected
BRAF,50c8588ef54456a019f6,92,component_specific_transfer,140.772797527,54,formal service-parts authority; support-interface corrected
BRAF,50c8588ef54456a019f6,92,matched_shared_relation,141.551777434,54,formal service-parts authority; support-interface corrected
BRAF,50c8588ef54456a019f6,92,single_donor,445.910355487,54,formal service-parts authority; support-interface corrected
BRAF,5116c986562ac36147ba,88,complete_similarity,248.315005426,54,formal service-parts authority; support-interface corrected
BRAF,5116c986562ac36147ba,88,component_specific_transfer,195.324706501,54,formal service-parts authority; support-interface corrected
BRAF,5116c986562ac36147ba,88,matched_shared_relation,357.992600875,54,formal service-parts authority; support-interface corrected
BRAF,5116c986562ac36147ba,88,single_donor,190.395376369,54,formal service-parts authority; support-interface corrected
BRAF,536b9f28899e69fe4cf5,204,complete_similarity,2167.2836989,54,formal service-parts authority; support-interface corrected
BRAF,536b9f28899e69fe4cf5,204,component_specific_transfer,2314.76158374,54,formal service-parts authority; support-interface corrected
BRAF,536b9f28899e69fe4cf5,204,matched_shared_relation,2511.39876352,54,formal service-parts authority; support-interface corrected
BRAF,536b9f28899e69fe4cf5,204,single_donor,2405.95563813,54,formal service-parts authority; support-interface corrected
BRAF,53e0e77c664ce7228367,85,complete_similarity,533.781775132,54,formal service-parts authority; support-interface corrected
BRAF,53e0e77c664ce7228367,85,component_specific_transfer,559.469959551,54,formal service-parts authority; support-interface corrected
BRAF,53e0e77c664ce7228367,85,matched_shared_relation,484.84415798,54,formal service-parts authority; support-interface corrected
BRAF,53e0e77c664ce7228367,85,single_donor,569.550133184,54,formal service-parts authority; support-interface corrected
BRAF,544ae153dc7967ab6aba,53,complete_similarity,56.1164457891,54,formal service-parts authority; support-interface corrected
BRAF,544ae153dc7967ab6aba,53,component_specific_transfer,32.4732809366,54,formal service-parts authority; support-interface corrected
BRAF,544ae153dc7967ab6aba,53,matched_shared_relation,41.57272518,54,formal service-parts authority; support-interface corrected
BRAF,544ae153dc7967ab6aba,53,single_donor,70.42931369,54,formal service-parts authority; support-interface corrected
BRAF,557eb00cd2d4909718f8,104,complete_similarity,6223.36232694,54,formal service-parts authority; support-interface corrected
BRAF,557eb00cd2d4909718f8,104,component_specific_transfer,6688.23999474,54,formal service-parts authority; support-interface corrected
BRAF,557eb00cd2d4909718f8,104,matched_shared_relation,5986.21542964,54,formal service-parts authority; support-interface corrected
BRAF,557eb00cd2d4909718f8,104,single_donor,5966.22069124,54,formal service-parts authority; support-interface corrected
BRAF,5659361bf77818d37d94,27,complete_similarity,59.829655694,54,formal service-parts authority; support-interface corrected
BRAF,5659361bf77818d37d94,27,component_specific_transfer,41.2680456444,54,formal service-parts authority; support-interface corrected
BRAF,5659361bf77818d37d94,27,matched_shared_relation,48.4764378967,54,formal service-parts authority; support-interface corrected
BRAF,5659361bf77818d37d94,27,single_donor,15.1376237298,54,formal service-parts authority; support-interface corrected
BRAF,58fcf3b5d235e623d06e,17,complete_similarity,3647.01529153,54,formal service-parts authority; support-interface corrected
BRAF,58fcf3b5d235e623d06e,17,component_specific_transfer,1828.55891348,54,formal service-parts authority; support-interface corrected
BRAF,58fcf3b5d235e623d06e,17,matched_shared_relation,2417.03160249,54,formal service-parts authority; support-interface corrected
BRAF,58fcf3b5d235e623d06e,17,single_donor,5814.00914203,54,formal service-parts authority; support-interface corrected
BRAF,592916316e76b6960c4b,135,complete_similarity,3648.27255089,54,formal service-parts authority; support-interface corrected
BRAF,592916316e76b6960c4b,135,component_specific_transfer,4074.88506692,54,formal service-parts authority; support-interface corrected
BRAF,592916316e76b6960c4b,135,matched_shared_relation,3523.23095136,54,formal service-parts authority; support-interface corrected
BRAF,592916316e76b6960c4b,135,single_donor,4266.12516031,54,formal service-parts authority; support-interface corrected
BRAF,59d77bd61717da5b2194,67,complete_similarity,73.2324311881,54,formal service-parts authority; support-interface corrected
BRAF,59d77bd61717da5b2194,67,component_specific_transfer,64.6321812621,54,formal service-parts authority; support-interface corrected
BRAF,59d77bd61717da5b2194,67,matched_shared_relation,91.9966128449,54,formal service-parts authority; support-interface corrected
BRAF,59d77bd61717da5b2194,67,single_donor,60.4623631162,54,formal service-parts authority; support-interface corrected
BRAF,5c1dc02e2f4440a17649,183,complete_similarity,431.159853991,54,formal service-parts authority; support-interface corrected
BRAF,5c1dc02e2f4440a17649,183,component_specific_transfer,474.383899503,54,formal service-parts authority; support-interface corrected
BRAF,5c1dc02e2f4440a17649,183,matched_shared_relation,427.918050577,54,formal service-parts authority; support-interface corrected
BRAF,5c1dc02e2f4440a17649,183,single_donor,472.222697228,54,formal service-parts authority; support-interface corrected
BRAF,5d6f11c000d61cbf63ac,25,complete_similarity,23.800190733,54,formal service-parts authority; support-interface corrected
BRAF,5d6f11c000d61cbf63ac,25,component_specific_transfer,25.4917951922,54,formal service-parts authority; support-interface corrected
BRAF,5d6f11c000d61cbf63ac,25,matched_shared_relation,25.1333486797,54,formal service-parts authority; support-interface corrected
BRAF,5d6f11c000d61cbf63ac,25,single_donor,24.056693742,54,formal service-parts authority; support-interface corrected
BRAF,5e5aa87216b7904bb5aa,39,complete_similarity,966.293038245,54,formal service-parts authority; support-interface corrected
BRAF,5e5aa87216b7904bb5aa,39,component_specific_transfer,1017.61616627,54,formal service-parts authority; support-interface corrected
BRAF,5e5aa87216b7904bb5aa,39,matched_shared_relation,1012.80681706,54,formal service-parts authority; support-interface corrected
BRAF,5e5aa87216b7904bb5aa,39,single_donor,1025.19878983,54,formal service-parts authority; support-interface corrected
BRAF,612ab960a14f94b93a33,118,complete_similarity,714.742082936,54,formal service-parts authority; support-interface corrected
BRAF,612ab960a14f94b93a33,118,component_specific_transfer,668.981156894,54,formal service-parts authority; support-interface corrected
BRAF,612ab960a14f94b93a33,118,matched_shared_relation,747.42845868,54,formal service-parts authority; support-interface corrected
BRAF,612ab960a14f94b93a33,118,single_donor,686.413890624,54,formal service-parts authority; support-interface corrected
BRAF,61ef9cff349148721c2e,211,complete_similarity,48.4700582065,54,formal service-parts authority; support-interface corrected
BRAF,61ef9cff349148721c2e,211,component_specific_transfer,54.5356966687,54,formal service-parts authority; support-interface corrected
BRAF,61ef9cff349148721c2e,211,matched_shared_relation,51.7832220724,54,formal service-parts authority; support-interface corrected
BRAF,61ef9cff349148721c2e,211,single_donor,46.5596369496,54,formal service-parts authority; support-interface corrected
BRAF,64a389dc0b9b62006f43,21,complete_similarity,198.498997007,54,formal service-parts authority; support-interface corrected
BRAF,64a389dc0b9b62006f43,21,component_specific_transfer,102.56016311,54,formal service-parts authority; support-interface corrected
BRAF,64a389dc0b9b62006f43,21,matched_shared_relation,248.839882929,54,formal service-parts authority; support-interface corrected
BRAF,64a389dc0b9b62006f43,21,single_donor,360.040645861,54,formal service-parts authority; support-interface corrected
BRAF,64d07a1555fbfcdeaa4c,137,complete_similarity,4930.55542767,54,formal service-parts authority; support-interface corrected
BRAF,64d07a1555fbfcdeaa4c,137,component_specific_transfer,2921.15492124,54,formal service-parts authority; support-interface corrected
BRAF,64d07a1555fbfcdeaa4c,137,matched_shared_relation,6656.69242658,54,formal service-parts authority; support-interface corrected
BRAF,64d07a1555fbfcdeaa4c,137,single_donor,10976.4609162,54,formal service-parts authority; support-interface corrected
BRAF,65ebbd6db00464499e69,166,complete_similarity,77.7500082213,54,formal service-parts authority; support-interface corrected
BRAF,65ebbd6db00464499e69,166,component_specific_transfer,85.4549639909,54,formal service-parts authority; support-interface corrected
BRAF,65ebbd6db00464499e69,166,matched_shared_relation,189.822092144,54,formal service-parts authority; support-interface corrected
BRAF,65ebbd6db00464499e69,166,single_donor,36.4234272748,54,formal service-parts authority; support-interface corrected
BRAF,664c94c3c6b163fe943a,4,complete_similarity,2015.29284094,54,formal service-parts authority; support-interface corrected
BRAF,664c94c3c6b163fe943a,4,component_specific_transfer,1474.96070242,54,formal service-parts authority; support-interface corrected
BRAF,664c94c3c6b163fe943a,4,matched_shared_relation,1694.01427209,54,formal service-parts authority; support-interface corrected
BRAF,664c94c3c6b163fe943a,4,single_donor,1504.16784505,54,formal service-parts authority; support-interface corrected
BRAF,6ade45140ecd2b612d28,109,complete_similarity,221.763227992,54,formal service-parts authority; support-interface corrected
BRAF,6ade45140ecd2b612d28,109,component_specific_transfer,209.678877964,54,formal service-parts authority; support-interface corrected
BRAF,6ade45140ecd2b612d28,109,matched_shared_relation,207.72758065,54,formal service-parts authority; support-interface corrected
BRAF,6ade45140ecd2b612d28,109,single_donor,217.655233648,54,formal service-parts authority; support-interface corrected
BRAF,6b0f966ee93d49f3103f,8,complete_similarity,226.070571212,54,formal service-parts authority; support-interface corrected
BRAF,6b0f966ee93d49f3103f,8,component_specific_transfer,135.551974744,54,formal service-parts authority; support-interface corrected
BRAF,6b0f966ee93d49f3103f,8,matched_shared_relation,248.963793614,54,formal service-parts authority; support-interface corrected
BRAF,6b0f966ee93d49f3103f,8,single_donor,184.953138873,54,formal service-parts authority; support-interface corrected
BRAF,6c60d8994773e4db9ce1,159,complete_similarity,288.353283567,54,formal service-parts authority; support-interface corrected
BRAF,6c60d8994773e4db9ce1,159,component_specific_transfer,290.318491236,54,formal service-parts authority; support-interface corrected
BRAF,6c60d8994773e4db9ce1,159,matched_shared_relation,295.231510408,54,formal service-parts authority; support-interface corrected
BRAF,6c60d8994773e4db9ce1,159,single_donor,370.359761913,54,formal service-parts authority; support-interface corrected
BRAF,6c967d26c8d385922d7a,157,complete_similarity,623.391101319,54,formal service-parts authority; support-interface corrected
BRAF,6c967d26c8d385922d7a,157,component_specific_transfer,431.309809596,54,formal service-parts authority; support-interface corrected
BRAF,6c967d26c8d385922d7a,157,matched_shared_relation,538.991745865,54,formal service-parts authority; support-interface corrected
BRAF,6c967d26c8d385922d7a,157,single_donor,715.939360058,54,formal service-parts authority; support-interface corrected
BRAF,6dfeb6324494731b06e8,143,complete_similarity,1576.97951264,54,formal service-parts authority; support-interface corrected
BRAF,6dfeb6324494731b06e8,143,component_specific_transfer,1847.00121675,54,formal service-parts authority; support-interface corrected
BRAF,6dfeb6324494731b06e8,143,matched_shared_relation,1763.14939656,54,formal service-parts authority; support-interface corrected
BRAF,6dfeb6324494731b06e8,143,single_donor,1699.83656154,54,formal service-parts authority; support-interface corrected
BRAF,6e5929e4b9c2d3aa9e73,127,complete_similarity,79.685948239,54,formal service-parts authority; support-interface corrected
BRAF,6e5929e4b9c2d3aa9e73,127,component_specific_transfer,58.6908481042,54,formal service-parts authority; support-interface corrected
BRAF,6e5929e4b9c2d3aa9e73,127,matched_shared_relation,75.8686573054,54,formal service-parts authority; support-interface corrected
BRAF,6e5929e4b9c2d3aa9e73,127,single_donor,61.5538163044,54,formal service-parts authority; support-interface corrected
BRAF,6e93ff2645ed89ddc332,13,complete_similarity,316.235736131,54,formal service-parts authority; support-interface corrected
BRAF,6e93ff2645ed89ddc332,13,component_specific_transfer,369.616314249,54,formal service-parts authority; support-interface corrected
BRAF,6e93ff2645ed89ddc332,13,matched_shared_relation,325.766467164,54,formal service-parts authority; support-interface corrected
BRAF,6e93ff2645ed89ddc332,13,single_donor,340.189828669,54,formal service-parts authority; support-interface corrected
BRAF,70609c962b7019dc2955,7,complete_similarity,13629.1923608,54,formal service-parts authority; support-interface corrected
BRAF,70609c962b7019dc2955,7,component_specific_transfer,7266.36633891,54,formal service-parts authority; support-interface corrected
BRAF,70609c962b7019dc2955,7,matched_shared_relation,5250.04478937,54,formal service-parts authority; support-interface corrected
BRAF,70609c962b7019dc2955,7,single_donor,4755.47535269,54,formal service-parts authority; support-interface corrected
BRAF,73ac878a4033dcc25d24,175,complete_similarity,12.9053240817,54,formal service-parts authority; support-interface corrected
BRAF,73ac878a4033dcc25d24,175,component_specific_transfer,13.7628333717,54,formal service-parts authority; support-interface corrected
BRAF,73ac878a4033dcc25d24,175,matched_shared_relation,13.7909829327,54,formal service-parts authority; support-interface corrected
BRAF,73ac878a4033dcc25d24,175,single_donor,12.0747804926,54,formal service-parts authority; support-interface corrected
BRAF,74ac3d5d52507848efda,145,complete_similarity,8387.55527969,54,formal service-parts authority; support-interface corrected
BRAF,74ac3d5d52507848efda,145,component_specific_transfer,9227.31010556,54,formal service-parts authority; support-interface corrected
BRAF,74ac3d5d52507848efda,145,matched_shared_relation,8167.02056957,54,formal service-parts authority; support-interface corrected
BRAF,74ac3d5d52507848efda,145,single_donor,8136.00787596,54,formal service-parts authority; support-interface corrected
BRAF,75af3505798b4b10eaaa,61,complete_similarity,287.378868098,54,formal service-parts authority; support-interface corrected
BRAF,75af3505798b4b10eaaa,61,component_specific_transfer,240.636522082,54,formal service-parts authority; support-interface corrected
BRAF,75af3505798b4b10eaaa,61,matched_shared_relation,348.403597619,54,formal service-parts authority; support-interface corrected
BRAF,75af3505798b4b10eaaa,61,single_donor,275.260482094,54,formal service-parts authority; support-interface corrected
BRAF,765ea2b0be5b0b9587b2,5,complete_similarity,216.28037752,54,formal service-parts authority; support-interface corrected
BRAF,765ea2b0be5b0b9587b2,5,component_specific_transfer,135.303364136,54,formal service-parts authority; support-interface corrected
BRAF,765ea2b0be5b0b9587b2,5,matched_shared_relation,272.656779243,54,formal service-parts authority; support-interface corrected
BRAF,765ea2b0be5b0b9587b2,5,single_donor,113.43615377,54,formal service-parts authority; support-interface corrected
BRAF,775a04cb1e4b7378b040,202,complete_similarity,10.5166233681,54,formal service-parts authority; support-interface corrected
BRAF,775a04cb1e4b7378b040,202,component_specific_transfer,7.79374527278,54,formal service-parts authority; support-interface corrected
BRAF,775a04cb1e4b7378b040,202,matched_shared_relation,9.82603834391,54,formal service-parts authority; support-interface corrected
BRAF,775a04cb1e4b7378b040,202,single_donor,9.96415534875,54,formal service-parts authority; support-interface corrected
BRAF,7852f3298b835b80ae4f,103,complete_similarity,717.70331152,54,formal service-parts authority; support-interface corrected
BRAF,7852f3298b835b80ae4f,103,component_specific_transfer,726.227103818,54,formal service-parts authority; support-interface corrected
BRAF,7852f3298b835b80ae4f,103,matched_shared_relation,719.408069979,54,formal service-parts authority; support-interface corrected
BRAF,7852f3298b835b80ae4f,103,single_donor,647.808214673,54,formal service-parts authority; support-interface corrected
BRAF,7b741b8144a3a558ce0e,158,complete_similarity,226.714459535,54,formal service-parts authority; support-interface corrected
BRAF,7b741b8144a3a558ce0e,158,component_specific_transfer,156.956164293,54,formal service-parts authority; support-interface corrected
BRAF,7b741b8144a3a558ce0e,158,matched_shared_relation,179.876747016,54,formal service-parts authority; support-interface corrected
BRAF,7b741b8144a3a558ce0e,158,single_donor,419.297181755,54,formal service-parts authority; support-interface corrected
BRAF,7e88782039aedadadc19,86,complete_similarity,1096.03900161,54,formal service-parts authority; support-interface corrected
BRAF,7e88782039aedadadc19,86,component_specific_transfer,851.778881252,54,formal service-parts authority; support-interface corrected
BRAF,7e88782039aedadadc19,86,matched_shared_relation,1454.60033214,54,formal service-parts authority; support-interface corrected
BRAF,7e88782039aedadadc19,86,single_donor,2491.14007366,54,formal service-parts authority; support-interface corrected
BRAF,7f157a87642f3ec8c23d,210,complete_similarity,4.07543819264,54,formal service-parts authority; support-interface corrected
BRAF,7f157a87642f3ec8c23d,210,component_specific_transfer,3.199973692,54,formal service-parts authority; support-interface corrected
BRAF,7f157a87642f3ec8c23d,210,matched_shared_relation,3.92449603736,54,formal service-parts authority; support-interface corrected
BRAF,7f157a87642f3ec8c23d,210,single_donor,5.88674405604,54,formal service-parts authority; support-interface corrected
BRAF,7f901bf79745c2d11005,149,complete_similarity,262.988786215,54,formal service-parts authority; support-interface corrected
BRAF,7f901bf79745c2d11005,149,component_specific_transfer,153.252458154,54,formal service-parts authority; support-interface corrected
BRAF,7f901bf79745c2d11005,149,matched_shared_relation,133.071064487,54,formal service-parts authority; support-interface corrected
BRAF,7f901bf79745c2d11005,149,single_donor,535.43760071,54,formal service-parts authority; support-interface corrected
BRAF,808292911dcd68aee8f4,241,complete_similarity,84.6748495511,54,formal service-parts authority; support-interface corrected
BRAF,808292911dcd68aee8f4,241,component_specific_transfer,60.185224769,54,formal service-parts authority; support-interface corrected
BRAF,808292911dcd68aee8f4,241,matched_shared_relation,61.3394883094,54,formal service-parts authority; support-interface corrected
BRAF,808292911dcd68aee8f4,241,single_donor,78.672679141,54,formal service-parts authority; support-interface corrected
BRAF,82efd182eaffa03307ce,193,complete_similarity,1167.37906541,54,formal service-parts authority; support-interface corrected
BRAF,82efd182eaffa03307ce,193,component_specific_transfer,708.425794995,54,formal service-parts authority; support-interface corrected
BRAF,82efd182eaffa03307ce,193,matched_shared_relation,1013.12506166,54,formal service-parts authority; support-interface corrected
BRAF,82efd182eaffa03307ce,193,single_donor,1119.76980499,54,formal service-parts authority; support-interface corrected
BRAF,83494b7988ea9b126c73,113,complete_similarity,148.266631589,54,formal service-parts authority; support-interface corrected
BRAF,83494b7988ea9b126c73,113,component_specific_transfer,119.304153376,54,formal service-parts authority; support-interface corrected
BRAF,83494b7988ea9b126c73,113,matched_shared_relation,321.510079253,54,formal service-parts authority; support-interface corrected
BRAF,83494b7988ea9b126c73,113,single_donor,57.6592456181,54,formal service-parts authority; support-interface corrected
BRAF,848d231fc48bfc52efa5,47,complete_similarity,206.054786412,54,formal service-parts authority; support-interface corrected
BRAF,848d231fc48bfc52efa5,47,component_specific_transfer,123.247722714,54,formal service-parts authority; support-interface corrected
BRAF,848d231fc48bfc52efa5,47,matched_shared_relation,175.242855733,54,formal service-parts authority; support-interface corrected
BRAF,848d231fc48bfc52efa5,47,single_donor,115.544740044,54,formal service-parts authority; support-interface corrected
BRAF,863d8bc5409ad7285d75,58,complete_similarity,397.464237561,54,formal service-parts authority; support-interface corrected
BRAF,863d8bc5409ad7285d75,58,component_specific_transfer,225.709329475,54,formal service-parts authority; support-interface corrected
BRAF,863d8bc5409ad7285d75,58,matched_shared_relation,268.872866586,54,formal service-parts authority; support-interface corrected
BRAF,863d8bc5409ad7285d75,58,single_donor,155.868328455,54,formal service-parts authority; support-interface corrected
BRAF,86fbf50bc61fe96a3848,246,complete_similarity,636.155085665,54,formal service-parts authority; support-interface corrected
BRAF,86fbf50bc61fe96a3848,246,component_specific_transfer,626.715774935,54,formal service-parts authority; support-interface corrected
BRAF,86fbf50bc61fe96a3848,246,matched_shared_relation,703.682462429,54,formal service-parts authority; support-interface corrected
BRAF,86fbf50bc61fe96a3848,246,single_donor,865.875234306,54,formal service-parts authority; support-interface corrected
BRAF,871cf0a12ddbe7f16f9b,232,complete_similarity,588.068367917,54,formal service-parts authority; support-interface corrected
BRAF,871cf0a12ddbe7f16f9b,232,component_specific_transfer,303.280541945,54,formal service-parts authority; support-interface corrected
BRAF,871cf0a12ddbe7f16f9b,232,matched_shared_relation,711.441201618,54,formal service-parts authority; support-interface corrected
BRAF,871cf0a12ddbe7f16f9b,232,single_donor,101.445756191,54,formal service-parts authority; support-interface corrected
BRAF,87e1877ac77773479b60,223,complete_similarity,7268.94472031,54,formal service-parts authority; support-interface corrected
BRAF,87e1877ac77773479b60,223,component_specific_transfer,3996.86408629,54,formal service-parts authority; support-interface corrected
BRAF,87e1877ac77773479b60,223,matched_shared_relation,5509.76158374,54,formal service-parts authority; support-interface corrected
BRAF,87e1877ac77773479b60,223,single_donor,9844.38883225,54,formal service-parts authority; support-interface corrected
BRAF,8977e577c921b35263ce,203,complete_similarity,36.1205564142,54,formal service-parts authority; support-interface corrected
BRAF,8977e577c921b35263ce,203,component_specific_transfer,11.9053569667,54,formal service-parts authority; support-interface corrected
BRAF,8977e577c921b35263ce,203,matched_shared_relation,21.5658193298,54,formal service-parts authority; support-interface corrected
BRAF,8977e577c921b35263ce,203,single_donor,9.16833832089,54,formal service-parts authority; support-interface corrected
BRAF,8a575e97870894103112,75,complete_similarity,1479.53618994,54,formal service-parts authority; support-interface corrected
BRAF,8a575e97870894103112,75,component_specific_transfer,1366.38551087,54,formal service-parts authority; support-interface corrected
BRAF,8a575e97870894103112,75,matched_shared_relation,1478.12621263,54,formal service-parts authority; support-interface corrected
BRAF,8a575e97870894103112,75,single_donor,2116.37594133,54,formal service-parts authority; support-interface corrected
BRAF,8b366f009d08ae7a3096,64,complete_similarity,24.3614061626,54,formal service-parts authority; support-interface corrected
BRAF,8b366f009d08ae7a3096,64,component_specific_transfer,14.9664244138,54,formal service-parts authority; support-interface corrected
BRAF,8b366f009d08ae7a3096,64,matched_shared_relation,16.8235719688,54,formal service-parts authority; support-interface corrected
BRAF,8b366f009d08ae7a3096,64,single_donor,83.0800420928,54,formal service-parts authority; support-interface corrected
BRAF,8e31a23e6bdc95697050,169,complete_similarity,116.433292775,54,formal service-parts authority; support-interface corrected
BRAF,8e31a23e6bdc95697050,169,component_specific_transfer,59.6882501891,54,formal service-parts authority; support-interface corrected
BRAF,8e31a23e6bdc95697050,169,matched_shared_relation,46.0317669111,54,formal service-parts authority; support-interface corrected
BRAF,8e31a23e6bdc95697050,169,single_donor,61.571903055,54,formal service-parts authority; support-interface corrected
BRAF,8e7d33e9cecfa4da9fe0,189,complete_similarity,844.162583446,54,formal service-parts authority; support-interface corrected
BRAF,8e7d33e9cecfa4da9fe0,189,component_specific_transfer,944.107994344,54,formal service-parts authority; support-interface corrected
BRAF,8e7d33e9cecfa4da9fe0,189,matched_shared_relation,998.379427143,54,formal service-parts authority; support-interface corrected
BRAF,8e7d33e9cecfa4da9fe0,189,single_donor,825.355651287,54,formal service-parts authority; support-interface corrected
BRAF,8eb62c01345ceff7c68b,132,complete_similarity,74.1293695945,54,formal service-parts authority; support-interface corrected
BRAF,8eb62c01345ceff7c68b,132,component_specific_transfer,63.829787234,54,formal service-parts authority; support-interface corrected
BRAF,8eb62c01345ceff7c68b,132,matched_shared_relation,67.4208293597,54,formal service-parts authority; support-interface corrected
BRAF,8eb62c01345ceff7c68b,132,single_donor,64.8163372686,54,formal service-parts authority; support-interface corrected
BRAF,8ecf3ed7a59baff96c04,102,complete_similarity,934.074451643,54,formal service-parts authority; support-interface corrected
BRAF,8ecf3ed7a59baff96c04,102,component_specific_transfer,541.99381762,54,formal service-parts authority; support-interface corrected
BRAF,8ecf3ed7a59baff96c04,102,matched_shared_relation,927.15538163,54,formal service-parts authority; support-interface corrected
BRAF,8ecf3ed7a59baff96c04,102,single_donor,2209.48969055,54,formal service-parts authority; support-interface corrected
BRAF,90aa632c7b1b368d6ee0,186,complete_similarity,104.746752606,54,formal service-parts authority; support-interface corrected
BRAF,90aa632c7b1b368d6ee0,186,component_specific_transfer,77.8648426453,54,formal service-parts authority; support-interface corrected
BRAF,90aa632c7b1b368d6ee0,186,matched_shared_relation,148.622973462,54,formal service-parts authority; support-interface corrected
BRAF,90aa632c7b1b368d6ee0,186,single_donor,43.258245914,54,formal service-parts authority; support-interface corrected
BRAF,90df32b75258cb9935cc,120,complete_similarity,1192.85734487,54,formal service-parts authority; support-interface corrected
BRAF,90df32b75258cb9935cc,120,component_specific_transfer,1476.94472031,54,formal service-parts authority; support-interface corrected
BRAF,90df32b75258cb9935cc,120,matched_shared_relation,1137.12358183,54,formal service-parts authority; support-interface corrected
BRAF,90df32b75258cb9935cc,120,single_donor,1693.6871321,54,formal service-parts authority; support-interface corrected
BRAF,92b939beee23a0421e2b,112,complete_similarity,99.5580255845,54,formal service-parts authority; support-interface corrected
BRAF,92b939beee23a0421e2b,112,component_specific_transfer,67.3081982308,54,formal service-parts authority; support-interface corrected
BRAF,92b939beee23a0421e2b,112,matched_shared_relation,143.429412345,54,formal service-parts authority; support-interface corrected
BRAF,92b939beee23a0421e2b,112,single_donor,488.29918774,54,formal service-parts authority; support-interface corrected
BRAF,93bbe2b487fde9e847ed,176,complete_similarity,7111.54848893,54,formal service-parts authority; support-interface corrected
BRAF,93bbe2b487fde9e847ed,176,component_specific_transfer,8838.69354467,54,formal service-parts authority; support-interface corrected
BRAF,93bbe2b487fde9e847ed,176,matched_shared_relation,7980.86540169,54,formal service-parts authority; support-interface corrected
BRAF,93bbe2b487fde9e847ed,176,single_donor,10217.3459173,54,formal service-parts authority; support-interface corrected
BRAF,97b8cec424a602e9cad3,0,complete_similarity,22.3867933835,54,formal service-parts authority; support-interface corrected
BRAF,97b8cec424a602e9cad3,0,component_specific_transfer,24.1769213062,54,formal service-parts authority; support-interface corrected
BRAF,97b8cec424a602e9cad3,0,matched_shared_relation,23.5856489855,54,formal service-parts authority; support-interface corrected
BRAF,97b8cec424a602e9cad3,0,single_donor,24.4093524943,54,formal service-parts authority; support-interface corrected
BRAF,99a0811a4b4b265532f3,10,complete_similarity,1220.48495511,54,formal service-parts authority; support-interface corrected
BRAF,99a0811a4b4b265532f3,10,component_specific_transfer,826.780130882,54,formal service-parts authority; support-interface corrected
BRAF,99a0811a4b4b265532f3,10,matched_shared_relation,1346.63119471,54,formal service-parts authority; support-interface corrected
BRAF,99a0811a4b4b265532f3,10,single_donor,1578.03321385,54,formal service-parts authority; support-interface corrected
BRAF,9ac041372663308880cf,243,complete_similarity,205.840376204,54,formal service-parts authority; support-interface corrected
BRAF,9ac041372663308880cf,243,component_specific_transfer,135.71376895,54,formal service-parts authority; support-interface corrected
BRAF,9ac041372663308880cf,243,matched_shared_relation,190.343648262,54,formal service-parts authority; support-interface corrected
BRAF,9ac041372663308880cf,243,single_donor,133.835377684,54,formal service-parts authority; support-interface corrected
BRAF,9bc8f84acef2ae88628f,65,complete_similarity,94.1505639778,54,formal service-parts authority; support-interface corrected
BRAF,9bc8f84acef2ae88628f,65,component_specific_transfer,70.0277056135,54,formal service-parts authority; support-interface corrected
BRAF,9bc8f84acef2ae88628f,65,matched_shared_relation,114.266171199,54,formal service-parts authority; support-interface corrected
BRAF,9bc8f84acef2ae88628f,65,single_donor,117.202176987,54,formal service-parts authority; support-interface corrected
BRAF,9e69c1f5d8d80687bca9,74,complete_similarity,22165.2029333,54,formal service-parts authority; support-interface corrected
BRAF,9e69c1f5d8d80687bca9,74,component_specific_transfer,22310.6898616,54,formal service-parts authority; support-interface corrected
BRAF,9e69c1f5d8d80687bca9,74,matched_shared_relation,21920.0305173,54,formal service-parts authority; support-interface corrected
BRAF,9e69c1f5d8d80687bca9,74,single_donor,22417.1108553,54,formal service-parts authority; support-interface corrected
BRAF,9ebd07bc29a1008956a3,198,complete_similarity,8295.68088395,54,formal service-parts authority; support-interface corrected
BRAF,9ebd07bc29a1008956a3,198,component_specific_transfer,8330.01361439,54,formal service-parts authority; support-interface corrected
BRAF,9ebd07bc29a1008956a3,198,matched_shared_relation,8063.16735177,54,formal service-parts authority; support-interface corrected
BRAF,9ebd07bc29a1008956a3,198,single_donor,8306.84599954,54,formal service-parts authority; support-interface corrected
BRAF,9f3962a1eee11416dd6a,114,complete_similarity,41.4995560525,54,formal service-parts authority; support-interface corrected
BRAF,9f3962a1eee11416dd6a,114,component_specific_transfer,44.4046170542,54,formal service-parts authority; support-interface corrected
BRAF,9f3962a1eee11416dd6a,114,matched_shared_relation,43.3608471176,54,formal service-parts authority; support-interface corrected
BRAF,9f3962a1eee11416dd6a,114,single_donor,41.7198855602,54,formal service-parts authority; support-interface corrected
BRAF,9f86f29364b4cf2b661e,168,complete_similarity,208.05911079,54,formal service-parts authority; support-interface corrected
BRAF,9f86f29364b4cf2b661e,168,component_specific_transfer,245.243102371,54,formal service-parts authority; support-interface corrected
BRAF,9f86f29364b4cf2b661e,168,matched_shared_relation,235.702472952,54,formal service-parts authority; support-interface corrected
BRAF,9f86f29364b4cf2b661e,168,single_donor,210.994689072,54,formal service-parts authority; support-interface corrected
BRAF,a0dc6bb5e22548dea770,3,complete_similarity,1283.12012891,54,formal service-parts authority; support-interface corrected
BRAF,a0dc6bb5e22548dea770,3,component_specific_transfer,773.271071064,54,formal service-parts authority; support-interface corrected
BRAF,a0dc6bb5e22548dea770,3,matched_shared_relation,1733.48679667,54,formal service-parts authority; support-interface corrected
BRAF,a0dc6bb5e22548dea770,3,single_donor,926.225788418,54,formal service-parts authority; support-interface corrected
BRAF,a15a4da1426659079708,238,complete_similarity,93.9601762636,54,formal service-parts authority; support-interface corrected
BRAF,a15a4da1426659079708,238,component_specific_transfer,62.8501430498,54,formal service-parts authority; support-interface corrected
BRAF,a15a4da1426659079708,238,matched_shared_relation,74.0340030912,54,formal service-parts authority; support-interface corrected
BRAF,a15a4da1426659079708,238,single_donor,113.177513236,54,formal service-parts authority; support-interface corrected
BRAF,a1f895c4eb19870bc82e,108,complete_similarity,18.5083363478,54,formal service-parts authority; support-interface corrected
BRAF,a1f895c4eb19870bc82e,108,component_specific_transfer,14.3985004439,54,formal service-parts authority; support-interface corrected
BRAF,a1f895c4eb19870bc82e,108,matched_shared_relation,16.4956427373,54,formal service-parts authority; support-interface corrected
BRAF,a1f895c4eb19870bc82e,108,single_donor,14.3562761025,54,formal service-parts authority; support-interface corrected
BRAF,a3fa2d8fe903e5ed3e73,82,complete_similarity,905.634351672,54,formal service-parts authority; support-interface corrected
BRAF,a3fa2d8fe903e5ed3e73,82,component_specific_transfer,678.066855207,54,formal service-parts authority; support-interface corrected
BRAF,a3fa2d8fe903e5ed3e73,82,matched_shared_relation,717.680456444,54,formal service-parts authority; support-interface corrected
BRAF,a3fa2d8fe903e5ed3e73,82,single_donor,774.15090927,54,formal service-parts authority; support-interface corrected
BRAF,a45bf1a0b7a9b68d9b2a,213,complete_similarity,1212.16468809,54,formal service-parts authority; support-interface corrected
BRAF,a45bf1a0b7a9b68d9b2a,213,component_specific_transfer,315.637015357,54,formal service-parts authority; support-interface corrected
BRAF,a45bf1a0b7a9b68d9b2a,213,matched_shared_relation,314.155151435,54,formal service-parts authority; support-interface corrected
BRAF,a45bf1a0b7a9b68d9b2a,213,single_donor,6982.54279983,54,formal service-parts authority; support-interface corrected
BRAF,a4dd1d82a1645c31715c,231,complete_similarity,1101.36916702,54,formal service-parts authority; support-interface corrected
BRAF,a4dd1d82a1645c31715c,231,component_specific_transfer,1156.04968924,54,formal service-parts authority; support-interface corrected
BRAF,a4dd1d82a1645c31715c,231,matched_shared_relation,1234.00637969,54,formal service-parts authority; support-interface corrected
BRAF,a4dd1d82a1645c31715c,231,single_donor,1087.32957348,54,formal service-parts authority; support-interface corrected
BRAF,a66b4209bb91ac559acb,94,complete_similarity,113.635765727,54,formal service-parts authority; support-interface corrected
BRAF,a66b4209bb91ac559acb,94,component_specific_transfer,68.7586569766,54,formal service-parts authority; support-interface corrected
BRAF,a66b4209bb91ac559acb,94,matched_shared_relation,68.1814594364,54,formal service-parts authority; support-interface corrected
BRAF,a66b4209bb91ac559acb,94,single_donor,68.9029563616,54,formal service-parts authority; support-interface corrected
BRAF,a8194000e321f033d3d4,215,complete_similarity,34.9209115722,54,formal service-parts authority; support-interface corrected
BRAF,a8194000e321f033d3d4,215,component_specific_transfer,35.6549047979,54,formal service-parts authority; support-interface corrected
BRAF,a8194000e321f033d3d4,215,matched_shared_relation,34.6145877865,54,formal service-parts authority; support-interface corrected
BRAF,a8194000e321f033d3d4,215,single_donor,35.2124371074,54,formal service-parts authority; support-interface corrected
BRAF,a871ae861e8ed1bea112,230,complete_similarity,8515.30796804,54,formal service-parts authority; support-interface corrected
BRAF,a871ae861e8ed1bea112,230,component_specific_transfer,4735.24285573,54,formal service-parts authority; support-interface corrected
BRAF,a871ae861e8ed1bea112,230,matched_shared_relation,8434.01624519,54,formal service-parts authority; support-interface corrected
BRAF,a871ae861e8ed1bea112,230,single_donor,8677.89141373,54,formal service-parts authority; support-interface corrected
BRAF,a9bd39d42c336c206402,163,complete_similarity,2737.86181723,54,formal service-parts authority; support-interface corrected
BRAF,a9bd39d42c336c206402,163,component_specific_transfer,1496.75277056,54,formal service-parts authority; support-interface corrected
BRAF,a9bd39d42c336c206402,163,matched_shared_relation,1066.55661153,54,formal service-parts authority; support-interface corrected
BRAF,a9bd39d42c336c206402,163,single_donor,3712.33171101,54,formal service-parts authority; support-interface corrected
BRAF,a9eb1117fd1d39e444bf,128,complete_similarity,310.281725805,54,formal service-parts authority; support-interface corrected
BRAF,a9eb1117fd1d39e444bf,128,component_specific_transfer,267.913939952,54,formal service-parts authority; support-interface corrected
BRAF,a9eb1117fd1d39e444bf,128,matched_shared_relation,333.542470979,54,formal service-parts authority; support-interface corrected
BRAF,a9eb1117fd1d39e444bf,128,single_donor,361.787661548,54,formal service-parts authority; support-interface corrected
BRAF,aaa8536834549360d1de,184,complete_similarity,6207.2060903,54,formal service-parts authority; support-interface corrected
BRAF,aaa8536834549360d1de,184,component_specific_transfer,6257.0679733,54,formal service-parts authority; support-interface corrected
BRAF,aaa8536834549360d1de,184,matched_shared_relation,6142.58508994,54,formal service-parts authority; support-interface corrected
BRAF,aaa8536834549360d1de,184,single_donor,6363.17406031,54,formal service-parts authority; support-interface corrected
BRAF,accd6109cb81b6659708,185,complete_similarity,26.8514255648,54,formal service-parts authority; support-interface corrected
BRAF,accd6109cb81b6659708,185,component_specific_transfer,24.6489526127,54,formal service-parts authority; support-interface corrected
BRAF,accd6109cb81b6659708,185,matched_shared_relation,41.971949094,54,formal service-parts authority; support-interface corrected
BRAF,accd6109cb81b6659708,185,single_donor,18.6507284028,54,formal service-parts authority; support-interface corrected
BRAF,acf8a8ffa6831e1b04a6,219,complete_similarity,322.661383143,54,formal service-parts authority; support-interface corrected
BRAF,acf8a8ffa6831e1b04a6,219,component_specific_transfer,346.363247723,54,formal service-parts authority; support-interface corrected
BRAF,acf8a8ffa6831e1b04a6,219,matched_shared_relation,328.421191095,54,formal service-parts authority; support-interface corrected
BRAF,acf8a8ffa6831e1b04a6,219,single_donor,358.188694137,54,formal service-parts authority; support-interface corrected
BRAF,ad7361a8ddf03758222e,191,complete_similarity,535.378341938,54,formal service-parts authority; support-interface corrected
BRAF,ad7361a8ddf03758222e,191,component_specific_transfer,369.527442533,54,formal service-parts authority; support-interface corrected
BRAF,ad7361a8ddf03758222e,191,matched_shared_relation,631.397283699,54,formal service-parts authority; support-interface corrected
BRAF,ad7361a8ddf03758222e,191,single_donor,576.113650564,54,formal service-parts authority; support-interface corrected
BRAF,adaf77c7bd452c8aa090,195,complete_similarity,27.4491104607,54,formal service-parts authority; support-interface corrected
BRAF,adaf77c7bd452c8aa090,195,component_specific_transfer,31.1499884902,54,formal service-parts authority; support-interface corrected
BRAF,adaf77c7bd452c8aa090,195,matched_shared_relation,31.1907658917,54,formal service-parts authority; support-interface corrected
BRAF,adaf77c7bd452c8aa090,195,single_donor,23.7784866322,54,formal service-parts authority; support-interface corrected
BRAF,ae7e69f19536def25fb7,239,complete_similarity,516.522871518,54,formal service-parts authority; support-interface corrected
BRAF,ae7e69f19536def25fb7,239,component_specific_transfer,310.435463185,54,formal service-parts authority; support-interface corrected
BRAF,ae7e69f19536def25fb7,239,matched_shared_relation,519.13157289,54,formal service-parts authority; support-interface corrected
BRAF,ae7e69f19536def25fb7,239,single_donor,357.392087869,54,formal service-parts authority; support-interface corrected
BRAF,af94b421597984ee22b6,80,complete_similarity,3825.99460686,54,formal service-parts authority; support-interface corrected
BRAF,af94b421597984ee22b6,80,component_specific_transfer,2544.73129666,54,formal service-parts authority; support-interface corrected
BRAF,af94b421597984ee22b6,80,matched_shared_relation,4520.01223322,54,formal service-parts authority; support-interface corrected
BRAF,af94b421597984ee22b6,80,single_donor,2206.62014535,54,formal service-parts authority; support-interface corrected
BRAF,afb22dcb5d82486ef713,179,complete_similarity,87.4780492617,54,formal service-parts authority; support-interface corrected
BRAF,afb22dcb5d82486ef713,179,component_specific_transfer,43.6430004275,54,formal service-parts authority; support-interface corrected
BRAF,afb22dcb5d82486ef713,179,matched_shared_relation,50.172646256,54,formal service-parts authority; support-interface corrected
BRAF,afb22dcb5d82486ef713,179,single_donor,29.3834062284,54,formal service-parts authority; support-interface corrected
BRAF,b0fa4f29220cc2c1d129,116,complete_similarity,2807.74869282,54,formal service-parts authority; support-interface corrected
BRAF,b0fa4f29220cc2c1d129,116,component_specific_transfer,2903.94948864,54,formal service-parts authority; support-interface corrected
BRAF,b0fa4f29220cc2c1d129,116,matched_shared_relation,2918.28997994,54,formal service-parts authority; support-interface corrected
BRAF,b0fa4f29220cc2c1d129,116,single_donor,2944.58088066,54,formal service-parts authority; support-interface corrected
BRAF,b1ac0ee92f2e7c6c71b8,162,complete_similarity,8647.93975468,54,formal service-parts authority; support-interface corrected
BRAF,b1ac0ee92f2e7c6c71b8,162,component_specific_transfer,9560.16968661,54,formal service-parts authority; support-interface corrected
BRAF,b1ac0ee92f2e7c6c71b8,162,matched_shared_relation,8429.00457102,54,formal service-parts authority; support-interface corrected
BRAF,b1ac0ee92f2e7c6c71b8,162,single_donor,9779.10487027,54,formal service-parts authority; support-interface corrected
BRAF,b203586a2881ceae94c9,227,complete_similarity,160.328060771,54,formal service-parts authority; support-interface corrected
BRAF,b203586a2881ceae94c9,227,component_specific_transfer,135.470567924,54,formal service-parts authority; support-interface corrected
BRAF,b203586a2881ceae94c9,227,matched_shared_relation,255.771975402,54,formal service-parts authority; support-interface corrected
BRAF,b203586a2881ceae94c9,227,single_donor,122.792692953,54,formal service-parts authority; support-interface corrected
BRAF,b28f85f1ace9493597a6,222,complete_similarity,309.112762669,54,formal service-parts authority; support-interface corrected
BRAF,b28f85f1ace9493597a6,222,component_specific_transfer,186.160347266,54,formal service-parts authority; support-interface corrected
BRAF,b28f85f1ace9493597a6,222,matched_shared_relation,466.699661284,54,formal service-parts authority; support-interface corrected
BRAF,b28f85f1ace9493597a6,222,single_donor,251.965865369,54,formal service-parts authority; support-interface corrected
BRAF,b55eb682b20c225d0365,91,complete_similarity,3434.55292841,54,formal service-parts authority; support-interface corrected
BRAF,b55eb682b20c225d0365,91,component_specific_transfer,4227.76151797,54,formal service-parts authority; support-interface corrected
BRAF,b55eb682b20c225d0365,91,matched_shared_relation,4167.36492486,54,formal service-parts authority; support-interface corrected
BRAF,b55eb682b20c225d0365,91,single_donor,3631.84846591,54,formal service-parts authority; support-interface corrected
BRAF,b666648094649bcd37c3,83,complete_similarity,209.125916669,54,formal service-parts authority; support-interface corrected
BRAF,b666648094649bcd37c3,83,component_specific_transfer,198.897365911,54,formal service-parts authority; support-interface corrected
BRAF,b666648094649bcd37c3,83,matched_shared_relation,206.928376467,54,formal service-parts authority; support-interface corrected
BRAF,b666648094649bcd37c3,83,single_donor,301.102962939,54,formal service-parts authority; support-interface corrected
BRAF,b6dda513537c69d3f226,100,complete_similarity,74.4358578053,54,formal service-parts authority; support-interface corrected
BRAF,b6dda513537c69d3f226,100,component_specific_transfer,52.6738794436,54,formal service-parts authority; support-interface corrected
BRAF,b6dda513537c69d3f226,100,matched_shared_relation,84.8222565688,54,formal service-parts authority; support-interface corrected
BRAF,b6dda513537c69d3f226,100,single_donor,80.8655332303,54,formal service-parts authority; support-interface corrected
BRAF,b95d03f52ee7ef21c9ab,139,complete_similarity,82.1335788747,54,formal service-parts authority; support-interface corrected
BRAF,b95d03f52ee7ef21c9ab,139,component_specific_transfer,53.3868262685,54,formal service-parts authority; support-interface corrected
BRAF,b95d03f52ee7ef21c9ab,139,matched_shared_relation,65.1201946792,54,formal service-parts authority; support-interface corrected
BRAF,b95d03f52ee7ef21c9ab,139,single_donor,105.013647275,54,formal service-parts authority; support-interface corrected
BRAF,ba34682f6e8263c8361a,26,complete_similarity,137.209378802,54,formal service-parts authority; support-interface corrected
BRAF,ba34682f6e8263c8361a,26,component_specific_transfer,149.955605248,54,formal service-parts authority; support-interface corrected
BRAF,ba34682f6e8263c8361a,26,matched_shared_relation,149.955605248,54,formal service-parts authority; support-interface corrected
BRAF,ba34682f6e8263c8361a,26,single_donor,165.7009438,54,formal service-parts authority; support-interface corrected
BRAF,ba8d39a3a233cf547785,121,complete_similarity,7092.36344503,54,formal service-parts authority; support-interface corrected
BRAF,ba8d39a3a233cf547785,121,component_specific_transfer,5463.74665395,54,formal service-parts authority; support-interface corrected
BRAF,ba8d39a3a233cf547785,121,matched_shared_relation,6041.64293466,54,formal service-parts authority; support-interface corrected
BRAF,ba8d39a3a233cf547785,121,single_donor,7722.79575126,54,formal service-parts authority; support-interface corrected
BRAF,bd56c32e4fefb82baade,214,complete_similarity,725.00493275,54,formal service-parts authority; support-interface corrected
BRAF,bd56c32e4fefb82baade,214,component_specific_transfer,771.418494525,54,formal service-parts authority; support-interface corrected
BRAF,bd56c32e4fefb82baade,214,matched_shared_relation,728.769607682,54,formal service-parts authority; support-interface corrected
BRAF,bd56c32e4fefb82baade,214,single_donor,804.481403532,54,formal service-parts authority; support-interface corrected
BRAF,bdc01dd6b85aff68f72e,55,complete_similarity,84.513795258,54,formal service-parts authority; support-interface corrected
BRAF,bdc01dd6b85aff68f72e,55,component_specific_transfer,77.5750600151,54,formal service-parts authority; support-interface corrected
BRAF,bdc01dd6b85aff68f72e,55,matched_shared_relation,218.917096912,54,formal service-parts authority; support-interface corrected
BRAF,bdc01dd6b85aff68f72e,55,single_donor,76.1873129666,54,formal service-parts authority; support-interface corrected
BRAF,beb9cb31b880b2c6cb72,130,complete_similarity,333.269097964,54,formal service-parts authority; support-interface corrected
BRAF,beb9cb31b880b2c6cb72,130,component_specific_transfer,281.467986451,54,formal service-parts authority; support-interface corrected
BRAF,beb9cb31b880b2c6cb72,130,matched_shared_relation,326.392844224,54,formal service-parts authority; support-interface corrected
BRAF,beb9cb31b880b2c6cb72,130,single_donor,397.905883127,54,formal service-parts authority; support-interface corrected
BRAF,bf5ff259fb225c47bb25,93,complete_similarity,213.943240488,54,formal service-parts authority; support-interface corrected
BRAF,bf5ff259fb225c47bb25,93,component_specific_transfer,139.776250452,54,formal service-parts authority; support-interface corrected
BRAF,bf5ff259fb225c47bb25,93,matched_shared_relation,161.170574501,54,formal service-parts authority; support-interface corrected
BRAF,bf5ff259fb225c47bb25,93,single_donor,111.250485054,54,formal service-parts authority; support-interface corrected
BRAF,c06fa515fa105753e86a,126,complete_similarity,513.163076721,54,formal service-parts authority; support-interface corrected
BRAF,c06fa515fa105753e86a,126,component_specific_transfer,337.535071854,54,formal service-parts authority; support-interface corrected
BRAF,c06fa515fa105753e86a,126,matched_shared_relation,543.349140057,54,formal service-parts authority; support-interface corrected
BRAF,c06fa515fa105753e86a,126,single_donor,436.325824591,54,formal service-parts authority; support-interface corrected
BRAF,c0e69bc404f3af264fd7,79,complete_similarity,31.1427702325,54,formal service-parts authority; support-interface corrected
BRAF,c0e69bc404f3af264fd7,79,component_specific_transfer,28.7943865303,54,formal service-parts authority; support-interface corrected
BRAF,c0e69bc404f3af264fd7,79,matched_shared_relation,31.4274228025,54,formal service-parts authority; support-interface corrected
BRAF,c0e69bc404f3af264fd7,79,single_donor,32.5304515111,54,formal service-parts authority; support-interface corrected
BRAF,c172d90a384a2e798c78,138,complete_similarity,64.2441382485,54,formal service-parts authority; support-interface corrected
BRAF,c172d90a384a2e798c78,138,component_specific_transfer,44.1678450459,54,formal service-parts authority; support-interface corrected
BRAF,c172d90a384a2e798c78,138,matched_shared_relation,63.7087704298,54,formal service-parts authority; support-interface corrected
BRAF,c172d90a384a2e798c78,138,single_donor,145.084678878,54,formal service-parts authority; support-interface corrected
BRAF,c2b3d01eca1e3b30f4e4,172,complete_similarity,1342.83846887,54,formal service-parts authority; support-interface corrected
BRAF,c2b3d01eca1e3b30f4e4,172,component_specific_transfer,1014.11161169,54,formal service-parts authority; support-interface corrected
BRAF,c2b3d01eca1e3b30f4e4,172,matched_shared_relation,1360.02680128,54,formal service-parts authority; support-interface corrected
BRAF,c2b3d01eca1e3b30f4e4,172,single_donor,1574.8809563,54,formal service-parts authority; support-interface corrected
BRAF,c3807828051d57d51266,42,complete_similarity,109.966457299,54,formal service-parts authority; support-interface corrected
BRAF,c3807828051d57d51266,42,component_specific_transfer,120.429938505,54,formal service-parts authority; support-interface corrected
BRAF,c3807828051d57d51266,42,matched_shared_relation,112.767864777,54,formal service-parts authority; support-interface corrected
BRAF,c3807828051d57d51266,42,single_donor,101.576506955,54,formal service-parts authority; support-interface corrected
BRAF,c5387e218e1c75ad4584,29,complete_similarity,90.5193857082,54,formal service-parts authority; support-interface corrected
BRAF,c5387e218e1c75ad4584,29,component_specific_transfer,68.715446085,54,formal service-parts authority; support-interface corrected
BRAF,c5387e218e1c75ad4584,29,matched_shared_relation,182.029859581,54,formal service-parts authority; support-interface corrected
BRAF,c5387e218e1c75ad4584,29,single_donor,32.7059094347,54,formal service-parts authority; support-interface corrected
BRAF,c54e32e8c6b3cd8c64c3,153,complete_similarity,103.106054129,54,formal service-parts authority; support-interface corrected
BRAF,c54e32e8c6b3cd8c64c3,153,component_specific_transfer,70.1852740965,54,formal service-parts authority; support-interface corrected
BRAF,c54e32e8c6b3cd8c64c3,153,matched_shared_relation,77.9582360485,54,formal service-parts authority; support-interface corrected
BRAF,c54e32e8c6b3cd8c64c3,153,single_donor,87.1028971686,54,formal service-parts authority; support-interface corrected
BRAF,c62aa06936b7f1e7c4f5,89,complete_similarity,2900.24030715,54,formal service-parts authority; support-interface corrected
BRAF,c62aa06936b7f1e7c4f5,89,component_specific_transfer,2049.22088855,54,formal service-parts authority; support-interface corrected
BRAF,c62aa06936b7f1e7c4f5,89,matched_shared_relation,4111.14355947,54,formal service-parts authority; support-interface corrected
BRAF,c62aa06936b7f1e7c4f5,89,single_donor,2455.6779243,54,formal service-parts authority; support-interface corrected
BRAF,c6976d52779360d81006,155,complete_similarity,663.640698477,54,formal service-parts authority; support-interface corrected
BRAF,c6976d52779360d81006,155,component_specific_transfer,676.28991417,54,formal service-parts authority; support-interface corrected
BRAF,c6976d52779360d81006,155,matched_shared_relation,677.118616199,54,formal service-parts authority; support-interface corrected
BRAF,c6976d52779360d81006,155,single_donor,680.490973067,54,formal service-parts authority; support-interface corrected
BRAF,c69c66e11b2b772043db,131,complete_similarity,489.864316485,54,formal service-parts authority; support-interface corrected
BRAF,c69c66e11b2b772043db,131,component_specific_transfer,409.697984149,54,formal service-parts authority; support-interface corrected
BRAF,c69c66e11b2b772043db,131,matched_shared_relation,439.621822487,54,formal service-parts authority; support-interface corrected
BRAF,c69c66e11b2b772043db,131,single_donor,398.984511164,54,formal service-parts authority; support-interface corrected
BRAF,c6a5b1d83a166fac4772,18,complete_similarity,651.928113387,54,formal service-parts authority; support-interface corrected
BRAF,c6a5b1d83a166fac4772,18,component_specific_transfer,505.102962939,54,formal service-parts authority; support-interface corrected
BRAF,c6a5b1d83a166fac4772,18,matched_shared_relation,514.728337005,54,formal service-parts authority; support-interface corrected
BRAF,c6a5b1d83a166fac4772,18,single_donor,644.136143905,54,formal service-parts authority; support-interface corrected
BRAF,c6b0f18c157edad95728,78,complete_similarity,233.455227071,54,formal service-parts authority; support-interface corrected
BRAF,c6b0f18c157edad95728,78,component_specific_transfer,189.546515834,54,formal service-parts authority; support-interface corrected
BRAF,c6b0f18c157edad95728,78,matched_shared_relation,232.151007925,54,formal service-parts authority; support-interface corrected
BRAF,c6b0f18c157edad95728,78,single_donor,121.72712026,54,formal service-parts authority; support-interface corrected
BRAF,c6e057a299a69b9d6089,218,complete_similarity,129.706830215,54,formal service-parts authority; support-interface corrected
BRAF,c6e057a299a69b9d6089,218,component_specific_transfer,80.9694498339,54,formal service-parts authority; support-interface corrected
BRAF,c6e057a299a69b9d6089,218,matched_shared_relation,105.883126706,54,formal service-parts authority; support-interface corrected
BRAF,c6e057a299a69b9d6089,218,single_donor,42.9760926042,54,formal service-parts authority; support-interface corrected
BRAF,c808e6a08e4c9755d655,134,complete_similarity,976.882764971,54,formal service-parts authority; support-interface corrected
BRAF,c808e6a08e4c9755d655,134,component_specific_transfer,1055.90640929,54,formal service-parts authority; support-interface corrected
BRAF,c808e6a08e4c9755d655,134,matched_shared_relation,1033.3282252,54,formal service-parts authority; support-interface corrected
BRAF,c808e6a08e4c9755d655,134,single_donor,1046.12252951,54,formal service-parts authority; support-interface corrected
BRAF,c951ad0f13f31b043e32,40,complete_similarity,175.259298234,54,formal service-parts authority; support-interface corrected
BRAF,c951ad0f13f31b043e32,40,component_specific_transfer,144.076424743,54,formal service-parts authority; support-interface corrected
BRAF,c951ad0f13f31b043e32,40,matched_shared_relation,201.389391299,54,formal service-parts authority; support-interface corrected
BRAF,c951ad0f13f31b043e32,40,single_donor,168.329770792,54,formal service-parts authority; support-interface corrected
BRAF,c9e67bc69f10989d3a4e,217,complete_similarity,243.925318162,54,formal service-parts authority; support-interface corrected
BRAF,c9e67bc69f10989d3a4e,217,component_specific_transfer,281.716761485,54,formal service-parts authority; support-interface corrected
BRAF,c9e67bc69f10989d3a4e,217,matched_shared_relation,291.108717814,54,formal service-parts authority; support-interface corrected
BRAF,c9e67bc69f10989d3a4e,217,single_donor,419.102075044,54,formal service-parts authority; support-interface corrected
BRAF,ca840fd8ced12af271ff,107,complete_similarity,263.29392614,54,formal service-parts authority; support-interface corrected
BRAF,ca840fd8ced12af271ff,107,component_specific_transfer,214.614752212,54,formal service-parts authority; support-interface corrected
BRAF,ca840fd8ced12af271ff,107,matched_shared_relation,311.973100069,54,formal service-parts authority; support-interface corrected
BRAF,ca840fd8ced12af271ff,107,single_donor,203.244434214,54,formal service-parts authority; support-interface corrected
BRAF,cb6e6805e7c7cb43cde8,200,complete_similarity,139.346246177,54,formal service-parts authority; support-interface corrected
BRAF,cb6e6805e7c7cb43cde8,200,component_specific_transfer,102.85080075,54,formal service-parts authority; support-interface corrected
BRAF,cb6e6805e7c7cb43cde8,200,matched_shared_relation,165.189910882,54,formal service-parts authority; support-interface corrected
BRAF,cb6e6805e7c7cb43cde8,200,single_donor,60.0690585024,54,formal service-parts authority; support-interface corrected
BRAF,cbfc9d8bd06658a8352b,77,complete_similarity,1224.06475057,54,formal service-parts authority; support-interface corrected
BRAF,cbfc9d8bd06658a8352b,77,component_specific_transfer,1131.83695616,54,formal service-parts authority; support-interface corrected
BRAF,cbfc9d8bd06658a8352b,77,matched_shared_relation,1152.02884015,54,formal service-parts authority; support-interface corrected
BRAF,cbfc9d8bd06658a8352b,77,single_donor,1264.99424512,54,formal service-parts authority; support-interface corrected
BRAF,cc2f6e1a787ffba1a7ac,190,complete_similarity,597.140978,54,formal service-parts authority; support-interface corrected
BRAF,cc2f6e1a787ffba1a7ac,190,component_specific_transfer,526.612516031,54,formal service-parts authority; support-interface corrected
BRAF,cc2f6e1a787ffba1a7ac,190,matched_shared_relation,536.016310961,54,formal service-parts authority; support-interface corrected
BRAF,cc2f6e1a787ffba1a7ac,190,single_donor,550.122003354,54,formal service-parts authority; support-interface corrected
BRAF,cd25ffb0cbbd42abca05,197,complete_similarity,3297.76053142,54,formal service-parts authority; support-interface corrected
BRAF,cd25ffb0cbbd42abca05,197,component_specific_transfer,3493.07113026,54,formal service-parts authority; support-interface corrected
BRAF,cd25ffb0cbbd42abca05,197,matched_shared_relation,3478.33864974,54,formal service-parts authority; support-interface corrected
BRAF,cd25ffb0cbbd42abca05,197,single_donor,3286.60593903,54,formal service-parts authority; support-interface corrected
BRAF,d1e24ea25612da632d79,14,complete_similarity,118.454898221,54,formal service-parts authority; support-interface corrected
BRAF,d1e24ea25612da632d79,14,component_specific_transfer,59.5938044658,54,formal service-parts authority; support-interface corrected
BRAF,d1e24ea25612da632d79,14,matched_shared_relation,41.5202736032,54,formal service-parts authority; support-interface corrected
BRAF,d1e24ea25612da632d79,14,single_donor,52.2666973593,54,formal service-parts authority; support-interface corrected
BRAF,d439cf11a74fdc3bab5b,216,complete_similarity,2818.79680358,54,formal service-parts authority; support-interface corrected
BRAF,d439cf11a74fdc3bab5b,216,component_specific_transfer,1677.85524022,54,formal service-parts authority; support-interface corrected
BRAF,d439cf11a74fdc3bab5b,216,matched_shared_relation,1879.19786905,54,formal service-parts authority; support-interface corrected
BRAF,d439cf11a74fdc3bab5b,216,single_donor,3624.16731889,54,formal service-parts authority; support-interface corrected
BRAF,d439da9c8ee4826cb998,15,complete_similarity,1139.9782959,54,formal service-parts authority; support-interface corrected
BRAF,d439da9c8ee4826cb998,15,component_specific_transfer,1239.36334638,54,formal service-parts authority; support-interface corrected
BRAF,d439da9c8ee4826cb998,15,matched_shared_relation,1246.62435463,54,formal service-parts authority; support-interface corrected
BRAF,d439da9c8ee4826cb998,15,single_donor,1008.14561479,54,formal service-parts authority; support-interface corrected
BRAF,d46c647886dd0ef80fad,225,complete_similarity,154.304317801,54,formal service-parts authority; support-interface corrected
BRAF,d46c647886dd0ef80fad,225,component_specific_transfer,90.8730967806,54,formal service-parts authority; support-interface corrected
BRAF,d46c647886dd0ef80fad,225,matched_shared_relation,326.153441415,54,formal service-parts authority; support-interface corrected
BRAF,d46c647886dd0ef80fad,225,single_donor,246.976881844,54,formal service-parts authority; support-interface corrected
BRAF,d5692e2cacf1741a5124,57,complete_similarity,337.976257029,54,formal service-parts authority; support-interface corrected
BRAF,d5692e2cacf1741a5124,57,component_specific_transfer,215.377026538,54,formal service-parts authority; support-interface corrected
BRAF,d5692e2cacf1741a5124,57,matched_shared_relation,265.079417278,54,formal service-parts authority; support-interface corrected
BRAF,d5692e2cacf1741a5124,57,single_donor,241.884968266,54,formal service-parts authority; support-interface corrected
BRAF,d76d044a29c9469af3e7,60,complete_similarity,61.0924397382,54,formal service-parts authority; support-interface corrected
BRAF,d76d044a29c9469af3e7,60,component_specific_transfer,60.8556677299,54,formal service-parts authority; support-interface corrected
BRAF,d76d044a29c9469af3e7,60,matched_shared_relation,69.0690256174,54,formal service-parts authority; support-interface corrected
BRAF,d76d044a29c9469af3e7,60,single_donor,74.2674865994,54,formal service-parts authority; support-interface corrected
BRAF,d89ff4f5adcee9ed2aeb,101,complete_similarity,15069.0555428,54,formal service-parts authority; support-interface corrected
BRAF,d89ff4f5adcee9ed2aeb,101,component_specific_transfer,6156.65388536,54,formal service-parts authority; support-interface corrected
BRAF,d89ff4f5adcee9ed2aeb,101,matched_shared_relation,7935.44759775,54,formal service-parts authority; support-interface corrected
BRAF,d89ff4f5adcee9ed2aeb,101,single_donor,5898.59054885,54,formal service-parts authority; support-interface corrected
BRAF,d957f8fd039e1a135484,32,complete_similarity,151.247558289,54,formal service-parts authority; support-interface corrected
BRAF,d957f8fd039e1a135484,32,component_specific_transfer,124.075109343,54,formal service-parts authority; support-interface corrected
BRAF,d957f8fd039e1a135484,32,matched_shared_relation,173.084777533,54,formal service-parts authority; support-interface corrected
BRAF,d957f8fd039e1a135484,32,single_donor,118.243579204,54,formal service-parts authority; support-interface corrected
BRAF,d95892cf35f23c82dfab,206,complete_similarity,1726.29859581,54,formal service-parts authority; support-interface corrected
BRAF,d95892cf35f23c82dfab,206,component_specific_transfer,1416.4501299,54,formal service-parts authority; support-interface corrected
BRAF,d95892cf35f23c82dfab,206,matched_shared_relation,1416.4501299,54,formal service-parts authority; support-interface corrected
BRAF,d95892cf35f23c82dfab,206,single_donor,3452.59719162,54,formal service-parts authority; support-interface corrected
BRAF,d99b9e6fc0366697d20b,22,complete_similarity,41.2414087934,54,formal service-parts authority; support-interface corrected
BRAF,d99b9e6fc0366697d20b,22,component_specific_transfer,32.7768094972,54,formal service-parts authority; support-interface corrected
BRAF,d99b9e6fc0366697d20b,22,matched_shared_relation,45.0034529251,54,formal service-parts authority; support-interface corrected
BRAF,d99b9e6fc0366697d20b,22,single_donor,49.800059193,54,formal service-parts authority; support-interface corrected
BRAF,d9e356eae830afed6534,124,complete_similarity,79.7675030419,54,formal service-parts authority; support-interface corrected
BRAF,d9e356eae830afed6534,124,component_specific_transfer,57.4122792594,54,formal service-parts authority; support-interface corrected
BRAF,d9e356eae830afed6534,124,matched_shared_relation,130.236114308,54,formal service-parts authority; support-interface corrected
BRAF,d9e356eae830afed6534,124,single_donor,88.3200697162,54,formal service-parts authority; support-interface corrected
BRAF,da08f6eff144fa245849,105,complete_similarity,106.046236312,54,formal service-parts authority; support-interface corrected
BRAF,da08f6eff144fa245849,105,component_specific_transfer,108.752014206,54,formal service-parts authority; support-interface corrected
BRAF,da08f6eff144fa245849,105,matched_shared_relation,108.202176987,54,formal service-parts authority; support-interface corrected
BRAF,da08f6eff144fa245849,105,single_donor,104.772929067,54,formal service-parts authority; support-interface corrected
BRAF,da62f5f326bd9b1d295c,56,complete_similarity,2688.51466671,54,formal service-parts authority; support-interface corrected
BRAF,da62f5f326bd9b1d295c,56,component_specific_transfer,1772.38383373,54,formal service-parts authority; support-interface corrected
BRAF,da62f5f326bd9b1d295c,56,matched_shared_relation,1772.38383373,54,formal service-parts authority; support-interface corrected
BRAF,da62f5f326bd9b1d295c,56,single_donor,2490.91782038,54,formal service-parts authority; support-interface corrected
BRAF,da832687a9e45eeacd4f,51,complete_similarity,429.401164129,54,formal service-parts authority; support-interface corrected
BRAF,da832687a9e45eeacd4f,51,component_specific_transfer,247.13736065,54,formal service-parts authority; support-interface corrected
BRAF,da832687a9e45eeacd4f,51,matched_shared_relation,466.471768227,54,formal service-parts authority; support-interface corrected
BRAF,da832687a9e45eeacd4f,51,single_donor,814.670656713,54,formal service-parts authority; support-interface corrected
BRAF,dc0ea1ff6cbc83e538b4,90,complete_similarity,162.416389885,54,formal service-parts authority; support-interface corrected
BRAF,dc0ea1ff6cbc83e538b4,90,component_specific_transfer,100.29399191,54,formal service-parts authority; support-interface corrected
BRAF,dc0ea1ff6cbc83e538b4,90,matched_shared_relation,185.618731297,54,formal service-parts authority; support-interface corrected
BRAF,dc0ea1ff6cbc83e538b4,90,single_donor,220.796474728,54,formal service-parts authority; support-interface corrected
BRAF,dda5068fd77dddb6d8fc,234,complete_similarity,157.265941004,54,formal service-parts authority; support-interface corrected
BRAF,dda5068fd77dddb6d8fc,234,component_specific_transfer,87.3239830313,54,formal service-parts authority; support-interface corrected
BRAF,dda5068fd77dddb6d8fc,234,matched_shared_relation,145.264066559,54,formal service-parts authority; support-interface corrected
BRAF,dda5068fd77dddb6d8fc,234,single_donor,50.7665493768,54,formal service-parts authority; support-interface corrected
BRAF,ddd209361f67284756c7,221,complete_similarity,1.8513597948,54,formal service-parts authority; support-interface corrected
BRAF,ddd209361f67284756c7,221,component_specific_transfer,0.973067184057,54,formal service-parts authority; support-interface corrected
BRAF,ddd209361f67284756c7,221,matched_shared_relation,1.39412673879,54,formal service-parts authority; support-interface corrected
BRAF,ddd209361f67284756c7,221,single_donor,3.78447170246,54,formal service-parts authority; support-interface corrected
BRAF,ddfff02cd8754e0ab04e,194,complete_similarity,279.742181591,54,formal service-parts authority; support-interface corrected
BRAF,ddfff02cd8754e0ab04e,194,component_specific_transfer,217.825561511,54,formal service-parts authority; support-interface corrected
BRAF,ddfff02cd8754e0ab04e,194,matched_shared_relation,233.644315828,54,formal service-parts authority; support-interface corrected
BRAF,ddfff02cd8754e0ab04e,194,single_donor,495.026225788,54,formal service-parts authority; support-interface corrected
BRAF,defc415d65f263e3a0e9,146,complete_similarity,38103.3509816,54,formal service-parts authority; support-interface corrected
BRAF,defc415d65f263e3a0e9,146,component_specific_transfer,47979.6376073,54,formal service-parts authority; support-interface corrected
BRAF,defc415d65f263e3a0e9,146,matched_shared_relation,42627.327436,54,formal service-parts authority; support-interface corrected
BRAF,defc415d65f263e3a0e9,146,single_donor,50464.6387583,54,formal service-parts authority; support-interface corrected
BRAF,e062ddf0704bb7911e4e,43,complete_similarity,5575.98079516,54,formal service-parts authority; support-interface corrected
BRAF,e062ddf0704bb7911e4e,43,component_specific_transfer,4290.30879016,54,formal service-parts authority; support-interface corrected
BRAF,e062ddf0704bb7911e4e,43,matched_shared_relation,6201.05889704,54,formal service-parts authority; support-interface corrected
BRAF,e062ddf0704bb7911e4e,43,single_donor,3214.1800125,54,formal service-parts authority; support-interface corrected
BRAF,e1833d1b02c487ac071d,156,complete_similarity,122.364760433,54,formal service-parts authority; support-interface corrected
BRAF,e1833d1b02c487ac071d,156,component_specific_transfer,107.573415765,54,formal service-parts authority; support-interface corrected
BRAF,e1833d1b02c487ac071d,156,matched_shared_relation,127.743431221,54,formal service-parts authority; support-interface corrected
BRAF,e1833d1b02c487ac071d,156,single_donor,82.4729520866,54,formal service-parts authority; support-interface corrected
BRAF,e34ef642f90d72424ac7,123,complete_similarity,160.628432372,54,formal service-parts authority; support-interface corrected
BRAF,e34ef642f90d72424ac7,123,component_specific_transfer,74.3776513532,54,formal service-parts authority; support-interface corrected
BRAF,e34ef642f90d72424ac7,123,matched_shared_relation,97.8509651748,54,formal service-parts authority; support-interface corrected
BRAF,e34ef642f90d72424ac7,123,single_donor,248.789831958,54,formal service-parts authority; support-interface corrected
BRAF,e4013445e43bea5a37f6,173,complete_similarity,1070.01407478,54,formal service-parts authority; support-interface corrected
BRAF,e4013445e43bea5a37f6,173,component_specific_transfer,1115.50198954,54,formal service-parts authority; support-interface corrected
BRAF,e4013445e43bea5a37f6,173,matched_shared_relation,990.693939294,54,formal service-parts authority; support-interface corrected
BRAF,e4013445e43bea5a37f6,173,single_donor,974.56555625,54,formal service-parts authority; support-interface corrected
BRAF,e43296ab6b4e25bebe49,237,complete_similarity,111.531290079,54,formal service-parts authority; support-interface corrected
BRAF,e43296ab6b4e25bebe49,237,component_specific_transfer,121.313788681,54,formal service-parts authority; support-interface corrected
BRAF,e43296ab6b4e25bebe49,237,matched_shared_relation,116.190108192,54,formal service-parts authority; support-interface corrected
BRAF,e43296ab6b4e25bebe49,237,single_donor,105.85915354,54,formal service-parts authority; support-interface corrected
BRAF,e43e7b0bd41ff52e32f8,1,complete_similarity,679.298891775,54,formal service-parts authority; support-interface corrected
BRAF,e43e7b0bd41ff52e32f8,1,component_specific_transfer,717.43496991,54,formal service-parts authority; support-interface corrected
BRAF,e43e7b0bd41ff52e32f8,1,matched_shared_relation,684.065901542,54,formal service-parts authority; support-interface corrected
BRAF,e43e7b0bd41ff52e32f8,1,single_donor,644.738070966,54,formal service-parts authority; support-interface corrected
BRAF,e51584d131ae00cbdd09,46,complete_similarity,13620.4536486,54,formal service-parts authority; support-interface corrected
BRAF,e51584d131ae00cbdd09,46,component_specific_transfer,14032.4410536,54,formal service-parts authority; support-interface corrected
BRAF,e51584d131ae00cbdd09,46,matched_shared_relation,13536.5968957,54,formal service-parts authority; support-interface corrected
BRAF,e51584d131ae00cbdd09,46,single_donor,11878.1651814,54,formal service-parts authority; support-interface corrected
BRAF,e5a4621d3100693a0b96,2,complete_similarity,0.957611233516,54,formal service-parts authority; support-interface corrected
BRAF,e5a4621d3100693a0b96,2,component_specific_transfer,0.290045710152,54,formal service-parts authority; support-interface corrected
BRAF,e5a4621d3100693a0b96,2,matched_shared_relation,0.388043013582,54,formal service-parts authority; support-interface corrected
BRAF,e5a4621d3100693a0b96,2,single_donor,2.56766088987,54,formal service-parts authority; support-interface corrected
BRAF,e636915e37a8a6d72c6c,152,complete_similarity,1453.39833602,54,formal service-parts authority; support-interface corrected
BRAF,e636915e37a8a6d72c6c,152,component_specific_transfer,1401.63346378,54,formal service-parts authority; support-interface corrected
BRAF,e636915e37a8a6d72c6c,152,matched_shared_relation,1413.57920353,54,formal service-parts authority; support-interface corrected
BRAF,e636915e37a8a6d72c6c,152,single_donor,1337.92285179,54,formal service-parts authority; support-interface corrected
BRAF,e7ec781b652a1fc5c034,81,complete_similarity,1761.27593804,54,formal service-parts authority; support-interface corrected
BRAF,e7ec781b652a1fc5c034,81,component_specific_transfer,1499.8993719,54,formal service-parts authority; support-interface corrected
BRAF,e7ec781b652a1fc5c034,81,matched_shared_relation,1560.21704101,54,formal service-parts authority; support-interface corrected
BRAF,e7ec781b652a1fc5c034,81,single_donor,1966.35601302,54,formal service-parts authority; support-interface corrected
BRAF,e7f667d790f85698f439,97,complete_similarity,360.540629419,54,formal service-parts authority; support-interface corrected
BRAF,e7f667d790f85698f439,97,component_specific_transfer,386.156729915,54,formal service-parts authority; support-interface corrected
BRAF,e7f667d790f85698f439,97,matched_shared_relation,353.478246572,54,formal service-parts authority; support-interface corrected
BRAF,e7f667d790f85698f439,97,single_donor,391.4235917,54,formal service-parts authority; support-interface corrected
BRAF,e92e1e0deccc379eab46,72,complete_similarity,660.830921767,54,formal service-parts authority; support-interface corrected
BRAF,e92e1e0deccc379eab46,72,component_specific_transfer,628.193709099,54,formal service-parts authority; support-interface corrected
BRAF,e92e1e0deccc379eab46,72,matched_shared_relation,608.437058108,54,formal service-parts authority; support-interface corrected
BRAF,e92e1e0deccc379eab46,72,single_donor,686.398352461,54,formal service-parts authority; support-interface corrected
BRAF,e97410e02c146f5317f8,33,complete_similarity,2729.88260055,54,formal service-parts authority; support-interface corrected
BRAF,e97410e02c146f5317f8,33,component_specific_transfer,591.584728205,54,formal service-parts authority; support-interface corrected
BRAF,e97410e02c146f5317f8,33,matched_shared_relation,499.046334967,54,formal service-parts authority; support-interface corrected
BRAF,e97410e02c146f5317f8,33,single_donor,15731.5268506,54,formal service-parts authority; support-interface corrected
BRAF,ea8920b4a67e83ea0c99,148,complete_similarity,256.398434674,54,formal service-parts authority; support-interface corrected
BRAF,ea8920b4a67e83ea0c99,148,component_specific_transfer,171.791246013,54,formal service-parts authority; support-interface corrected
BRAF,ea8920b4a67e83ea0c99,148,matched_shared_relation,149.458384031,54,formal service-parts authority; support-interface corrected
BRAF,ea8920b4a67e83ea0c99,148,single_donor,223.758097932,54,formal service-parts authority; support-interface corrected
BRAF,ea9a9ba36d09368a33f7,248,complete_similarity,393.873195436,54,formal service-parts authority; support-interface corrected
BRAF,ea9a9ba36d09368a33f7,248,component_specific_transfer,357.052188497,54,formal service-parts authority; support-interface corrected
BRAF,ea9a9ba36d09368a33f7,248,matched_shared_relation,358.253806439,54,formal service-parts authority; support-interface corrected
BRAF,ea9a9ba36d09368a33f7,248,single_donor,463.910355487,54,formal service-parts authority; support-interface corrected
BRAF,ec16d17fed6ce08c2892,170,complete_similarity,1582.5808971,54,formal service-parts authority; support-interface corrected
BRAF,ec16d17fed6ce08c2892,170,component_specific_transfer,685.475352692,54,formal service-parts authority; support-interface corrected
BRAF,ec16d17fed6ce08c2892,170,matched_shared_relation,1148.99708968,54,formal service-parts authority; support-interface corrected
BRAF,ec16d17fed6ce08c2892,170,single_donor,2112.1725476,54,formal service-parts authority; support-interface corrected
BRAF,eeb11131cc064ac94de2,87,complete_similarity,172.898812851,54,formal service-parts authority; support-interface corrected
BRAF,eeb11131cc064ac94de2,87,component_specific_transfer,129.674109639,54,formal service-parts authority; support-interface corrected
BRAF,eeb11131cc064ac94de2,87,matched_shared_relation,138.015719031,54,formal service-parts authority; support-interface corrected
BRAF,eeb11131cc064ac94de2,87,single_donor,143.324015916,54,formal service-parts authority; support-interface corrected
BRAF,ef94faa1132f84e5fa6c,133,complete_similarity,26.6447433326,54,formal service-parts authority; support-interface corrected
BRAF,ef94faa1132f84e5fa6c,133,component_specific_transfer,25.9786247493,54,formal service-parts authority; support-interface corrected
BRAF,ef94faa1132f84e5fa6c,133,matched_shared_relation,27.9769804992,54,formal service-parts authority; support-interface corrected
BRAF,ef94faa1132f84e5fa6c,133,single_donor,24.8129172285,54,formal service-parts authority; support-interface corrected
BRAF,efde983aaf905c35fb04,119,complete_similarity,69.0146009405,54,formal service-parts authority; support-interface corrected
BRAF,efde983aaf905c35fb04,119,component_specific_transfer,79.3753494031,54,formal service-parts authority; support-interface corrected
BRAF,efde983aaf905c35fb04,119,matched_shared_relation,74.570850735,54,formal service-parts authority; support-interface corrected
BRAF,efde983aaf905c35fb04,119,single_donor,64.0088460653,54,formal service-parts authority; support-interface corrected
BRAF,f29f5450942563edfee7,180,complete_similarity,1081.12894209,54,formal service-parts authority; support-interface corrected
BRAF,f29f5450942563edfee7,180,component_specific_transfer,657.030813246,54,formal service-parts authority; support-interface corrected
BRAF,f29f5450942563edfee7,180,matched_shared_relation,939.762899142,54,formal service-parts authority; support-interface corrected
BRAF,f29f5450942563edfee7,180,single_donor,1479.52415403,54,formal service-parts authority; support-interface corrected
BRAF,f2a94c86b7bbf37e7b8f,154,complete_similarity,3457.394768,54,formal service-parts authority; support-interface corrected
BRAF,f2a94c86b7bbf37e7b8f,154,component_specific_transfer,1387.37630307,54,formal service-parts authority; support-interface corrected
BRAF,f2a94c86b7bbf37e7b8f,154,matched_shared_relation,1802.70551481,54,formal service-parts authority; support-interface corrected
BRAF,f2a94c86b7bbf37e7b8f,154,single_donor,1334.35555263,54,formal service-parts authority; support-interface corrected
BRAF,f3afe7ab45df557dd95d,207,complete_similarity,2545.52928409,54,formal service-parts authority; support-interface corrected
BRAF,f3afe7ab45df557dd95d,207,component_specific_transfer,946.921963892,54,formal service-parts authority; support-interface corrected
BRAF,f3afe7ab45df557dd95d,207,matched_shared_relation,1145.11493308,54,formal service-parts authority; support-interface corrected
BRAF,f3afe7ab45df557dd95d,207,single_donor,9902.18356408,54,formal service-parts authority; support-interface corrected
BRAF,f3bdf416b4ffee6376c4,205,complete_similarity,646.708852642,54,formal service-parts authority; support-interface corrected
BRAF,f3bdf416b4ffee6376c4,205,component_specific_transfer,682.383291131,54,formal service-parts authority; support-interface corrected
BRAF,f3bdf416b4ffee6376c4,205,matched_shared_relation,685.161218718,54,formal service-parts authority; support-interface corrected
BRAF,f3bdf416b4ffee6376c4,205,single_donor,833.524482883,54,formal service-parts authority; support-interface corrected
BRAF,f3db8c614759a20d2b39,68,complete_similarity,1239.90861258,54,formal service-parts authority; support-interface corrected
BRAF,f3db8c614759a20d2b39,68,component_specific_transfer,906.087063041,54,formal service-parts authority; support-interface corrected
BRAF,f3db8c614759a20d2b39,68,matched_shared_relation,1079.50085501,54,formal service-parts authority; support-interface corrected
BRAF,f3db8c614759a20d2b39,68,single_donor,1222.56723338,54,formal service-parts authority; support-interface corrected
BRAF,f450d77e95d7447439ca,54,complete_similarity,1728.98023611,54,formal service-parts authority; support-interface corrected
BRAF,f450d77e95d7447439ca,54,component_specific_transfer,1181.18451774,54,formal service-parts authority; support-interface corrected
BRAF,f450d77e95d7447439ca,54,matched_shared_relation,1283.89621494,54,formal service-parts authority; support-interface corrected
BRAF,f450d77e95d7447439ca,54,single_donor,770.337728962,54,formal service-parts authority; support-interface corrected
BRAF,f4a169b80d1bbf4373af,19,complete_similarity,1333.23353284,54,formal service-parts authority; support-interface corrected
BRAF,f4a169b80d1bbf4373af,19,component_specific_transfer,1505.16600349,54,formal service-parts authority; support-interface corrected
BRAF,f4a169b80d1bbf4373af,19,matched_shared_relation,1636.4656845,54,formal service-parts authority; support-interface corrected
BRAF,f4a169b80d1bbf4373af,19,single_donor,1361.91550199,54,formal service-parts authority; support-interface corrected
BRAF,f4ddf6548fbac417315a,48,complete_similarity,494.805353678,54,formal service-parts authority; support-interface corrected
BRAF,f4ddf6548fbac417315a,48,component_specific_transfer,343.636785162,54,formal service-parts authority; support-interface corrected
BRAF,f4ddf6548fbac417315a,48,matched_shared_relation,480.775329672,54,formal service-parts authority; support-interface corrected
BRAF,f4ddf6548fbac417315a,48,single_donor,545.590088461,54,formal service-parts authority; support-interface corrected
BRAF,f532b54176918eb9b72e,99,complete_similarity,135.524745963,54,formal service-parts authority; support-interface corrected
BRAF,f532b54176918eb9b72e,99,component_specific_transfer,72.5536518794,54,formal service-parts authority; support-interface corrected
BRAF,f532b54176918eb9b72e,99,matched_shared_relation,114.078068993,54,formal service-parts authority; support-interface corrected
BRAF,f532b54176918eb9b72e,99,single_donor,33.3107961459,54,formal service-parts authority; support-interface corrected
BRAF,f5a23f2489bc2827463e,224,complete_similarity,1377.45621362,54,formal service-parts authority; support-interface corrected
BRAF,f5a23f2489bc2827463e,224,component_specific_transfer,1395.27218915,54,formal service-parts authority; support-interface corrected
BRAF,f5a23f2489bc2827463e,224,matched_shared_relation,1201.17182413,54,formal service-parts authority; support-interface corrected
BRAF,f5a23f2489bc2827463e,224,single_donor,1406.52438423,54,formal service-parts authority; support-interface corrected
BRAF,f5c7a77a22de3fb5b8d1,70,complete_similarity,107.379065408,54,formal service-parts authority; support-interface corrected
BRAF,f5c7a77a22de3fb5b8d1,70,component_specific_transfer,65.4645006413,54,formal service-parts authority; support-interface corrected
BRAF,f5c7a77a22de3fb5b8d1,70,matched_shared_relation,140.759479102,54,formal service-parts authority; support-interface corrected
BRAF,f5c7a77a22de3fb5b8d1,70,single_donor,16.6361932323,54,formal service-parts authority; support-interface corrected
BRAF,f6799b9fa93c8aed6807,136,complete_similarity,242.428228485,54,formal service-parts authority; support-interface corrected
BRAF,f6799b9fa93c8aed6807,136,component_specific_transfer,156.203755467,54,formal service-parts authority; support-interface corrected
BRAF,f6799b9fa93c8aed6807,136,matched_shared_relation,362.392712684,54,formal service-parts authority; support-interface corrected
BRAF,f6799b9fa93c8aed6807,136,single_donor,181.196356342,54,formal service-parts authority; support-interface corrected
BRAF,f6c57c3bb757b88500ac,30,complete_similarity,239.13972837,54,formal service-parts authority; support-interface corrected
BRAF,f6c57c3bb757b88500ac,30,component_specific_transfer,138.701042455,54,formal service-parts authority; support-interface corrected
BRAF,f6c57c3bb757b88500ac,30,matched_shared_relation,169.789207143,54,formal service-parts authority; support-interface corrected
BRAF,f6c57c3bb757b88500ac,30,single_donor,154.245124799,54,formal service-parts authority; support-interface corrected
BRAF,f80e6e01c0d12ba3805c,199,complete_similarity,187.625291854,54,formal service-parts authority; support-interface corrected
BRAF,f80e6e01c0d12ba3805c,199,component_specific_transfer,191.281446282,54,formal service-parts authority; support-interface corrected
BRAF,f80e6e01c0d12ba3805c,199,matched_shared_relation,182.845456937,54,formal service-parts authority; support-interface corrected
BRAF,f80e6e01c0d12ba3805c,199,single_donor,189.704939327,54,formal service-parts authority; support-interface corrected
BRAF,f9ba12612db50397b1df,76,complete_similarity,146.330773784,54,formal service-parts authority; support-interface corrected
BRAF,f9ba12612db50397b1df,76,component_specific_transfer,81.7036074846,54,formal service-parts authority; support-interface corrected
BRAF,f9ba12612db50397b1df,76,matched_shared_relation,112.565112302,54,formal service-parts authority; support-interface corrected
BRAF,f9ba12612db50397b1df,76,single_donor,346.756305699,54,formal service-parts authority; support-interface corrected
BRAF,fbee71f958361ff26179,20,complete_similarity,71.6416192575,54,formal service-parts authority; support-interface corrected
BRAF,fbee71f958361ff26179,20,component_specific_transfer,44.5174126081,54,formal service-parts authority; support-interface corrected
BRAF,fbee71f958361ff26179,20,matched_shared_relation,72.1013515735,54,formal service-parts authority; support-interface corrected
BRAF,fbee71f958361ff26179,20,single_donor,54.3250353514,54,formal service-parts authority; support-interface corrected
BRAF,fc79a6710785444669ea,208,complete_similarity,213.094807458,54,formal service-parts authority; support-interface corrected
BRAF,fc79a6710785444669ea,208,component_specific_transfer,107.43529876,54,formal service-parts authority; support-interface corrected
BRAF,fc79a6710785444669ea,208,matched_shared_relation,141.619257457,54,formal service-parts authority; support-interface corrected
BRAF,fc79a6710785444669ea,208,single_donor,201.552172054,54,formal service-parts authority; support-interface corrected
BRAF,ff856fa7d7d14cfa1025,106,complete_similarity,710.342990562,54,formal service-parts authority; support-interface corrected
BRAF,ff856fa7d7d14cfa1025,106,component_specific_transfer,393.809398533,54,formal service-parts authority; support-interface corrected
BRAF,ff856fa7d7d14cfa1025,106,matched_shared_relation,609.290012825,54,formal service-parts authority; support-interface corrected
BRAF,ff856fa7d7d14cfa1025,106,single_donor,399.753691341,54,formal service-parts authority; support-interface corrected
MAN,000a1c3dcafe023fd976,54,complete_similarity,10260.1582864,54,formal service-parts authority; support-interface corrected
MAN,000a1c3dcafe023fd976,54,component_specific_transfer,11215.8851436,54,formal service-parts authority; support-interface corrected
MAN,000a1c3dcafe023fd976,54,matched_shared_relation,10079.0447886,54,formal service-parts authority; support-interface corrected
MAN,000a1c3dcafe023fd976,54,single_donor,8197.06253861,54,formal service-parts authority; support-interface corrected
MAN,001f51ce08e1eaa11c9a,176,complete_similarity,26503.4065305,54,formal service-parts authority; support-interface corrected
MAN,001f51ce08e1eaa11c9a,176,component_specific_transfer,31332.5134258,54,formal service-parts authority; support-interface corrected
MAN,001f51ce08e1eaa11c9a,176,matched_shared_relation,34977.6851514,54,formal service-parts authority; support-interface corrected
MAN,001f51ce08e1eaa11c9a,176,single_donor,26808.5462605,54,formal service-parts authority; support-interface corrected
MAN,0062eab625a169da8b99,201,complete_similarity,1392.02654916,54,formal service-parts authority; support-interface corrected
MAN,0062eab625a169da8b99,201,component_specific_transfer,1383.55855461,54,formal service-parts authority; support-interface corrected
MAN,0062eab625a169da8b99,201,matched_shared_relation,1573.85769275,54,formal service-parts authority; support-interface corrected
MAN,0062eab625a169da8b99,201,single_donor,1475.17359749,54,formal service-parts authority; support-interface corrected
MAN,0082c7e596abea5c8e17,231,complete_similarity,1116.76400196,54,formal service-parts authority; support-interface corrected
MAN,0082c7e596abea5c8e17,231,component_specific_transfer,950.589742708,54,formal service-parts authority; support-interface corrected
MAN,0082c7e596abea5c8e17,231,matched_shared_relation,1201.42276567,54,formal service-parts authority; support-interface corrected
MAN,0082c7e596abea5c8e17,231,single_donor,806.466837239,54,formal service-parts authority; support-interface corrected
MAN,01b1b3c3eef33ba58079,34,complete_similarity,12524.4587925,54,formal service-parts authority; support-interface corrected
MAN,01b1b3c3eef33ba58079,34,component_specific_transfer,25456.9497144,54,formal service-parts authority; support-interface corrected
MAN,01b1b3c3eef33ba58079,34,matched_shared_relation,23710.2961657,54,formal service-parts authority; support-interface corrected
MAN,01b1b3c3eef33ba58079,34,single_donor,28052.6586979,54,formal service-parts authority; support-interface corrected
MAN,024ca69ab9e977257be7,60,complete_similarity,2626.61303904,54,formal service-parts authority; support-interface corrected
MAN,024ca69ab9e977257be7,60,component_specific_transfer,2364.86637458,54,formal service-parts authority; support-interface corrected
MAN,024ca69ab9e977257be7,60,matched_shared_relation,2761.43641869,54,formal service-parts authority; support-interface corrected
MAN,024ca69ab9e977257be7,60,single_donor,3357.63053298,54,formal service-parts authority; support-interface corrected
MAN,034c412add643aa4fee4,147,complete_similarity,1762.32202689,54,formal service-parts authority; support-interface corrected
MAN,034c412add643aa4fee4,147,component_specific_transfer,468.232868588,54,formal service-parts authority; support-interface corrected
MAN,034c412add643aa4fee4,147,matched_shared_relation,1136.31303495,54,formal service-parts authority; support-interface corrected
MAN,034c412add643aa4fee4,147,single_donor,6350.94943294,54,formal service-parts authority; support-interface corrected
MAN,03b90134e1a71ede8de1,33,complete_similarity,3370.54684753,54,formal service-parts authority; support-interface corrected
MAN,03b90134e1a71ede8de1,33,component_specific_transfer,1535.76179895,54,formal service-parts authority; support-interface corrected
MAN,03b90134e1a71ede8de1,33,matched_shared_relation,1088.11376074,54,formal service-parts authority; support-interface corrected
MAN,03b90134e1a71ede8de1,33,single_donor,908.742595602,54,formal service-parts authority; support-interface corrected
MAN,058399fb43cbd951b4f0,59,complete_similarity,28660.1459613,54,formal service-parts authority; support-interface corrected
MAN,058399fb43cbd951b4f0,59,component_specific_transfer,29775.7350682,54,formal service-parts authority; support-interface corrected
MAN,058399fb43cbd951b4f0,59,matched_shared_relation,27927.7753348,54,formal service-parts authority; support-interface corrected
MAN,058399fb43cbd951b4f0,59,single_donor,28710.9214442,54,formal service-parts authority; support-interface corrected
MAN,058471b9d968e632ff90,45,complete_similarity,6869.55782561,54,formal service-parts authority; support-interface corrected
MAN,058471b9d968e632ff90,45,component_specific_transfer,8077.44146463,54,formal service-parts authority; support-interface corrected
MAN,058471b9d968e632ff90,45,matched_shared_relation,7861.06013068,54,formal service-parts authority; support-interface corrected
MAN,058471b9d968e632ff90,45,single_donor,7629.93727571,54,formal service-parts authority; support-interface corrected
MAN,0892e0ca11a35d05fc6d,137,complete_similarity,1443.74651216,54,formal service-parts authority; support-interface corrected
MAN,0892e0ca11a35d05fc6d,137,component_specific_transfer,824.226183676,54,formal service-parts authority; support-interface corrected
MAN,0892e0ca11a35d05fc6d,137,matched_shared_relation,2021.84983583,54,formal service-parts authority; support-interface corrected
MAN,0892e0ca11a35d05fc6d,137,single_donor,2076.79242009,54,formal service-parts authority; support-interface corrected
MAN,09bb4cf6d9e83751c474,81,complete_similarity,1814.43014226,54,formal service-parts authority; support-interface corrected
MAN,09bb4cf6d9e83751c474,81,component_specific_transfer,898.284196047,54,formal service-parts authority; support-interface corrected
MAN,09bb4cf6d9e83751c474,81,matched_shared_relation,2834.86468144,54,formal service-parts authority; support-interface corrected
MAN,09bb4cf6d9e83751c474,81,single_donor,2764.44866439,54,formal service-parts authority; support-interface corrected
MAN,09e82a971a60808b1461,154,complete_similarity,1622.88122227,54,formal service-parts authority; support-interface corrected
MAN,09e82a971a60808b1461,154,component_specific_transfer,2177.09624859,54,formal service-parts authority; support-interface corrected
MAN,09e82a971a60808b1461,154,matched_shared_relation,2221.37170605,54,formal service-parts authority; support-interface corrected
MAN,09e82a971a60808b1461,154,single_donor,1972.84588077,54,formal service-parts authority; support-interface corrected
MAN,0d20cc1c4836ed054915,14,complete_similarity,3938.25929982,54,formal service-parts authority; support-interface corrected
MAN,0d20cc1c4836ed054915,14,component_specific_transfer,1630.35327996,54,formal service-parts authority; support-interface corrected
MAN,0d20cc1c4836ed054915,14,matched_shared_relation,2599.47767616,54,formal service-parts authority; support-interface corrected
MAN,0d20cc1c4836ed054915,14,single_donor,4829.79440828,54,formal service-parts authority; support-interface corrected
MAN,0d2cc6e6d6132eb5b768,75,complete_similarity,1694.48684223,54,formal service-parts authority; support-interface corrected
MAN,0d2cc6e6d6132eb5b768,75,component_specific_transfer,1206.15624291,54,formal service-parts authority; support-interface corrected
MAN,0d2cc6e6d6132eb5b768,75,matched_shared_relation,1206.61265033,54,formal service-parts authority; support-interface corrected
MAN,0d2cc6e6d6132eb5b768,75,single_donor,1293.01099068,54,formal service-parts authority; support-interface corrected
MAN,1339d935632d277c98f4,56,complete_similarity,6677.65422042,54,formal service-parts authority; support-interface corrected
MAN,1339d935632d277c98f4,56,component_specific_transfer,5227.66943053,54,formal service-parts authority; support-interface corrected
MAN,1339d935632d277c98f4,56,matched_shared_relation,6052.71775397,54,formal service-parts authority; support-interface corrected
MAN,1339d935632d277c98f4,56,single_donor,8528.74830022,54,formal service-parts authority; support-interface corrected
MAN,13b2c0a3f51a29a97c1d,244,complete_similarity,2624.68985334,54,formal service-parts authority; support-interface corrected
MAN,13b2c0a3f51a29a97c1d,244,component_specific_transfer,5959.66177228,54,formal service-parts authority; support-interface corrected
MAN,13b2c0a3f51a29a97c1d,244,matched_shared_relation,7933.66793911,54,formal service-parts authority; support-interface corrected
MAN,13b2c0a3f51a29a97c1d,244,single_donor,2667.03379815,54,formal service-parts authority; support-interface corrected
MAN,13b8f3ae151ade83563d,88,complete_similarity,2839.71703758,54,formal service-parts authority; support-interface corrected
MAN,13b8f3ae151ade83563d,88,component_specific_transfer,715.065596498,54,formal service-parts authority; support-interface corrected
MAN,13b8f3ae151ade83563d,88,matched_shared_relation,642.674206494,54,formal service-parts authority; support-interface corrected
MAN,13b8f3ae151ade83563d,88,single_donor,803.426486684,54,formal service-parts authority; support-interface corrected
MAN,13bdda3e608f71144e41,12,complete_similarity,9252.0115036,54,formal service-parts authority; support-interface corrected
MAN,13bdda3e608f71144e41,12,component_specific_transfer,11241.8919674,54,formal service-parts authority; support-interface corrected
MAN,13bdda3e608f71144e41,12,matched_shared_relation,9958.55976518,54,formal service-parts authority; support-interface corrected
MAN,13bdda3e608f71144e41,12,single_donor,24822.9536102,54,formal service-parts authority; support-interface corrected
MAN,151b0656980ef5e836d7,40,complete_similarity,15078.9859043,54,formal service-parts authority; support-interface corrected
MAN,151b0656980ef5e836d7,40,component_specific_transfer,19386.9389075,54,formal service-parts authority; support-interface corrected
MAN,151b0656980ef5e836d7,40,matched_shared_relation,16457.976883,54,formal service-parts authority; support-interface corrected
MAN,151b0656980ef5e836d7,40,single_donor,22787.8204703,54,formal service-parts authority; support-interface corrected
MAN,18a2c00afcf2ed4ba49e,162,complete_similarity,142144.37689,54,formal service-parts authority; support-interface corrected
MAN,18a2c00afcf2ed4ba49e,162,component_specific_transfer,164583.129269,54,formal service-parts authority; support-interface corrected
MAN,18a2c00afcf2ed4ba49e,162,matched_shared_relation,167552.073185,54,formal service-parts authority; support-interface corrected
MAN,18a2c00afcf2ed4ba49e,162,single_donor,139461.474114,54,formal service-parts authority; support-interface corrected
MAN,1a9006febfde94da3b24,132,complete_similarity,1041.32139564,54,formal service-parts authority; support-interface corrected
MAN,1a9006febfde94da3b24,132,component_specific_transfer,1399.94040131,54,formal service-parts authority; support-interface corrected
MAN,1a9006febfde94da3b24,132,matched_shared_relation,2721.25994163,54,formal service-parts authority; support-interface corrected
MAN,1a9006febfde94da3b24,132,single_donor,1408.14735498,54,formal service-parts authority; support-interface corrected
MAN,1bc93e2909175959c932,155,complete_similarity,3457.70324588,54,formal service-parts authority; support-interface corrected
MAN,1bc93e2909175959c932,155,component_specific_transfer,2021.57924558,54,formal service-parts authority; support-interface corrected
MAN,1bc93e2909175959c932,155,matched_shared_relation,2440.24906526,54,formal service-parts authority; support-interface corrected
MAN,1bc93e2909175959c932,155,single_donor,3394.83728235,54,formal service-parts authority; support-interface corrected
MAN,1bcceb322fffb586dc5d,214,complete_similarity,2880.07925575,54,formal service-parts authority; support-interface corrected
MAN,1bcceb322fffb586dc5d,214,component_specific_transfer,1375.86750821,54,formal service-parts authority; support-interface corrected
MAN,1bcceb322fffb586dc5d,214,matched_shared_relation,1934.47166727,54,formal service-parts authority; support-interface corrected
MAN,1bcceb322fffb586dc5d,214,single_donor,1143.20182415,54,formal service-parts authority; support-interface corrected
MAN,1ca1f133171ca722a25a,160,complete_similarity,1613.52343869,54,formal service-parts authority; support-interface corrected
MAN,1ca1f133171ca722a25a,160,component_specific_transfer,1853.67133428,54,formal service-parts authority; support-interface corrected
MAN,1ca1f133171ca722a25a,160,matched_shared_relation,2153.90075951,54,formal service-parts authority; support-interface corrected
MAN,1ca1f133171ca722a25a,160,single_donor,2005.43702696,54,formal service-parts authority; support-interface corrected
MAN,1ef324e85210fed309cf,17,complete_similarity,973.014934695,54,formal service-parts authority; support-interface corrected
MAN,1ef324e85210fed309cf,17,component_specific_transfer,598.932446552,54,formal service-parts authority; support-interface corrected
MAN,1ef324e85210fed309cf,17,matched_shared_relation,469.875773805,54,formal service-parts authority; support-interface corrected
MAN,1ef324e85210fed309cf,17,single_donor,331.471858446,54,formal service-parts authority; support-interface corrected
MAN,213140149feb5c1f5df5,84,complete_similarity,1978.82309044,54,formal service-parts authority; support-interface corrected
MAN,213140149feb5c1f5df5,84,component_specific_transfer,1333.92299426,54,formal service-parts authority; support-interface corrected
MAN,213140149feb5c1f5df5,84,matched_shared_relation,2826.45853648,54,formal service-parts authority; support-interface corrected
MAN,213140149feb5c1f5df5,84,single_donor,1343.82411595,54,formal service-parts authority; support-interface corrected
MAN,2198f86f9a689fde0a0a,90,complete_similarity,1464.44689198,54,formal service-parts authority; support-interface corrected
MAN,2198f86f9a689fde0a0a,90,component_specific_transfer,1281.14171719,54,formal service-parts authority; support-interface corrected
MAN,2198f86f9a689fde0a0a,90,matched_shared_relation,2107.20155758,54,formal service-parts authority; support-interface corrected
MAN,2198f86f9a689fde0a0a,90,single_donor,1205.48295455,54,formal service-parts authority; support-interface corrected
MAN,21a01d0a53c8244086c5,63,complete_similarity,1800.03694736,54,formal service-parts authority; support-interface corrected
MAN,21a01d0a53c8244086c5,63,component_specific_transfer,1697.90657026,54,formal service-parts authority; support-interface corrected
MAN,21a01d0a53c8244086c5,63,matched_shared_relation,2107.55182249,54,formal service-parts authority; support-interface corrected
MAN,21a01d0a53c8244086c5,63,single_donor,2806.7720142,54,formal service-parts authority; support-interface corrected
MAN,21e0089b63e0da2df2cc,118,complete_similarity,4586.51094823,54,formal service-parts authority; support-interface corrected
MAN,21e0089b63e0da2df2cc,118,component_specific_transfer,2393.58551955,54,formal service-parts authority; support-interface corrected
MAN,21e0089b63e0da2df2cc,118,matched_shared_relation,2339.97551657,54,formal service-parts authority; support-interface corrected
MAN,21e0089b63e0da2df2cc,118,single_donor,14284.9900965,54,formal service-parts authority; support-interface corrected
MAN,25330ea2e6763550b8d3,61,complete_similarity,455605.558409,54,formal service-parts authority; support-interface corrected
MAN,25330ea2e6763550b8d3,61,component_specific_transfer,472451.877636,54,formal service-parts authority; support-interface corrected
MAN,25330ea2e6763550b8d3,61,matched_shared_relation,463367.811966,54,formal service-parts authority; support-interface corrected
MAN,25330ea2e6763550b8d3,61,single_donor,406406.424663,54,formal service-parts authority; support-interface corrected
MAN,25ff8a9f34165e17dcf8,66,complete_similarity,656.562098699,54,formal service-parts authority; support-interface corrected
MAN,25ff8a9f34165e17dcf8,66,component_specific_transfer,527.262167092,54,formal service-parts authority; support-interface corrected
MAN,25ff8a9f34165e17dcf8,66,matched_shared_relation,575.488383802,54,formal service-parts authority; support-interface corrected
MAN,25ff8a9f34165e17dcf8,66,single_donor,592.799420844,54,formal service-parts authority; support-interface corrected
MAN,270e0d9f07783bd0d7f2,76,complete_similarity,3173.35387941,54,formal service-parts authority; support-interface corrected
MAN,270e0d9f07783bd0d7f2,76,component_specific_transfer,2917.50092667,54,formal service-parts authority; support-interface corrected
MAN,270e0d9f07783bd0d7f2,76,matched_shared_relation,6756.2452844,54,formal service-parts authority; support-interface corrected
MAN,270e0d9f07783bd0d7f2,76,single_donor,3064.28622633,54,formal service-parts authority; support-interface corrected
MAN,273d007fe0706c69587f,196,complete_similarity,34358.567059,54,formal service-parts authority; support-interface corrected
MAN,273d007fe0706c69587f,196,component_specific_transfer,42318.2335151,54,formal service-parts authority; support-interface corrected
MAN,273d007fe0706c69587f,196,matched_shared_relation,45013.1020039,54,formal service-parts authority; support-interface corrected
MAN,273d007fe0706c69587f,196,single_donor,47414.6013704,54,formal service-parts authority; support-interface corrected
MAN,2894e3b9e11bee83255e,5,complete_similarity,5234.47745017,54,formal service-parts authority; support-interface corrected
MAN,2894e3b9e11bee83255e,5,component_specific_transfer,6949.06677059,54,formal service-parts authority; support-interface corrected
MAN,2894e3b9e11bee83255e,5,matched_shared_relation,5400.53558423,54,formal service-parts authority; support-interface corrected
MAN,2894e3b9e11bee83255e,5,single_donor,5866.80290538,54,formal service-parts authority; support-interface corrected
MAN,2a86d250c74c971327cc,232,complete_similarity,3101.89863517,54,formal service-parts authority; support-interface corrected
MAN,2a86d250c74c971327cc,232,component_specific_transfer,1428.5898614,54,formal service-parts authority; support-interface corrected
MAN,2a86d250c74c971327cc,232,matched_shared_relation,2938.88603313,54,formal service-parts authority; support-interface corrected
MAN,2a86d250c74c971327cc,232,single_donor,910.13705164,54,formal service-parts authority; support-interface corrected
MAN,2ab3ed08000f99485870,26,complete_similarity,19256.145347,54,formal service-parts authority; support-interface corrected
MAN,2ab3ed08000f99485870,26,component_specific_transfer,27955.035715,54,formal service-parts authority; support-interface corrected
MAN,2ab3ed08000f99485870,26,matched_shared_relation,24722.7290368,54,formal service-parts authority; support-interface corrected
MAN,2ab3ed08000f99485870,26,single_donor,47644.6543411,54,formal service-parts authority; support-interface corrected
MAN,2ad71f97d70aa88ef286,8,complete_similarity,2660.04383589,54,formal service-parts authority; support-interface corrected
MAN,2ad71f97d70aa88ef286,8,component_specific_transfer,1408.46646081,54,formal service-parts authority; support-interface corrected
MAN,2ad71f97d70aa88ef286,8,matched_shared_relation,1985.1489938,54,formal service-parts authority; support-interface corrected
MAN,2ad71f97d70aa88ef286,8,single_donor,4154.45384339,54,formal service-parts authority; support-interface corrected
MAN,2d602001393d8cd62c9b,152,complete_similarity,62546.1657596,54,formal service-parts authority; support-interface corrected
MAN,2d602001393d8cd62c9b,152,component_specific_transfer,63773.5644081,54,formal service-parts authority; support-interface corrected
MAN,2d602001393d8cd62c9b,152,matched_shared_relation,63159.6752897,54,formal service-parts authority; support-interface corrected
MAN,2d602001393d8cd62c9b,152,single_donor,63519.9146979,54,formal service-parts authority; support-interface corrected
MAN,2e3febdff2a4a9d0ba6f,73,complete_similarity,1117.28219628,54,formal service-parts authority; support-interface corrected
MAN,2e3febdff2a4a9d0ba6f,73,component_specific_transfer,681.218898212,54,formal service-parts authority; support-interface corrected
MAN,2e3febdff2a4a9d0ba6f,73,matched_shared_relation,519.454578621,54,formal service-parts authority; support-interface corrected
MAN,2e3febdff2a4a9d0ba6f,73,single_donor,354.784750091,54,formal service-parts authority; support-interface corrected
MAN,36adc6eac23b0d662ba3,150,complete_similarity,3192.14230705,54,formal service-parts authority; support-interface corrected
MAN,36adc6eac23b0d662ba3,150,component_specific_transfer,1400.85052569,54,formal service-parts authority; support-interface corrected
MAN,36adc6eac23b0d662ba3,150,matched_shared_relation,2951.57332095,54,formal service-parts authority; support-interface corrected
MAN,36adc6eac23b0d662ba3,150,single_donor,837.851746211,54,formal service-parts authority; support-interface corrected
MAN,36d9539d6fda41d00a96,182,complete_similarity,7990.50971003,54,formal service-parts authority; support-interface corrected
MAN,36d9539d6fda41d00a96,182,component_specific_transfer,15399.465898,54,formal service-parts authority; support-interface corrected
MAN,36d9539d6fda41d00a96,182,matched_shared_relation,18691.4864323,54,formal service-parts authority; support-interface corrected
MAN,36d9539d6fda41d00a96,182,single_donor,6291.38969446,54,formal service-parts authority; support-interface corrected
MAN,3787dbbdb2712e31ffbe,193,complete_similarity,1025.18190441,54,formal service-parts authority; support-interface corrected
MAN,3787dbbdb2712e31ffbe,193,component_specific_transfer,621.265888362,54,formal service-parts authority; support-interface corrected
MAN,3787dbbdb2712e31ffbe,193,matched_shared_relation,938.521488508,54,formal service-parts authority; support-interface corrected
MAN,3787dbbdb2712e31ffbe,193,single_donor,544.659175483,54,formal service-parts authority; support-interface corrected
MAN,379ca1ab790dab0c2f40,128,complete_similarity,23026.8414447,54,formal service-parts authority; support-interface corrected
MAN,379ca1ab790dab0c2f40,128,component_specific_transfer,24819.3241219,54,formal service-parts authority; support-interface corrected
MAN,379ca1ab790dab0c2f40,128,matched_shared_relation,25328.8815893,54,formal service-parts authority; support-interface corrected
MAN,379ca1ab790dab0c2f40,128,single_donor,25099.6276674,54,formal service-parts authority; support-interface corrected
MAN,37eeab1bf706c986de46,120,complete_similarity,698.746720838,54,formal service-parts authority; support-interface corrected
MAN,37eeab1bf706c986de46,120,component_specific_transfer,570.656060496,54,formal service-parts authority; support-interface corrected
MAN,37eeab1bf706c986de46,120,matched_shared_relation,607.740794004,54,formal service-parts authority; support-interface corrected
MAN,37eeab1bf706c986de46,120,single_donor,636.427381513,54,formal service-parts authority; support-interface corrected
MAN,381f3eeda581d73c8a4b,134,complete_similarity,1953.56030019,54,formal service-parts authority; support-interface corrected
MAN,381f3eeda581d73c8a4b,134,component_specific_transfer,6082.72252635,54,formal service-parts authority; support-interface corrected
MAN,381f3eeda581d73c8a4b,134,matched_shared_relation,9289.4898276,54,formal service-parts authority; support-interface corrected
MAN,381f3eeda581d73c8a4b,134,single_donor,1082.15202942,54,formal service-parts authority; support-interface corrected
MAN,398e81f420b9c46bd4b9,91,complete_similarity,19479.1523591,54,formal service-parts authority; support-interface corrected
MAN,398e81f420b9c46bd4b9,91,component_specific_transfer,20367.4299784,54,formal service-parts authority; support-interface corrected
MAN,398e81f420b9c46bd4b9,91,matched_shared_relation,20040.5208378,54,formal service-parts authority; support-interface corrected
MAN,398e81f420b9c46bd4b9,91,single_donor,18983.244031,54,formal service-parts authority; support-interface corrected
MAN,39d0388438c5d81a50c1,220,complete_similarity,1899.1118339,54,formal service-parts authority; support-interface corrected
MAN,39d0388438c5d81a50c1,220,component_specific_transfer,911.368867102,54,formal service-parts authority; support-interface corrected
MAN,39d0388438c5d81a50c1,220,matched_shared_relation,1299.6124175,54,formal service-parts authority; support-interface corrected
MAN,39d0388438c5d81a50c1,220,single_donor,1216.57158967,54,formal service-parts authority; support-interface corrected
MAN,3a364571e40f554cccc0,207,complete_similarity,3265.75928254,54,formal service-parts authority; support-interface corrected
MAN,3a364571e40f554cccc0,207,component_specific_transfer,2445.86098239,54,formal service-parts authority; support-interface corrected
MAN,3a364571e40f554cccc0,207,matched_shared_relation,2696.18616033,54,formal service-parts authority; support-interface corrected
MAN,3a364571e40f554cccc0,207,single_donor,4278.07986282,54,formal service-parts authority; support-interface corrected
MAN,3aef75d501fc4450f40f,200,complete_similarity,21590.9575079,54,formal service-parts authority; support-interface corrected
MAN,3aef75d501fc4450f40f,200,component_specific_transfer,24320.427143,54,formal service-parts authority; support-interface corrected
MAN,3aef75d501fc4450f40f,200,matched_shared_relation,25254.4142941,54,formal service-parts authority; support-interface corrected
MAN,3aef75d501fc4450f40f,200,single_donor,26342.5131836,54,formal service-parts authority; support-interface corrected
MAN,3bdcb880ad5993235fd0,213,complete_similarity,16848.6455385,54,formal service-parts authority; support-interface corrected
MAN,3bdcb880ad5993235fd0,213,component_specific_transfer,19972.9038639,54,formal service-parts authority; support-interface corrected
MAN,3bdcb880ad5993235fd0,213,matched_shared_relation,22047.2364648,54,formal service-parts authority; support-interface corrected
MAN,3bdcb880ad5993235fd0,213,single_donor,16410.1600792,54,formal service-parts authority; support-interface corrected
MAN,3d13e2e13b48826f54c4,105,complete_similarity,3234.56661404,54,formal service-parts authority; support-interface corrected
MAN,3d13e2e13b48826f54c4,105,component_specific_transfer,1172.13708295,54,formal service-parts authority; support-interface corrected
MAN,3d13e2e13b48826f54c4,105,matched_shared_relation,1065.28145216,54,formal service-parts authority; support-interface corrected
MAN,3d13e2e13b48826f54c4,105,single_donor,217.270170409,54,formal service-parts authority; support-interface corrected
MAN,3d4d118e00e14acd630f,22,complete_similarity,444.654907101,54,formal service-parts authority; support-interface corrected
MAN,3d4d118e00e14acd630f,22,component_specific_transfer,304.606713356,54,formal service-parts authority; support-interface corrected
MAN,3d4d118e00e14acd630f,22,matched_shared_relation,356.694965686,54,formal service-parts authority; support-interface corrected
MAN,3d4d118e00e14acd630f,22,single_donor,307.936491977,54,formal service-parts authority; support-interface corrected
MAN,3e1b5aa2f2498a6e7875,226,complete_similarity,7808.58802109,54,formal service-parts authority; support-interface corrected
MAN,3e1b5aa2f2498a6e7875,226,component_specific_transfer,16000.2623409,54,formal service-parts authority; support-interface corrected
MAN,3e1b5aa2f2498a6e7875,226,matched_shared_relation,15428.5582541,54,formal service-parts authority; support-interface corrected
MAN,3e1b5aa2f2498a6e7875,226,single_donor,14242.422022,54,formal service-parts authority; support-interface corrected
MAN,3f2101d26cc3f741f913,142,complete_similarity,93972.2862592,54,formal service-parts authority; support-interface corrected
MAN,3f2101d26cc3f741f913,142,component_specific_transfer,95896.4316606,54,formal service-parts authority; support-interface corrected
MAN,3f2101d26cc3f741f913,142,matched_shared_relation,92204.2995257,54,formal service-parts authority; support-interface corrected
MAN,3f2101d26cc3f741f913,142,single_donor,93395.672913,54,formal service-parts authority; support-interface corrected
MAN,403191aefcccdbcec008,127,complete_similarity,1724.62552784,54,formal service-parts authority; support-interface corrected
MAN,403191aefcccdbcec008,127,component_specific_transfer,1705.01370568,54,formal service-parts authority; support-interface corrected
MAN,403191aefcccdbcec008,127,matched_shared_relation,3335.51042818,54,formal service-parts authority; support-interface corrected
MAN,403191aefcccdbcec008,127,single_donor,1695.55980166,54,formal service-parts authority; support-interface corrected
MAN,4395683f8ca7e0ed7fc7,67,complete_similarity,1072.91370104,54,formal service-parts authority; support-interface corrected
MAN,4395683f8ca7e0ed7fc7,67,component_specific_transfer,505.639348612,54,formal service-parts authority; support-interface corrected
MAN,4395683f8ca7e0ed7fc7,67,matched_shared_relation,446.267652814,54,formal service-parts authority; support-interface corrected
MAN,4395683f8ca7e0ed7fc7,67,single_donor,478.413684455,54,formal service-parts authority; support-interface corrected
MAN,43998c22d8eb9bcc02bc,190,complete_similarity,755.978798307,54,formal service-parts authority; support-interface corrected
MAN,43998c22d8eb9bcc02bc,190,component_specific_transfer,692.362626779,54,formal service-parts authority; support-interface corrected
MAN,43998c22d8eb9bcc02bc,190,matched_shared_relation,669.343800175,54,formal service-parts authority; support-interface corrected
MAN,43998c22d8eb9bcc02bc,190,single_donor,668.155395943,54,formal service-parts authority; support-interface corrected
MAN,44d9d2ab2a4ae7c0d7d1,0,complete_similarity,4598.33150255,54,formal service-parts authority; support-interface corrected
MAN,44d9d2ab2a4ae7c0d7d1,0,component_specific_transfer,3781.83531558,54,formal service-parts authority; support-interface corrected
MAN,44d9d2ab2a4ae7c0d7d1,0,matched_shared_relation,3934.18672018,54,formal service-parts authority; support-interface corrected
MAN,44d9d2ab2a4ae7c0d7d1,0,single_donor,4716.51544338,54,formal service-parts authority; support-interface corrected
MAN,4641fd05318d43cc2fc9,235,complete_similarity,6750.09771682,54,formal service-parts authority; support-interface corrected
MAN,4641fd05318d43cc2fc9,235,component_specific_transfer,7582.94076512,54,formal service-parts authority; support-interface corrected
MAN,4641fd05318d43cc2fc9,235,matched_shared_relation,6301.44216753,54,formal service-parts authority; support-interface corrected
MAN,4641fd05318d43cc2fc9,235,single_donor,9094.71629398,54,formal service-parts authority; support-interface corrected
MAN,464e5fdbfa88ca49ed40,197,complete_similarity,2154.45512918,54,formal service-parts authority; support-interface corrected
MAN,464e5fdbfa88ca49ed40,197,component_specific_transfer,1083.48341349,54,formal service-parts authority; support-interface corrected
MAN,464e5fdbfa88ca49ed40,197,matched_shared_relation,908.442207555,54,formal service-parts authority; support-interface corrected
MAN,464e5fdbfa88ca49ed40,197,single_donor,830.468243176,54,formal service-parts authority; support-interface corrected
MAN,469cb8f2afa42944e04c,187,complete_similarity,11354.891838,54,formal service-parts authority; support-interface corrected
MAN,469cb8f2afa42944e04c,187,component_specific_transfer,13022.2669865,54,formal service-parts authority; support-interface corrected
MAN,469cb8f2afa42944e04c,187,matched_shared_relation,13647.6178293,54,formal service-parts authority; support-interface corrected
MAN,469cb8f2afa42944e04c,187,single_donor,10272.5561167,54,formal service-parts authority; support-interface corrected
MAN,475788f065b721e6ae2e,52,complete_similarity,616.391539584,54,formal service-parts authority; support-interface corrected
MAN,475788f065b721e6ae2e,52,component_specific_transfer,399.28858081,54,formal service-parts authority; support-interface corrected
MAN,475788f065b721e6ae2e,52,matched_shared_relation,448.480164174,54,formal service-parts authority; support-interface corrected
MAN,475788f065b721e6ae2e,52,single_donor,571.011094491,54,formal service-parts authority; support-interface corrected
MAN,4881d322db23cc11990e,44,complete_similarity,96409.7836722,54,formal service-parts authority; support-interface corrected
MAN,4881d322db23cc11990e,44,component_specific_transfer,113126.167905,54,formal service-parts authority; support-interface corrected
MAN,4881d322db23cc11990e,44,matched_shared_relation,108350.073546,54,formal service-parts authority; support-interface corrected
MAN,4881d322db23cc11990e,44,single_donor,96383.2695267,54,formal service-parts authority; support-interface corrected
MAN,4b6bfbf606edb42e0f1c,3,complete_similarity,12184.6529486,54,formal service-parts authority; support-interface corrected
MAN,4b6bfbf606edb42e0f1c,3,component_specific_transfer,14040.6888464,54,formal service-parts authority; support-interface corrected
MAN,4b6bfbf606edb42e0f1c,3,matched_shared_relation,13809.9063695,54,formal service-parts authority; support-interface corrected
MAN,4b6bfbf606edb42e0f1c,3,single_donor,14003.0786232,54,formal service-parts authority; support-interface corrected
MAN,4ba83fa9dc37e5c6194d,143,complete_similarity,4200.96156015,54,formal service-parts authority; support-interface corrected
MAN,4ba83fa9dc37e5c6194d,143,component_specific_transfer,1065.68057444,54,formal service-parts authority; support-interface corrected
MAN,4ba83fa9dc37e5c6194d,143,matched_shared_relation,615.124373984,54,formal service-parts authority; support-interface corrected
MAN,4ba83fa9dc37e5c6194d,143,single_donor,2030.41942224,54,formal service-parts authority; support-interface corrected
MAN,4bfa52017af933cecf7a,10,complete_similarity,2644.59770336,54,formal service-parts authority; support-interface corrected
MAN,4bfa52017af933cecf7a,10,component_specific_transfer,2779.94365975,54,formal service-parts authority; support-interface corrected
MAN,4bfa52017af933cecf7a,10,matched_shared_relation,2864.81050745,54,formal service-parts authority; support-interface corrected
MAN,4bfa52017af933cecf7a,10,single_donor,2927.06173859,54,formal service-parts authority; support-interface corrected
MAN,4c3584a08a5210cdc4a3,164,complete_similarity,3453.6462518,54,formal service-parts authority; support-interface corrected
MAN,4c3584a08a5210cdc4a3,164,component_specific_transfer,4037.05883957,54,formal service-parts authority; support-interface corrected
MAN,4c3584a08a5210cdc4a3,164,matched_shared_relation,3394.96926264,54,formal service-parts authority; support-interface corrected
MAN,4c3584a08a5210cdc4a3,164,single_donor,3347.21090128,54,formal service-parts authority; support-interface corrected
MAN,4cef5b093acf1d8e65e6,188,complete_similarity,2833.30764021,54,formal service-parts authority; support-interface corrected
MAN,4cef5b093acf1d8e65e6,188,component_specific_transfer,1343.71769135,54,formal service-parts authority; support-interface corrected
MAN,4cef5b093acf1d8e65e6,188,matched_shared_relation,1055.69773261,54,formal service-parts authority; support-interface corrected
MAN,4cef5b093acf1d8e65e6,188,single_donor,3182.92478777,54,formal service-parts authority; support-interface corrected
MAN,4fecd00569f068d3329a,129,complete_similarity,9529.96238267,54,formal service-parts authority; support-interface corrected
MAN,4fecd00569f068d3329a,129,component_specific_transfer,11391.1794429,54,formal service-parts authority; support-interface corrected
MAN,4fecd00569f068d3329a,129,matched_shared_relation,12036.6016907,54,formal service-parts authority; support-interface corrected
MAN,4fecd00569f068d3329a,129,single_donor,9962.44799719,54,formal service-parts authority; support-interface corrected
MAN,510ef8fdd8828082db09,173,complete_similarity,5915.26360651,54,formal service-parts authority; support-interface corrected
MAN,510ef8fdd8828082db09,173,component_specific_transfer,1342.87993765,54,formal service-parts authority; support-interface corrected
MAN,510ef8fdd8828082db09,173,matched_shared_relation,715.917697589,54,formal service-parts authority; support-interface corrected
MAN,510ef8fdd8828082db09,173,single_donor,2189.46618686,54,formal service-parts authority; support-interface corrected
MAN,517f4077e4f479984270,108,complete_similarity,2074.97805718,54,formal service-parts authority; support-interface corrected
MAN,517f4077e4f479984270,108,component_specific_transfer,1468.37604889,54,formal service-parts authority; support-interface corrected
MAN,517f4077e4f479984270,108,matched_shared_relation,4307.73290561,54,formal service-parts authority; support-interface corrected
MAN,517f4077e4f479984270,108,single_donor,1167.42621532,54,formal service-parts authority; support-interface corrected
MAN,531fa96d0fcdae9c0165,133,complete_similarity,13782.5420019,54,formal service-parts authority; support-interface corrected
MAN,531fa96d0fcdae9c0165,133,component_specific_transfer,15499.2525256,54,formal service-parts authority; support-interface corrected
MAN,531fa96d0fcdae9c0165,133,matched_shared_relation,16253.1966834,54,formal service-parts authority; support-interface corrected
MAN,531fa96d0fcdae9c0165,133,single_donor,14190.3011383,54,formal service-parts authority; support-interface corrected
MAN,539adf88d2bf7a3b2201,136,complete_similarity,1244.88767882,54,formal service-parts authority; support-interface corrected
MAN,539adf88d2bf7a3b2201,136,component_specific_transfer,589.934121323,54,formal service-parts authority; support-interface corrected
MAN,539adf88d2bf7a3b2201,136,matched_shared_relation,487.323189944,54,formal service-parts authority; support-interface corrected
MAN,539adf88d2bf7a3b2201,136,single_donor,542.095241153,54,formal service-parts authority; support-interface corrected
MAN,5484d0a8bec5a95c94b4,161,complete_similarity,15712.5663759,54,formal service-parts authority; support-interface corrected
MAN,5484d0a8bec5a95c94b4,161,component_specific_transfer,21015.4457166,54,formal service-parts authority; support-interface corrected
MAN,5484d0a8bec5a95c94b4,161,matched_shared_relation,17562.1123545,54,formal service-parts authority; support-interface corrected
MAN,5484d0a8bec5a95c94b4,161,single_donor,20458.2789427,54,formal service-parts authority; support-interface corrected
MAN,558be220c084c9d218d2,230,complete_similarity,1608.12417419,54,formal service-parts authority; support-interface corrected
MAN,558be220c084c9d218d2,230,component_specific_transfer,786.484953866,54,formal service-parts authority; support-interface corrected
MAN,558be220c084c9d218d2,230,matched_shared_relation,646.572097509,54,formal service-parts authority; support-interface corrected
MAN,558be220c084c9d218d2,230,single_donor,486.348740672,54,formal service-parts authority; support-interface corrected
MAN,565f583a07eebb9c6aae,172,complete_similarity,140411.461892,54,formal service-parts authority; support-interface corrected
MAN,565f583a07eebb9c6aae,172,component_specific_transfer,158218.20797,54,formal service-parts authority; support-interface corrected
MAN,565f583a07eebb9c6aae,172,matched_shared_relation,153441.796939,54,formal service-parts authority; support-interface corrected
MAN,565f583a07eebb9c6aae,172,single_donor,132904.245017,54,formal service-parts authority; support-interface corrected
MAN,584b852362454cfc5a1e,174,complete_similarity,5820.54565354,54,formal service-parts authority; support-interface corrected
MAN,584b852362454cfc5a1e,174,component_specific_transfer,7622.06769261,54,formal service-parts authority; support-interface corrected
MAN,584b852362454cfc5a1e,174,matched_shared_relation,5128.71450366,54,formal service-parts authority; support-interface corrected
MAN,584b852362454cfc5a1e,174,single_donor,8036.67739047,54,formal service-parts authority; support-interface corrected
MAN,5943a6ea5155d903267c,208,complete_similarity,949.621359159,54,formal service-parts authority; support-interface corrected
MAN,5943a6ea5155d903267c,208,component_specific_transfer,831.916745713,54,formal service-parts authority; support-interface corrected
MAN,5943a6ea5155d903267c,208,matched_shared_relation,944.78203708,54,formal service-parts authority; support-interface corrected
MAN,5943a6ea5155d903267c,208,single_donor,949.771443733,54,formal service-parts authority; support-interface corrected
MAN,59559819db3d62d52b83,80,complete_similarity,4598.77968698,54,formal service-parts authority; support-interface corrected
MAN,59559819db3d62d52b83,80,component_specific_transfer,3171.2207417,54,formal service-parts authority; support-interface corrected
MAN,59559819db3d62d52b83,80,matched_shared_relation,3716.48065852,54,formal service-parts authority; support-interface corrected
MAN,59559819db3d62d52b83,80,single_donor,5755.2357811,54,formal service-parts authority; support-interface corrected
MAN,5b1e23de8af18b6b2cd4,218,complete_similarity,9799.24075487,54,formal service-parts authority; support-interface corrected
MAN,5b1e23de8af18b6b2cd4,218,component_specific_transfer,13242.8096448,54,formal service-parts authority; support-interface corrected
MAN,5b1e23de8af18b6b2cd4,218,matched_shared_relation,11082.26822,54,formal service-parts authority; support-interface corrected
MAN,5b1e23de8af18b6b2cd4,218,single_donor,14199.0561242,54,formal service-parts authority; support-interface corrected
MAN,5b9017f736bc63a0fb68,97,complete_similarity,6865.62387805,54,formal service-parts authority; support-interface corrected
MAN,5b9017f736bc63a0fb68,97,component_specific_transfer,14590.5194517,54,formal service-parts authority; support-interface corrected
MAN,5b9017f736bc63a0fb68,97,matched_shared_relation,18356.3655271,54,formal service-parts authority; support-interface corrected
MAN,5b9017f736bc63a0fb68,97,single_donor,6791.56420301,54,formal service-parts authority; support-interface corrected
MAN,5b96d4cb464f25a2f8e8,39,complete_similarity,6556.65897217,54,formal service-parts authority; support-interface corrected
MAN,5b96d4cb464f25a2f8e8,39,component_specific_transfer,7724.36727803,54,formal service-parts authority; support-interface corrected
MAN,5b96d4cb464f25a2f8e8,39,matched_shared_relation,7423.42277536,54,formal service-parts authority; support-interface corrected
MAN,5b96d4cb464f25a2f8e8,39,single_donor,8734.44153759,54,formal service-parts authority; support-interface corrected
MAN,5e29bcf79387ee39bb04,6,complete_similarity,3165.06209147,54,formal service-parts authority; support-interface corrected
MAN,5e29bcf79387ee39bb04,6,component_specific_transfer,1575.72419887,54,formal service-parts authority; support-interface corrected
MAN,5e29bcf79387ee39bb04,6,matched_shared_relation,2035.57421246,54,formal service-parts authority; support-interface corrected
MAN,5e29bcf79387ee39bb04,6,single_donor,3015.69145169,54,formal service-parts authority; support-interface corrected
MAN,5f319eef226b7aa50e25,210,complete_similarity,22634.4391231,54,formal service-parts authority; support-interface corrected
MAN,5f319eef226b7aa50e25,210,component_specific_transfer,28562.8299559,54,formal service-parts authority; support-interface corrected
MAN,5f319eef226b7aa50e25,210,matched_shared_relation,29310.3424762,54,formal service-parts authority; support-interface corrected
MAN,5f319eef226b7aa50e25,210,single_donor,26405.6847866,54,formal service-parts authority; support-interface corrected
MAN,5f896f495a1fc265e6ed,245,complete_similarity,864.255322875,54,formal service-parts authority; support-interface corrected
MAN,5f896f495a1fc265e6ed,245,component_specific_transfer,428.024370668,54,formal service-parts authority; support-interface corrected
MAN,5f896f495a1fc265e6ed,245,matched_shared_relation,359.727909522,54,formal service-parts authority; support-interface corrected
MAN,5f896f495a1fc265e6ed,245,single_donor,287.178475009,54,formal service-parts authority; support-interface corrected
MAN,603e494e204a3751521d,64,complete_similarity,2256.52214608,54,formal service-parts authority; support-interface corrected
MAN,603e494e204a3751521d,64,component_specific_transfer,877.858072767,54,formal service-parts authority; support-interface corrected
MAN,603e494e204a3751521d,64,matched_shared_relation,687.440043448,54,formal service-parts authority; support-interface corrected
MAN,603e494e204a3751521d,64,single_donor,617.906745382,54,formal service-parts authority; support-interface corrected
MAN,6081ff04d37d8a28e471,198,complete_similarity,1855.13765779,54,formal service-parts authority; support-interface corrected
MAN,6081ff04d37d8a28e471,198,component_specific_transfer,1025.32018971,54,formal service-parts authority; support-interface corrected
MAN,6081ff04d37d8a28e471,198,matched_shared_relation,720.034585918,54,formal service-parts authority; support-interface corrected
MAN,6081ff04d37d8a28e471,198,single_donor,1110.01640277,54,formal service-parts authority; support-interface corrected
MAN,60ff2900c1ede96706fc,167,complete_similarity,832.201713781,54,formal service-parts authority; support-interface corrected
MAN,60ff2900c1ede96706fc,167,component_specific_transfer,670.546242579,54,formal service-parts authority; support-interface corrected
MAN,60ff2900c1ede96706fc,167,matched_shared_relation,690.204042984,54,formal service-parts authority; support-interface corrected
MAN,60ff2900c1ede96706fc,167,single_donor,675.63219935,54,formal service-parts authority; support-interface corrected
MAN,6223efc390753664b80d,20,complete_similarity,5348.15138032,54,formal service-parts authority; support-interface corrected
MAN,6223efc390753664b80d,20,component_specific_transfer,5975.16166442,54,formal service-parts authority; support-interface corrected
MAN,6223efc390753664b80d,20,matched_shared_relation,5456.85989347,54,formal service-parts authority; support-interface corrected
MAN,6223efc390753664b80d,20,single_donor,6166.97447076,54,formal service-parts authority; support-interface corrected
MAN,64b554dbb8f544f42754,18,complete_similarity,25109.4900095,54,formal service-parts authority; support-interface corrected
MAN,64b554dbb8f544f42754,18,component_specific_transfer,30318.6625671,54,formal service-parts authority; support-interface corrected
MAN,64b554dbb8f544f42754,18,matched_shared_relation,28161.3173396,54,formal service-parts authority; support-interface corrected
MAN,64b554dbb8f544f42754,18,single_donor,24029.2104772,54,formal service-parts authority; support-interface corrected
MAN,66e38162a72ee93c33a1,156,complete_similarity,1603.96304494,54,formal service-parts authority; support-interface corrected
MAN,66e38162a72ee93c33a1,156,component_specific_transfer,1182.87295227,54,formal service-parts authority; support-interface corrected
MAN,66e38162a72ee93c33a1,156,matched_shared_relation,2238.16005333,54,formal service-parts authority; support-interface corrected
MAN,66e38162a72ee93c33a1,156,single_donor,1285.96898173,54,formal service-parts authority; support-interface corrected
MAN,677bf5974981e9af11b1,204,complete_similarity,1086.79097091,54,formal service-parts authority; support-interface corrected
MAN,677bf5974981e9af11b1,204,component_specific_transfer,544.146068256,54,formal service-parts authority; support-interface corrected
MAN,677bf5974981e9af11b1,204,matched_shared_relation,908.577438891,54,formal service-parts authority; support-interface corrected
MAN,677bf5974981e9af11b1,204,single_donor,457.275799675,54,formal service-parts authority; support-interface corrected
MAN,6843a6aaf54f9c151b6a,124,complete_similarity,2856.5323715,54,formal service-parts authority; support-interface corrected
MAN,6843a6aaf54f9c151b6a,124,component_specific_transfer,2117.34483924,54,formal service-parts authority; support-interface corrected
MAN,6843a6aaf54f9c151b6a,124,matched_shared_relation,2554.77485258,54,formal service-parts authority; support-interface corrected
MAN,6843a6aaf54f9c151b6a,124,single_donor,2812.05493237,54,formal service-parts authority; support-interface corrected
MAN,689177a74fac6e5f098a,242,complete_similarity,2564.0691463,54,formal service-parts authority; support-interface corrected
MAN,689177a74fac6e5f098a,242,component_specific_transfer,1255.43327253,54,formal service-parts authority; support-interface corrected
MAN,689177a74fac6e5f098a,242,matched_shared_relation,1777.51621306,54,formal service-parts authority; support-interface corrected
MAN,689177a74fac6e5f098a,242,single_donor,2319.52510398,54,formal service-parts authority; support-interface corrected
MAN,6a8c0f3518c2df43178d,175,complete_similarity,3021.43352831,54,formal service-parts authority; support-interface corrected
MAN,6a8c0f3518c2df43178d,175,component_specific_transfer,1214.04508083,54,formal service-parts authority; support-interface corrected
MAN,6a8c0f3518c2df43178d,175,matched_shared_relation,2962.49400975,54,formal service-parts authority; support-interface corrected
MAN,6a8c0f3518c2df43178d,175,single_donor,768.664192896,54,formal service-parts authority; support-interface corrected
MAN,6b12d4bc2ac217973d1e,86,complete_similarity,10782.4270505,54,formal service-parts authority; support-interface corrected
MAN,6b12d4bc2ac217973d1e,86,component_specific_transfer,14009.7488641,54,formal service-parts authority; support-interface corrected
MAN,6b12d4bc2ac217973d1e,86,matched_shared_relation,14837.9005008,54,formal service-parts authority; support-interface corrected
MAN,6b12d4bc2ac217973d1e,86,single_donor,17762.1337601,54,formal service-parts authority; support-interface corrected
MAN,6b5b53b075ebd7928692,146,complete_similarity,1804.39472309,54,formal service-parts authority; support-interface corrected
MAN,6b5b53b075ebd7928692,146,component_specific_transfer,1549.8759927,54,formal service-parts authority; support-interface corrected
MAN,6b5b53b075ebd7928692,146,matched_shared_relation,2741.48641226,54,formal service-parts authority; support-interface corrected
MAN,6b5b53b075ebd7928692,146,single_donor,1861.08298577,54,formal service-parts authority; support-interface corrected
MAN,6b6a1fe43af4e230b543,159,complete_similarity,2572.22559849,54,formal service-parts authority; support-interface corrected
MAN,6b6a1fe43af4e230b543,159,component_specific_transfer,2811.09461079,54,formal service-parts authority; support-interface corrected
MAN,6b6a1fe43af4e230b543,159,matched_shared_relation,3495.70934961,54,formal service-parts authority; support-interface corrected
MAN,6b6a1fe43af4e230b543,159,single_donor,2371.48932672,54,formal service-parts authority; support-interface corrected
MAN,6b9c7811f49337005cac,77,complete_similarity,11163.7849192,54,formal service-parts authority; support-interface corrected
MAN,6b9c7811f49337005cac,77,component_specific_transfer,11857.5388412,54,formal service-parts authority; support-interface corrected
MAN,6b9c7811f49337005cac,77,matched_shared_relation,12107.6238367,54,formal service-parts authority; support-interface corrected
MAN,6b9c7811f49337005cac,77,single_donor,11328.4343471,54,formal service-parts authority; support-interface corrected
MAN,6be2297f02e8ab14c27d,112,complete_similarity,711.405395509,54,formal service-parts authority; support-interface corrected
MAN,6be2297f02e8ab14c27d,112,component_specific_transfer,508.872180691,54,formal service-parts authority; support-interface corrected
MAN,6be2297f02e8ab14c27d,112,matched_shared_relation,484.090503134,54,formal service-parts authority; support-interface corrected
MAN,6be2297f02e8ab14c27d,112,single_donor,646.580047096,54,formal service-parts authority; support-interface corrected
MAN,6f1d573c652eaaad9410,228,complete_similarity,4259.43980962,54,formal service-parts authority; support-interface corrected
MAN,6f1d573c652eaaad9410,228,component_specific_transfer,5001.88693244,54,formal service-parts authority; support-interface corrected
MAN,6f1d573c652eaaad9410,228,matched_shared_relation,5791.41177407,54,formal service-parts authority; support-interface corrected
MAN,6f1d573c652eaaad9410,228,single_donor,4204.04772976,54,formal service-parts authority; support-interface corrected
MAN,7003bda6d55a4de42ea8,206,complete_similarity,3465.95865477,54,formal service-parts authority; support-interface corrected
MAN,7003bda6d55a4de42ea8,206,component_specific_transfer,4091.3020928,54,formal service-parts authority; support-interface corrected
MAN,7003bda6d55a4de42ea8,206,matched_shared_relation,3490.85906272,54,formal service-parts authority; support-interface corrected
MAN,7003bda6d55a4de42ea8,206,single_donor,3577.38258101,54,formal service-parts authority; support-interface corrected
MAN,710b0f52d81fb2ea6a28,169,complete_similarity,799.574972638,54,formal service-parts authority; support-interface corrected
MAN,710b0f52d81fb2ea6a28,169,component_specific_transfer,394.860306457,54,formal service-parts authority; support-interface corrected
MAN,710b0f52d81fb2ea6a28,169,matched_shared_relation,321.020357534,54,formal service-parts authority; support-interface corrected
MAN,710b0f52d81fb2ea6a28,169,single_donor,261.58161255,54,formal service-parts authority; support-interface corrected
MAN,715a1b614b6c0a18ae95,109,complete_similarity,949.674604491,54,formal service-parts authority; support-interface corrected
MAN,715a1b614b6c0a18ae95,109,component_specific_transfer,877.724095387,54,formal service-parts authority; support-interface corrected
MAN,715a1b614b6c0a18ae95,109,matched_shared_relation,877.240383404,54,formal service-parts authority; support-interface corrected
MAN,715a1b614b6c0a18ae95,109,single_donor,1322.90755199,54,formal service-parts authority; support-interface corrected
MAN,74fe2ddf9ffa798cfead,119,complete_similarity,2184.56403861,54,formal service-parts authority; support-interface corrected
MAN,74fe2ddf9ffa798cfead,119,component_specific_transfer,1220.62078551,54,formal service-parts authority; support-interface corrected
MAN,74fe2ddf9ffa798cfead,119,matched_shared_relation,1606.82170993,54,formal service-parts authority; support-interface corrected
MAN,74fe2ddf9ffa798cfead,119,single_donor,842.437873371,54,formal service-parts authority; support-interface corrected
MAN,76329d78faa52914740e,15,complete_similarity,6365.41617293,54,formal service-parts authority; support-interface corrected
MAN,76329d78faa52914740e,15,component_specific_transfer,3987.17649033,54,formal service-parts authority; support-interface corrected
MAN,76329d78faa52914740e,15,matched_shared_relation,4921.94862459,54,formal service-parts authority; support-interface corrected
MAN,76329d78faa52914740e,15,single_donor,4701.48694637,54,formal service-parts authority; support-interface corrected
MAN,76b7149e580bbb28e868,113,complete_similarity,1258.73992239,54,formal service-parts authority; support-interface corrected
MAN,76b7149e580bbb28e868,113,component_specific_transfer,932.743952771,54,formal service-parts authority; support-interface corrected
MAN,76b7149e580bbb28e868,113,matched_shared_relation,1647.86893834,54,formal service-parts authority; support-interface corrected
MAN,76b7149e580bbb28e868,113,single_donor,922.739416935,54,formal service-parts authority; support-interface corrected
MAN,76cef9d29583bc1227a0,106,complete_similarity,2747.88832868,54,formal service-parts authority; support-interface corrected
MAN,76cef9d29583bc1227a0,106,component_specific_transfer,6505.45833054,54,formal service-parts authority; support-interface corrected
MAN,76cef9d29583bc1227a0,106,matched_shared_relation,8977.97943783,54,formal service-parts authority; support-interface corrected
MAN,76cef9d29583bc1227a0,106,single_donor,2677.4191588,54,formal service-parts authority; support-interface corrected
MAN,7737075bdca6689a18e3,111,complete_similarity,2180.32718177,54,formal service-parts authority; support-interface corrected
MAN,7737075bdca6689a18e3,111,component_specific_transfer,1095.84544953,54,formal service-parts authority; support-interface corrected
MAN,7737075bdca6689a18e3,111,matched_shared_relation,1761.7694654,54,formal service-parts authority; support-interface corrected
MAN,7737075bdca6689a18e3,111,single_donor,1799.50390727,54,formal service-parts authority; support-interface corrected
MAN,774ba78d7f7a16b965db,51,complete_similarity,2324.69256078,54,formal service-parts authority; support-interface corrected
MAN,774ba78d7f7a16b965db,51,component_specific_transfer,2629.66201453,54,formal service-parts authority; support-interface corrected
MAN,774ba78d7f7a16b965db,51,matched_shared_relation,2456.39804318,54,formal service-parts authority; support-interface corrected
MAN,774ba78d7f7a16b965db,51,single_donor,2647.28053464,54,formal service-parts authority; support-interface corrected
MAN,780290f6a06b4c8930e1,1,complete_similarity,8580.44594589,54,formal service-parts authority; support-interface corrected
MAN,780290f6a06b4c8930e1,1,component_specific_transfer,10090.5779917,54,formal service-parts authority; support-interface corrected
MAN,780290f6a06b4c8930e1,1,matched_shared_relation,10557.0439326,54,formal service-parts authority; support-interface corrected
MAN,780290f6a06b4c8930e1,1,single_donor,10365.2732728,54,formal service-parts authority; support-interface corrected
MAN,78674baae4d0754d6485,205,complete_similarity,76851.839713,54,formal service-parts authority; support-interface corrected
MAN,78674baae4d0754d6485,205,component_specific_transfer,93979.3524089,54,formal service-parts authority; support-interface corrected
MAN,78674baae4d0754d6485,205,matched_shared_relation,93865.9683307,54,formal service-parts authority; support-interface corrected
MAN,78674baae4d0754d6485,205,single_donor,91088.4305741,54,formal service-parts authority; support-interface corrected
MAN,789af6982c8280d7f5c2,153,complete_similarity,2090.56925762,54,formal service-parts authority; support-interface corrected
MAN,789af6982c8280d7f5c2,153,component_specific_transfer,2311.3726918,54,formal service-parts authority; support-interface corrected
MAN,789af6982c8280d7f5c2,153,matched_shared_relation,2080.06366065,54,formal service-parts authority; support-interface corrected
MAN,789af6982c8280d7f5c2,153,single_donor,2260.6261612,54,formal service-parts authority; support-interface corrected
MAN,7afca12029e4520f69f8,83,complete_similarity,49029.8793921,54,formal service-parts authority; support-interface corrected
MAN,7afca12029e4520f69f8,83,component_specific_transfer,59627.3457381,54,formal service-parts authority; support-interface corrected
MAN,7afca12029e4520f69f8,83,matched_shared_relation,52759.9740423,54,formal service-parts authority; support-interface corrected
MAN,7afca12029e4520f69f8,83,single_donor,52525.1293009,54,formal service-parts authority; support-interface corrected
MAN,7b0ec8dccd6f2823f462,140,complete_similarity,551.340015257,54,formal service-parts authority; support-interface corrected
MAN,7b0ec8dccd6f2823f462,140,component_specific_transfer,427.776073762,54,formal service-parts authority; support-interface corrected
MAN,7b0ec8dccd6f2823f462,140,matched_shared_relation,580.584295712,54,formal service-parts authority; support-interface corrected
MAN,7b0ec8dccd6f2823f462,140,single_donor,1210.5301383,54,formal service-parts authority; support-interface corrected
MAN,7b2bddedca53d4c6e4b6,24,complete_similarity,2682.2120142,54,formal service-parts authority; support-interface corrected
MAN,7b2bddedca53d4c6e4b6,24,component_specific_transfer,2876.50754668,54,formal service-parts authority; support-interface corrected
MAN,7b2bddedca53d4c6e4b6,24,matched_shared_relation,2632.21338065,54,formal service-parts authority; support-interface corrected
MAN,7b2bddedca53d4c6e4b6,24,single_donor,2678.35928626,54,formal service-parts authority; support-interface corrected
MAN,7bf86596704705a24e69,99,complete_similarity,165399.366918,54,formal service-parts authority; support-interface corrected
MAN,7bf86596704705a24e69,99,component_specific_transfer,185188.96599,54,formal service-parts authority; support-interface corrected
MAN,7bf86596704705a24e69,99,matched_shared_relation,188457.916,54,formal service-parts authority; support-interface corrected
MAN,7bf86596704705a24e69,99,single_donor,190825.827968,54,formal service-parts authority; support-interface corrected
MAN,7c5bd2bb13be8ca37214,248,complete_similarity,2587.80178452,54,formal service-parts authority; support-interface corrected
MAN,7c5bd2bb13be8ca37214,248,component_specific_transfer,1109.52390617,54,formal service-parts authority; support-interface corrected
MAN,7c5bd2bb13be8ca37214,248,matched_shared_relation,1755.00535936,54,formal service-parts authority; support-interface corrected
MAN,7c5bd2bb13be8ca37214,248,single_donor,685.089456403,54,formal service-parts authority; support-interface corrected
MAN,7cafa546e8883f4fcd0d,219,complete_similarity,4397.48415034,54,formal service-parts authority; support-interface corrected
MAN,7cafa546e8883f4fcd0d,219,component_specific_transfer,6197.93335246,54,formal service-parts authority; support-interface corrected
MAN,7cafa546e8883f4fcd0d,219,matched_shared_relation,5472.82805831,54,formal service-parts authority; support-interface corrected
MAN,7cafa546e8883f4fcd0d,219,single_donor,6652.66159942,54,formal service-parts authority; support-interface corrected
MAN,7d36c99a9dce2bf31923,203,complete_similarity,3104.39824881,54,formal service-parts authority; support-interface corrected
MAN,7d36c99a9dce2bf31923,203,component_specific_transfer,1191.0736891,54,formal service-parts authority; support-interface corrected
MAN,7d36c99a9dce2bf31923,203,matched_shared_relation,720.505057875,54,formal service-parts authority; support-interface corrected
MAN,7d36c99a9dce2bf31923,203,single_donor,526.174667507,54,formal service-parts authority; support-interface corrected
MAN,7e7eb9e7dc83c6f6ad44,85,complete_similarity,2480.05226334,54,formal service-parts authority; support-interface corrected
MAN,7e7eb9e7dc83c6f6ad44,85,component_specific_transfer,2279.57987185,54,formal service-parts authority; support-interface corrected
MAN,7e7eb9e7dc83c6f6ad44,85,matched_shared_relation,2436.20494697,54,formal service-parts authority; support-interface corrected
MAN,7e7eb9e7dc83c6f6ad44,85,single_donor,2320.3982313,54,formal service-parts authority; support-interface corrected
MAN,7ff13671e0250311eae5,58,complete_similarity,1475.27890418,54,formal service-parts authority; support-interface corrected
MAN,7ff13671e0250311eae5,58,component_specific_transfer,832.029906139,54,formal service-parts authority; support-interface corrected
MAN,7ff13671e0250311eae5,58,matched_shared_relation,851.432148187,54,formal service-parts authority; support-interface corrected
MAN,7ff13671e0250311eae5,58,single_donor,3762.09182614,54,formal service-parts authority; support-interface corrected
MAN,80a6610771b92a355ccd,46,complete_similarity,1586.67018606,54,formal service-parts authority; support-interface corrected
MAN,80a6610771b92a355ccd,46,component_specific_transfer,666.4383178,54,formal service-parts authority; support-interface corrected
MAN,80a6610771b92a355ccd,46,matched_shared_relation,586.144348114,54,formal service-parts authority; support-interface corrected
MAN,80a6610771b92a355ccd,46,single_donor,737.285938112,54,formal service-parts authority; support-interface corrected
MAN,83eb609894122c50d948,115,complete_similarity,2150.24645564,54,formal service-parts authority; support-interface corrected
MAN,83eb609894122c50d948,115,component_specific_transfer,736.689266061,54,formal service-parts authority; support-interface corrected
MAN,83eb609894122c50d948,115,matched_shared_relation,1070.4490332,54,formal service-parts authority; support-interface corrected
MAN,83eb609894122c50d948,115,single_donor,2071.36898395,54,formal service-parts authority; support-interface corrected
MAN,844d0512f35f95030810,195,complete_similarity,4991.25113157,54,formal service-parts authority; support-interface corrected
MAN,844d0512f35f95030810,195,component_specific_transfer,4136.94696799,54,formal service-parts authority; support-interface corrected
MAN,844d0512f35f95030810,195,matched_shared_relation,4523.14970396,54,formal service-parts authority; support-interface corrected
MAN,844d0512f35f95030810,195,single_donor,5991.28747624,54,formal service-parts authority; support-interface corrected
MAN,85f7bcea19d9154e01c8,225,complete_similarity,2199.08902408,54,formal service-parts authority; support-interface corrected
MAN,85f7bcea19d9154e01c8,225,component_specific_transfer,951.332655235,54,formal service-parts authority; support-interface corrected
MAN,85f7bcea19d9154e01c8,225,matched_shared_relation,649.353710325,54,formal service-parts authority; support-interface corrected
MAN,85f7bcea19d9154e01c8,225,single_donor,2036.38445239,54,formal service-parts authority; support-interface corrected
MAN,866b6d9b85a3219274db,202,complete_similarity,54524.3634407,54,formal service-parts authority; support-interface corrected
MAN,866b6d9b85a3219274db,202,component_specific_transfer,67664.3874664,54,formal service-parts authority; support-interface corrected
MAN,866b6d9b85a3219274db,202,matched_shared_relation,67049.6551259,54,formal service-parts authority; support-interface corrected
MAN,866b6d9b85a3219274db,202,single_donor,60240.2345163,54,formal service-parts authority; support-interface corrected
MAN,86f47505b7fb8c550466,95,complete_similarity,140775.607781,54,formal service-parts authority; support-interface corrected
MAN,86f47505b7fb8c550466,95,component_specific_transfer,165741.59598,54,formal service-parts authority; support-interface corrected
MAN,86f47505b7fb8c550466,95,matched_shared_relation,170063.455919,54,formal service-parts authority; support-interface corrected
MAN,86f47505b7fb8c550466,95,single_donor,160622.852781,54,formal service-parts authority; support-interface corrected
MAN,885e55f7ed90865f9ab4,98,complete_similarity,17304.2125291,54,formal service-parts authority; support-interface corrected
MAN,885e55f7ed90865f9ab4,98,component_specific_transfer,20660.0377358,54,formal service-parts authority; support-interface corrected
MAN,885e55f7ed90865f9ab4,98,matched_shared_relation,22804.1029584,54,formal service-parts authority; support-interface corrected
MAN,885e55f7ed90865f9ab4,98,single_donor,27748.9415117,54,formal service-parts authority; support-interface corrected
MAN,888b8c0b27cab0ca2a30,212,complete_similarity,1762.87494876,54,formal service-parts authority; support-interface corrected
MAN,888b8c0b27cab0ca2a30,212,component_specific_transfer,1634.6926892,54,formal service-parts authority; support-interface corrected
MAN,888b8c0b27cab0ca2a30,212,matched_shared_relation,1794.13296256,54,formal service-parts authority; support-interface corrected
MAN,888b8c0b27cab0ca2a30,212,single_donor,2031.80283865,54,formal service-parts authority; support-interface corrected
MAN,893ca4da994fb67274fe,89,complete_similarity,1965.51579981,54,formal service-parts authority; support-interface corrected
MAN,893ca4da994fb67274fe,89,component_specific_transfer,4308.39595901,54,formal service-parts authority; support-interface corrected
MAN,893ca4da994fb67274fe,89,matched_shared_relation,3086.37017943,54,formal service-parts authority; support-interface corrected
MAN,893ca4da994fb67274fe,89,single_donor,5271.94960034,54,formal service-parts authority; support-interface corrected
MAN,89ffd2dbbc321cf209fc,234,complete_similarity,11297.3096647,54,formal service-parts authority; support-interface corrected
MAN,89ffd2dbbc321cf209fc,234,component_specific_transfer,19254.3259458,54,formal service-parts authority; support-interface corrected
MAN,89ffd2dbbc321cf209fc,234,matched_shared_relation,20861.2302496,54,formal service-parts authority; support-interface corrected
MAN,89ffd2dbbc321cf209fc,234,single_donor,25021.0554874,54,formal service-parts authority; support-interface corrected
MAN,8a74f5ae76b5ae39bef8,21,complete_similarity,4871.48515936,54,formal service-parts authority; support-interface corrected
MAN,8a74f5ae76b5ae39bef8,21,component_specific_transfer,10062.5377891,54,formal service-parts authority; support-interface corrected
MAN,8a74f5ae76b5ae39bef8,21,matched_shared_relation,9040.08874001,54,formal service-parts authority; support-interface corrected
MAN,8a74f5ae76b5ae39bef8,21,single_donor,11807.5584385,54,formal service-parts authority; support-interface corrected
MAN,8c906ce9f3fd44fe638e,184,complete_similarity,28728.1453499,54,formal service-parts authority; support-interface corrected
MAN,8c906ce9f3fd44fe638e,184,component_specific_transfer,36060.069758,54,formal service-parts authority; support-interface corrected
MAN,8c906ce9f3fd44fe638e,184,matched_shared_relation,37144.5999319,54,formal service-parts authority; support-interface corrected
MAN,8c906ce9f3fd44fe638e,184,single_donor,38054.1496943,54,formal service-parts authority; support-interface corrected
MAN,8e9525611bfbd81d4413,32,complete_similarity,26923.3645369,54,formal service-parts authority; support-interface corrected
MAN,8e9525611bfbd81d4413,32,component_specific_transfer,28098.1787916,54,formal service-parts authority; support-interface corrected
MAN,8e9525611bfbd81d4413,32,matched_shared_relation,28446.5284743,54,formal service-parts authority; support-interface corrected
MAN,8e9525611bfbd81d4413,32,single_donor,28286.6520744,54,formal service-parts authority; support-interface corrected
MAN,8eb5daa7f791c69b47ac,13,complete_similarity,9832.66709515,54,formal service-parts authority; support-interface corrected
MAN,8eb5daa7f791c69b47ac,13,component_specific_transfer,14284.7983481,54,formal service-parts authority; support-interface corrected
MAN,8eb5daa7f791c69b47ac,13,matched_shared_relation,12206.4261002,54,formal service-parts authority; support-interface corrected
MAN,8eb5daa7f791c69b47ac,13,single_donor,9206.8285229,54,formal service-parts authority; support-interface corrected
MAN,8ec9eab32e05424237f4,183,complete_similarity,16225.7601141,54,formal service-parts authority; support-interface corrected
MAN,8ec9eab32e05424237f4,183,component_specific_transfer,18191.8341083,54,formal service-parts authority; support-interface corrected
MAN,8ec9eab32e05424237f4,183,matched_shared_relation,15097.1699711,54,formal service-parts authority; support-interface corrected
MAN,8ec9eab32e05424237f4,183,single_donor,15319.1490697,54,formal service-parts authority; support-interface corrected
MAN,9084bc9f40365f2030b9,27,complete_similarity,1612.91356824,54,formal service-parts authority; support-interface corrected
MAN,9084bc9f40365f2030b9,27,component_specific_transfer,926.162423104,54,formal service-parts authority; support-interface corrected
MAN,9084bc9f40365f2030b9,27,matched_shared_relation,1034.90450181,54,formal service-parts authority; support-interface corrected
MAN,9084bc9f40365f2030b9,27,single_donor,2200.12079324,54,formal service-parts authority; support-interface corrected
MAN,9134f29ddea4caf54465,240,complete_similarity,5097.40098935,54,formal service-parts authority; support-interface corrected
MAN,9134f29ddea4caf54465,240,component_specific_transfer,3103.0853902,54,formal service-parts authority; support-interface corrected
MAN,9134f29ddea4caf54465,240,matched_shared_relation,5401.55873968,54,formal service-parts authority; support-interface corrected
MAN,9134f29ddea4caf54465,240,single_donor,6433.49572153,54,formal service-parts authority; support-interface corrected
MAN,9149ed6b721a3aaa6f2d,221,complete_similarity,21451.980193,54,formal service-parts authority; support-interface corrected
MAN,9149ed6b721a3aaa6f2d,221,component_specific_transfer,22880.1633312,54,formal service-parts authority; support-interface corrected
MAN,9149ed6b721a3aaa6f2d,221,matched_shared_relation,23258.018739,54,formal service-parts authority; support-interface corrected
MAN,9149ed6b721a3aaa6f2d,221,single_donor,23051.7683858,54,formal service-parts authority; support-interface corrected
MAN,92f6c7ce401764b3a536,151,complete_similarity,2340.77560205,54,formal service-parts authority; support-interface corrected
MAN,92f6c7ce401764b3a536,151,component_specific_transfer,2660.92496385,54,formal service-parts authority; support-interface corrected
MAN,92f6c7ce401764b3a536,151,matched_shared_relation,2563.5570637,54,formal service-parts authority; support-interface corrected
MAN,92f6c7ce401764b3a536,151,single_donor,3946.23731626,54,formal service-parts authority; support-interface corrected
MAN,935f2d4f11e2c85f1cec,117,complete_similarity,1728.08187828,54,formal service-parts authority; support-interface corrected
MAN,935f2d4f11e2c85f1cec,117,component_specific_transfer,2525.60828231,54,formal service-parts authority; support-interface corrected
MAN,935f2d4f11e2c85f1cec,117,matched_shared_relation,3768.72022022,54,formal service-parts authority; support-interface corrected
MAN,935f2d4f11e2c85f1cec,117,single_donor,2141.53276866,54,formal service-parts authority; support-interface corrected
MAN,94b7461f3cbc5fb0cb63,19,complete_similarity,29888.0973102,54,formal service-parts authority; support-interface corrected
MAN,94b7461f3cbc5fb0cb63,19,component_specific_transfer,31547.4110179,54,formal service-parts authority; support-interface corrected
MAN,94b7461f3cbc5fb0cb63,19,matched_shared_relation,31971.2965739,54,formal service-parts authority; support-interface corrected
MAN,94b7461f3cbc5fb0cb63,19,single_donor,31721.2464263,54,formal service-parts authority; support-interface corrected
MAN,96dbd07ea576d45c372b,130,complete_similarity,2726.91418115,54,formal service-parts authority; support-interface corrected
MAN,96dbd07ea576d45c372b,130,component_specific_transfer,1429.16700886,54,formal service-parts authority; support-interface corrected
MAN,96dbd07ea576d45c372b,130,matched_shared_relation,2299.40229777,54,formal service-parts authority; support-interface corrected
MAN,96dbd07ea576d45c372b,130,single_donor,1048.4248801,54,formal service-parts authority; support-interface corrected
MAN,970544eabf32db104724,121,complete_similarity,3118.88464008,54,formal service-parts authority; support-interface corrected
MAN,970544eabf32db104724,121,component_specific_transfer,4183.35748731,54,formal service-parts authority; support-interface corrected
MAN,970544eabf32db104724,121,matched_shared_relation,3955.40345435,54,formal service-parts authority; support-interface corrected
MAN,970544eabf32db104724,121,single_donor,4045.41603264,54,formal service-parts authority; support-interface corrected
MAN,98badbd1e5ea37515023,70,complete_similarity,1604.02113734,54,formal service-parts authority; support-interface corrected
MAN,98badbd1e5ea37515023,70,component_specific_transfer,989.029645717,54,formal service-parts authority; support-interface corrected
MAN,98badbd1e5ea37515023,70,matched_shared_relation,1031.20521641,54,formal service-parts authority; support-interface corrected
MAN,98badbd1e5ea37515023,70,single_donor,592.666643229,54,formal service-parts authority; support-interface corrected
MAN,9914ec033447a8da84d9,168,complete_similarity,17953.1825139,54,formal service-parts authority; support-interface corrected
MAN,9914ec033447a8da84d9,168,component_specific_transfer,19275.4513236,54,formal service-parts authority; support-interface corrected
MAN,9914ec033447a8da84d9,168,matched_shared_relation,19233.0071991,54,formal service-parts authority; support-interface corrected
MAN,9914ec033447a8da84d9,168,single_donor,18827.2308342,54,formal service-parts authority; support-interface corrected
MAN,9967cbf1145f3415a1be,191,complete_similarity,46201.7085634,54,formal service-parts authority; support-interface corrected
MAN,9967cbf1145f3415a1be,191,component_specific_transfer,48628.5523678,54,formal service-parts authority; support-interface corrected
MAN,9967cbf1145f3415a1be,191,matched_shared_relation,49306.2518971,54,formal service-parts authority; support-interface corrected
MAN,9967cbf1145f3415a1be,191,single_donor,47345.8540501,54,formal service-parts authority; support-interface corrected
MAN,996ee6ff7d8c6327b1ce,94,complete_similarity,5395.49795748,54,formal service-parts authority; support-interface corrected
MAN,996ee6ff7d8c6327b1ce,94,component_specific_transfer,4460.70833286,54,formal service-parts authority; support-interface corrected
MAN,996ee6ff7d8c6327b1ce,94,matched_shared_relation,5339.74562555,54,formal service-parts authority; support-interface corrected
MAN,996ee6ff7d8c6327b1ce,94,single_donor,8115.5595886,54,formal service-parts authority; support-interface corrected
MAN,99ea997a162bcebc758f,177,complete_similarity,2190.018259,54,formal service-parts authority; support-interface corrected
MAN,99ea997a162bcebc758f,177,component_specific_transfer,2070.6103702,54,formal service-parts authority; support-interface corrected
MAN,99ea997a162bcebc758f,177,matched_shared_relation,4584.23238433,54,formal service-parts authority; support-interface corrected
MAN,99ea997a162bcebc758f,177,single_donor,4437.0834838,54,formal service-parts authority; support-interface corrected
MAN,9b6b06fca853c91ae40c,31,complete_similarity,14765.4895172,54,formal service-parts authority; support-interface corrected
MAN,9b6b06fca853c91ae40c,31,component_specific_transfer,17033.2534928,54,formal service-parts authority; support-interface corrected
MAN,9b6b06fca853c91ae40c,31,matched_shared_relation,17619.5727016,54,formal service-parts authority; support-interface corrected
MAN,9b6b06fca853c91ae40c,31,single_donor,19262.5525372,54,formal service-parts authority; support-interface corrected
MAN,9bab08a21897fd20fd23,145,complete_similarity,3448.83776047,54,formal service-parts authority; support-interface corrected
MAN,9bab08a21897fd20fd23,145,component_specific_transfer,1740.1776956,54,formal service-parts authority; support-interface corrected
MAN,9bab08a21897fd20fd23,145,matched_shared_relation,2388.11220683,54,formal service-parts authority; support-interface corrected
MAN,9bab08a21897fd20fd23,145,single_donor,5116.58728453,54,formal service-parts authority; support-interface corrected
MAN,9cd195bebca611e66ec3,157,complete_similarity,5020.48376323,54,formal service-parts authority; support-interface corrected
MAN,9cd195bebca611e66ec3,157,component_specific_transfer,5142.1536359,54,formal service-parts authority; support-interface corrected
MAN,9cd195bebca611e66ec3,157,matched_shared_relation,10212.7568712,54,formal service-parts authority; support-interface corrected
MAN,9cd195bebca611e66ec3,157,single_donor,12221.4174243,54,formal service-parts authority; support-interface corrected
MAN,9d313831b7263979ca36,30,complete_similarity,774.692514344,54,formal service-parts authority; support-interface corrected
MAN,9d313831b7263979ca36,30,component_specific_transfer,521.272959437,54,formal service-parts authority; support-interface corrected
MAN,9d313831b7263979ca36,30,matched_shared_relation,465.115618056,54,formal service-parts authority; support-interface corrected
MAN,9d313831b7263979ca36,30,single_donor,552.988424928,54,formal service-parts authority; support-interface corrected
MAN,9d362031ba96b1444117,126,complete_similarity,7378.47563928,54,formal service-parts authority; support-interface corrected
MAN,9d362031ba96b1444117,126,component_specific_transfer,3645.09041989,54,formal service-parts authority; support-interface corrected
MAN,9d362031ba96b1444117,126,matched_shared_relation,6913.89306325,54,formal service-parts authority; support-interface corrected
MAN,9d362031ba96b1444117,126,single_donor,2477.26054691,54,formal service-parts authority; support-interface corrected
MAN,9f713b7a0d67c03c9a95,47,complete_similarity,2226.39039866,54,formal service-parts authority; support-interface corrected
MAN,9f713b7a0d67c03c9a95,47,component_specific_transfer,1983.22272329,54,formal service-parts authority; support-interface corrected
MAN,9f713b7a0d67c03c9a95,47,matched_shared_relation,2959.13505953,54,formal service-parts authority; support-interface corrected
MAN,9f713b7a0d67c03c9a95,47,single_donor,2092.33798229,54,formal service-parts authority; support-interface corrected
MAN,a17c18d50b78b9bbb574,131,complete_similarity,906.589736095,54,formal service-parts authority; support-interface corrected
MAN,a17c18d50b78b9bbb574,131,component_specific_transfer,896.884455673,54,formal service-parts authority; support-interface corrected
MAN,a17c18d50b78b9bbb574,131,matched_shared_relation,833.408785447,54,formal service-parts authority; support-interface corrected
MAN,a17c18d50b78b9bbb574,131,single_donor,886.57467822,54,formal service-parts authority; support-interface corrected
MAN,a2268aa40a12aa823d11,7,complete_similarity,4744.78528573,54,formal service-parts authority; support-interface corrected
MAN,a2268aa40a12aa823d11,7,component_specific_transfer,5336.50025133,54,formal service-parts authority; support-interface corrected
MAN,a2268aa40a12aa823d11,7,matched_shared_relation,4779.79662121,54,formal service-parts authority; support-interface corrected
MAN,a2268aa40a12aa823d11,7,single_donor,5916.88016975,54,formal service-parts authority; support-interface corrected
MAN,a2b6b94926a9fad4ed7c,238,complete_similarity,1942.00221883,54,formal service-parts authority; support-interface corrected
MAN,a2b6b94926a9fad4ed7c,238,component_specific_transfer,1150.67694683,54,formal service-parts authority; support-interface corrected
MAN,a2b6b94926a9fad4ed7c,238,matched_shared_relation,3230.62962422,54,formal service-parts authority; support-interface corrected
MAN,a2b6b94926a9fad4ed7c,238,single_donor,3868.01509071,54,formal service-parts authority; support-interface corrected
MAN,a6a296dafb1503444802,82,complete_similarity,2268.38246327,54,formal service-parts authority; support-interface corrected
MAN,a6a296dafb1503444802,82,component_specific_transfer,1986.94738566,54,formal service-parts authority; support-interface corrected
MAN,a6a296dafb1503444802,82,matched_shared_relation,2937.35763988,54,formal service-parts authority; support-interface corrected
MAN,a6a296dafb1503444802,82,single_donor,2189.67444347,54,formal service-parts authority; support-interface corrected
MAN,a71b86e4d7eb8494a104,62,complete_similarity,4226.71656731,54,formal service-parts authority; support-interface corrected
MAN,a71b86e4d7eb8494a104,62,component_specific_transfer,4630.75750285,54,formal service-parts authority; support-interface corrected
MAN,a71b86e4d7eb8494a104,62,matched_shared_relation,5208.71154166,54,formal service-parts authority; support-interface corrected
MAN,a71b86e4d7eb8494a104,62,single_donor,7228.73888763,54,formal service-parts authority; support-interface corrected
MAN,a7bab4e8215d8eb38f3f,78,complete_similarity,4093.90570376,54,formal service-parts authority; support-interface corrected
MAN,a7bab4e8215d8eb38f3f,78,component_specific_transfer,5399.55830652,54,formal service-parts authority; support-interface corrected
MAN,a7bab4e8215d8eb38f3f,78,matched_shared_relation,5213.85818328,54,formal service-parts authority; support-interface corrected
MAN,a7bab4e8215d8eb38f3f,78,single_donor,4073.8548354,54,formal service-parts authority; support-interface corrected
MAN,a80ffd4f84d75e689c8e,222,complete_similarity,1173.63380982,54,formal service-parts authority; support-interface corrected
MAN,a80ffd4f84d75e689c8e,222,component_specific_transfer,551.392431428,54,formal service-parts authority; support-interface corrected
MAN,a80ffd4f84d75e689c8e,222,matched_shared_relation,528.583662233,54,formal service-parts authority; support-interface corrected
MAN,a80ffd4f84d75e689c8e,222,single_donor,261.600417897,54,formal service-parts authority; support-interface corrected
MAN,a880d8d4a44b4a77b3f7,237,complete_similarity,2600.43998541,54,formal service-parts authority; support-interface corrected
MAN,a880d8d4a44b4a77b3f7,237,component_specific_transfer,1744.0859673,54,formal service-parts authority; support-interface corrected
MAN,a880d8d4a44b4a77b3f7,237,matched_shared_relation,2055.36808729,54,formal service-parts authority; support-interface corrected
MAN,a880d8d4a44b4a77b3f7,237,single_donor,3380.94465855,54,formal service-parts authority; support-interface corrected
MAN,a8c8d297d12879d0b380,116,complete_similarity,25778.9120549,54,formal service-parts authority; support-interface corrected
MAN,a8c8d297d12879d0b380,116,component_specific_transfer,27854.739705,54,formal service-parts authority; support-interface corrected
MAN,a8c8d297d12879d0b380,116,matched_shared_relation,28440.3458863,54,formal service-parts authority; support-interface corrected
MAN,a8c8d297d12879d0b380,116,single_donor,22829.1282971,54,formal service-parts authority; support-interface corrected
MAN,aa506b8e58d659e747b0,179,complete_similarity,1550.41890757,54,formal service-parts authority; support-interface corrected
MAN,aa506b8e58d659e747b0,179,component_specific_transfer,681.655893669,54,formal service-parts authority; support-interface corrected
MAN,aa506b8e58d659e747b0,179,matched_shared_relation,1378.89379589,54,formal service-parts authority; support-interface corrected
MAN,aa506b8e58d659e747b0,179,single_donor,1695.34829293,54,formal service-parts authority; support-interface corrected
MAN,ac5fde22b4d3bf89ee79,68,complete_similarity,1622.34711114,54,formal service-parts authority; support-interface corrected
MAN,ac5fde22b4d3bf89ee79,68,component_specific_transfer,527.973695731,54,formal service-parts authority; support-interface corrected
MAN,ac5fde22b4d3bf89ee79,68,matched_shared_relation,313.655155053,54,formal service-parts authority; support-interface corrected
MAN,ac5fde22b4d3bf89ee79,68,single_donor,329.76651388,54,formal service-parts authority; support-interface corrected
MAN,ad656ba4e56dfa0895a1,74,complete_similarity,149516.261186,54,formal service-parts authority; support-interface corrected
MAN,ad656ba4e56dfa0895a1,74,component_specific_transfer,157915.022947,54,formal service-parts authority; support-interface corrected
MAN,ad656ba4e56dfa0895a1,74,matched_shared_relation,160605.164719,54,formal service-parts authority; support-interface corrected
MAN,ad656ba4e56dfa0895a1,74,single_donor,151029.745855,54,formal service-parts authority; support-interface corrected
MAN,af039950aa8c68ce7d24,25,complete_similarity,141754.25344,54,formal service-parts authority; support-interface corrected
MAN,af039950aa8c68ce7d24,25,component_specific_transfer,157792.177142,54,formal service-parts authority; support-interface corrected
MAN,af039950aa8c68ce7d24,25,matched_shared_relation,160275.534334,54,formal service-parts authority; support-interface corrected
MAN,af039950aa8c68ce7d24,25,single_donor,159698.346209,54,formal service-parts authority; support-interface corrected
MAN,b1c5f2c8858646a1cfce,189,complete_similarity,1788.24992703,54,formal service-parts authority; support-interface corrected
MAN,b1c5f2c8858646a1cfce,189,component_specific_transfer,1032.39674571,54,formal service-parts authority; support-interface corrected
MAN,b1c5f2c8858646a1cfce,189,matched_shared_relation,755.415541773,54,formal service-parts authority; support-interface corrected
MAN,b1c5f2c8858646a1cfce,189,single_donor,1120.1516235,54,formal service-parts authority; support-interface corrected
MAN,b2828b02f489a444e68f,236,complete_similarity,8491.61105476,54,formal service-parts authority; support-interface corrected
MAN,b2828b02f489a444e68f,236,component_specific_transfer,10867.5448536,54,formal service-parts authority; support-interface corrected
MAN,b2828b02f489a444e68f,236,matched_shared_relation,9274.6810539,54,formal service-parts authority; support-interface corrected
MAN,b2828b02f489a444e68f,236,single_donor,8333.61137634,54,formal service-parts authority; support-interface corrected
MAN,b2ccc40ec8587a168d5d,227,complete_similarity,26216.7363844,54,formal service-parts authority; support-interface corrected
MAN,b2ccc40ec8587a168d5d,227,component_specific_transfer,28774.8722016,54,formal service-parts authority; support-interface corrected
MAN,b2ccc40ec8587a168d5d,227,matched_shared_relation,30104.2898919,54,formal service-parts authority; support-interface corrected
MAN,b2ccc40ec8587a168d5d,227,single_donor,30278.4388909,54,formal service-parts authority; support-interface corrected
MAN,b7792f681bd5bb9d27bc,114,complete_similarity,1882.35696826,54,formal service-parts authority; support-interface corrected
MAN,b7792f681bd5bb9d27bc,114,component_specific_transfer,700.795157972,54,formal service-parts authority; support-interface corrected
MAN,b7792f681bd5bb9d27bc,114,matched_shared_relation,710.991856987,54,formal service-parts authority; support-interface corrected
MAN,b7792f681bd5bb9d27bc,114,single_donor,427.582634075,54,formal service-parts authority; support-interface corrected
MAN,b954e86b598806896ba6,69,complete_similarity,1863.72659613,54,formal service-parts authority; support-interface corrected
MAN,b954e86b598806896ba6,69,component_specific_transfer,1030.30695367,54,formal service-parts authority; support-interface corrected
MAN,b954e86b598806896ba6,69,matched_shared_relation,761.90324699,54,formal service-parts authority; support-interface corrected
MAN,b954e86b598806896ba6,69,single_donor,1097.17729296,54,formal service-parts authority; support-interface corrected
MAN,ba0f162b548a314f26bb,224,complete_similarity,3692.70948308,54,formal service-parts authority; support-interface corrected
MAN,ba0f162b548a314f26bb,224,component_specific_transfer,2831.84468969,54,formal service-parts authority; support-interface corrected
MAN,ba0f162b548a314f26bb,224,matched_shared_relation,3280.87472515,54,formal service-parts authority; support-interface corrected
MAN,ba0f162b548a314f26bb,224,single_donor,2771.40954026,54,formal service-parts authority; support-interface corrected
MAN,ba227d6fc61f53ff13c1,49,complete_similarity,57906.1461219,54,formal service-parts authority; support-interface corrected
MAN,ba227d6fc61f53ff13c1,49,component_specific_transfer,59141.3012079,54,formal service-parts authority; support-interface corrected
MAN,ba227d6fc61f53ff13c1,49,matched_shared_relation,58854.8398634,54,formal service-parts authority; support-interface corrected
MAN,ba227d6fc61f53ff13c1,49,single_donor,58559.9050685,54,formal service-parts authority; support-interface corrected
MAN,ba43b5a560abf6bc6669,148,complete_similarity,19249.0330205,54,formal service-parts authority; support-interface corrected
MAN,ba43b5a560abf6bc6669,148,component_specific_transfer,23657.2736228,54,formal service-parts authority; support-interface corrected
MAN,ba43b5a560abf6bc6669,148,matched_shared_relation,25298.0197008,54,formal service-parts authority; support-interface corrected
MAN,ba43b5a560abf6bc6669,148,single_donor,22968.4033233,54,formal service-parts authority; support-interface corrected
MAN,bbdcba930a36cfd01480,101,complete_similarity,6511.59687413,54,formal service-parts authority; support-interface corrected
MAN,bbdcba930a36cfd01480,101,component_specific_transfer,10554.8590282,54,formal service-parts authority; support-interface corrected
MAN,bbdcba930a36cfd01480,101,matched_shared_relation,8117.96529017,54,formal service-parts authority; support-interface corrected
MAN,bbdcba930a36cfd01480,101,single_donor,13252.5849146,54,formal service-parts authority; support-interface corrected
MAN,bc877b8ac9b5079df148,180,complete_similarity,14620.5222547,54,formal service-parts authority; support-interface corrected
MAN,bc877b8ac9b5079df148,180,component_specific_transfer,18301.4732215,54,formal service-parts authority; support-interface corrected
MAN,bc877b8ac9b5079df148,180,matched_shared_relation,16041.4104706,54,formal service-parts authority; support-interface corrected
MAN,bc877b8ac9b5079df148,180,single_donor,16649.0651222,54,formal service-parts authority; support-interface corrected
MAN,bd66ede342d217d6fd05,139,complete_similarity,3273.53598829,54,formal service-parts authority; support-interface corrected
MAN,bd66ede342d217d6fd05,139,component_specific_transfer,1621.00132566,54,formal service-parts authority; support-interface corrected
MAN,bd66ede342d217d6fd05,139,matched_shared_relation,1009.90575251,54,formal service-parts authority; support-interface corrected
MAN,bd66ede342d217d6fd05,139,single_donor,3604.09171036,54,formal service-parts authority; support-interface corrected
MAN,bd75f703c7114535ae6b,141,complete_similarity,14864.8119442,54,formal service-parts authority; support-interface corrected
MAN,bd75f703c7114535ae6b,141,component_specific_transfer,19803.7367578,54,formal service-parts authority; support-interface corrected
MAN,bd75f703c7114535ae6b,141,matched_shared_relation,13784.4716926,54,formal service-parts authority; support-interface corrected
MAN,bd75f703c7114535ae6b,141,single_donor,15348.290842,54,formal service-parts authority; support-interface corrected
MAN,bdcb598080d6054aba80,38,complete_similarity,2807.78122371,54,formal service-parts authority; support-interface corrected
MAN,bdcb598080d6054aba80,38,component_specific_transfer,2529.24294022,54,formal service-parts authority; support-interface corrected
MAN,bdcb598080d6054aba80,38,matched_shared_relation,2567.6674219,54,formal service-parts authority; support-interface corrected
MAN,bdcb598080d6054aba80,38,single_donor,3173.61196541,54,formal service-parts authority; support-interface corrected
MAN,be505e65a0482369d59b,16,complete_similarity,2033.44100488,54,formal service-parts authority; support-interface corrected
MAN,be505e65a0482369d59b,16,component_specific_transfer,708.66274641,54,formal service-parts authority; support-interface corrected
MAN,be505e65a0482369d59b,16,matched_shared_relation,394.001033465,54,formal service-parts authority; support-interface corrected
MAN,be505e65a0482369d59b,16,single_donor,424.788388445,54,formal service-parts authority; support-interface corrected
MAN,bf6d13b7d956897655d6,211,complete_similarity,187694.222824,54,formal service-parts authority; support-interface corrected
MAN,bf6d13b7d956897655d6,211,component_specific_transfer,199473.95359,54,formal service-parts authority; support-interface corrected
MAN,bf6d13b7d956897655d6,211,matched_shared_relation,194681.241009,54,formal service-parts authority; support-interface corrected
MAN,bf6d13b7d956897655d6,211,single_donor,189841.511139,54,formal service-parts authority; support-interface corrected
MAN,bfcead3b03c883f37313,104,complete_similarity,1310.98175185,54,formal service-parts authority; support-interface corrected
MAN,bfcead3b03c883f37313,104,component_specific_transfer,1359.72047362,54,formal service-parts authority; support-interface corrected
MAN,bfcead3b03c883f37313,104,matched_shared_relation,1830.92920301,54,formal service-parts authority; support-interface corrected
MAN,bfcead3b03c883f37313,104,single_donor,1275.93766044,54,formal service-parts authority; support-interface corrected
MAN,c2c969f63d9cfc929d92,216,complete_similarity,3381.4855494,54,formal service-parts authority; support-interface corrected
MAN,c2c969f63d9cfc929d92,216,component_specific_transfer,1110.68423601,54,formal service-parts authority; support-interface corrected
MAN,c2c969f63d9cfc929d92,216,matched_shared_relation,1196.53180989,54,formal service-parts authority; support-interface corrected
MAN,c2c969f63d9cfc929d92,216,single_donor,1088.27001426,54,formal service-parts authority; support-interface corrected
MAN,c2db9c8b3e69e250cffd,229,complete_similarity,52300.8835793,54,formal service-parts authority; support-interface corrected
MAN,c2db9c8b3e69e250cffd,229,component_specific_transfer,53999.3045604,54,formal service-parts authority; support-interface corrected
MAN,c2db9c8b3e69e250cffd,229,matched_shared_relation,54463.2453385,54,formal service-parts authority; support-interface corrected
MAN,c2db9c8b3e69e250cffd,229,single_donor,54211.2250406,54,formal service-parts authority; support-interface corrected
MAN,c30e9d224419dc88cfa5,149,complete_similarity,1369.86414267,54,formal service-parts authority; support-interface corrected
MAN,c30e9d224419dc88cfa5,149,component_specific_transfer,825.640377566,54,formal service-parts authority; support-interface corrected
MAN,c30e9d224419dc88cfa5,149,matched_shared_relation,1378.66612416,54,formal service-parts authority; support-interface corrected
MAN,c30e9d224419dc88cfa5,149,single_donor,1812.66710209,54,formal service-parts authority; support-interface corrected
MAN,c3d590cc3eb7d782b985,185,complete_similarity,11606.6195032,54,formal service-parts authority; support-interface corrected
MAN,c3d590cc3eb7d782b985,185,component_specific_transfer,13394.6737687,54,formal service-parts authority; support-interface corrected
MAN,c3d590cc3eb7d782b985,185,matched_shared_relation,13142.9145236,54,formal service-parts authority; support-interface corrected
MAN,c3d590cc3eb7d782b985,185,single_donor,10983.5741116,54,formal service-parts authority; support-interface corrected
MAN,c44fd81df5ca4b5ff729,110,complete_similarity,3851.62318729,54,formal service-parts authority; support-interface corrected
MAN,c44fd81df5ca4b5ff729,110,component_specific_transfer,4869.51479553,54,formal service-parts authority; support-interface corrected
MAN,c44fd81df5ca4b5ff729,110,matched_shared_relation,4655.87544692,54,formal service-parts authority; support-interface corrected
MAN,c44fd81df5ca4b5ff729,110,single_donor,3940.05264966,54,formal service-parts authority; support-interface corrected
MAN,c4cc195c9498e72dafe7,209,complete_similarity,61606.3534078,54,formal service-parts authority; support-interface corrected
MAN,c4cc195c9498e72dafe7,209,component_specific_transfer,63121.2028656,54,formal service-parts authority; support-interface corrected
MAN,c4cc195c9498e72dafe7,209,matched_shared_relation,63538.2632417,54,formal service-parts authority; support-interface corrected
MAN,c4cc195c9498e72dafe7,209,single_donor,63355.8469039,54,formal service-parts authority; support-interface corrected
MAN,c50693f0d83275367f61,103,complete_similarity,1141.00556234,54,formal service-parts authority; support-interface corrected
MAN,c50693f0d83275367f61,103,component_specific_transfer,536.964180691,54,formal service-parts authority; support-interface corrected
MAN,c50693f0d83275367f61,103,matched_shared_relation,558.96710464,54,formal service-parts authority; support-interface corrected
MAN,c50693f0d83275367f61,103,single_donor,2216.2762319,54,formal service-parts authority; support-interface corrected
MAN,c719a57d47240e123a37,28,complete_similarity,4977.72522182,54,formal service-parts authority; support-interface corrected
MAN,c719a57d47240e123a37,28,component_specific_transfer,8585.03984677,54,formal service-parts authority; support-interface corrected
MAN,c719a57d47240e123a37,28,matched_shared_relation,9906.04634075,54,formal service-parts authority; support-interface corrected
MAN,c719a57d47240e123a37,28,single_donor,5116.54391755,54,formal service-parts authority; support-interface corrected
MAN,c7dcfa5280e3d3f1cd44,194,complete_similarity,13070.9097938,54,formal service-parts authority; support-interface corrected
MAN,c7dcfa5280e3d3f1cd44,194,component_specific_transfer,14721.6374041,54,formal service-parts authority; support-interface corrected
MAN,c7dcfa5280e3d3f1cd44,194,matched_shared_relation,14479.0227811,54,formal service-parts authority; support-interface corrected
MAN,c7dcfa5280e3d3f1cd44,194,single_donor,16126.3018264,54,formal service-parts authority; support-interface corrected
MAN,c9144a252b21507a1424,23,complete_similarity,4078.42437067,54,formal service-parts authority; support-interface corrected
MAN,c9144a252b21507a1424,23,component_specific_transfer,4705.00780737,54,formal service-parts authority; support-interface corrected
MAN,c9144a252b21507a1424,23,matched_shared_relation,4796.91353521,54,formal service-parts authority; support-interface corrected
MAN,c9144a252b21507a1424,23,single_donor,3952.98059103,54,formal service-parts authority; support-interface corrected
MAN,c9569fdbf1be335d98fa,55,complete_similarity,2979.16859147,54,formal service-parts authority; support-interface corrected
MAN,c9569fdbf1be335d98fa,55,component_specific_transfer,3393.41901604,54,formal service-parts authority; support-interface corrected
MAN,c9569fdbf1be335d98fa,55,matched_shared_relation,3293.90961923,54,formal service-parts authority; support-interface corrected
MAN,c9569fdbf1be335d98fa,55,single_donor,3249.61338518,54,formal service-parts authority; support-interface corrected
MAN,cdd7b39da164e3dfa678,135,complete_similarity,795.754717256,54,formal service-parts authority; support-interface corrected
MAN,cdd7b39da164e3dfa678,135,component_specific_transfer,383.762159796,54,formal service-parts authority; support-interface corrected
MAN,cdd7b39da164e3dfa678,135,matched_shared_relation,332.408639183,54,formal service-parts authority; support-interface corrected
MAN,cdd7b39da164e3dfa678,135,single_donor,268.057365925,54,formal service-parts authority; support-interface corrected
MAN,cef73d4f65999133d177,9,complete_similarity,23438.3960698,54,formal service-parts authority; support-interface corrected
MAN,cef73d4f65999133d177,9,component_specific_transfer,27508.7316242,54,formal service-parts authority; support-interface corrected
MAN,cef73d4f65999133d177,9,matched_shared_relation,25070.0073862,54,formal service-parts authority; support-interface corrected
MAN,cef73d4f65999133d177,9,single_donor,21709.0842327,54,formal service-parts authority; support-interface corrected
MAN,cf4505b8d01725d1192b,166,complete_similarity,2278.32921734,54,formal service-parts authority; support-interface corrected
MAN,cf4505b8d01725d1192b,166,component_specific_transfer,4993.6808151,54,formal service-parts authority; support-interface corrected
MAN,cf4505b8d01725d1192b,166,matched_shared_relation,7182.16344931,54,formal service-parts authority; support-interface corrected
MAN,cf4505b8d01725d1192b,166,single_donor,2201.6543507,54,formal service-parts authority; support-interface corrected
MAN,d006c5120804bcb34b84,246,complete_similarity,685.006759311,54,formal service-parts authority; support-interface corrected
MAN,d006c5120804bcb34b84,246,component_specific_transfer,495.187294617,54,formal service-parts authority; support-interface corrected
MAN,d006c5120804bcb34b84,246,matched_shared_relation,720.775819044,54,formal service-parts authority; support-interface corrected
MAN,d006c5120804bcb34b84,246,single_donor,751.034056582,54,formal service-parts authority; support-interface corrected
MAN,d1a7776bbfe7e419a004,36,complete_similarity,1828.99181768,54,formal service-parts authority; support-interface corrected
MAN,d1a7776bbfe7e419a004,36,component_specific_transfer,1447.57856738,54,formal service-parts authority; support-interface corrected
MAN,d1a7776bbfe7e419a004,36,matched_shared_relation,2848.88866903,54,formal service-parts authority; support-interface corrected
MAN,d1a7776bbfe7e419a004,36,single_donor,1688.29085171,54,formal service-parts authority; support-interface corrected
MAN,d265375272ea27c8c7e6,199,complete_similarity,6575.71144932,54,formal service-parts authority; support-interface corrected
MAN,d265375272ea27c8c7e6,199,component_specific_transfer,7894.16887586,54,formal service-parts authority; support-interface corrected
MAN,d265375272ea27c8c7e6,199,matched_shared_relation,7649.75573616,54,formal service-parts authority; support-interface corrected
MAN,d265375272ea27c8c7e6,199,single_donor,7619.79148323,54,formal service-parts authority; support-interface corrected
MAN,d2a08321e0ba75110eeb,102,complete_similarity,2705.4369341,54,formal service-parts authority; support-interface corrected
MAN,d2a08321e0ba75110eeb,102,component_specific_transfer,3269.1345229,54,formal service-parts authority; support-interface corrected
MAN,d2a08321e0ba75110eeb,102,matched_shared_relation,3159.653577,54,formal service-parts authority; support-interface corrected
MAN,d2a08321e0ba75110eeb,102,single_donor,2756.51334947,54,formal service-parts authority; support-interface corrected
MAN,d3abdc34f9a99b7db0d4,53,complete_similarity,3840.91074658,54,formal service-parts authority; support-interface corrected
MAN,d3abdc34f9a99b7db0d4,53,component_specific_transfer,3907.27179596,54,formal service-parts authority; support-interface corrected
MAN,d3abdc34f9a99b7db0d4,53,matched_shared_relation,3546.51916076,54,formal service-parts authority; support-interface corrected
MAN,d3abdc34f9a99b7db0d4,53,single_donor,5354.50150244,54,formal service-parts authority; support-interface corrected
MAN,d50de4b713f87b5e5cab,79,complete_similarity,499.850503101,54,formal service-parts authority; support-interface corrected
MAN,d50de4b713f87b5e5cab,79,component_specific_transfer,327.008569951,54,formal service-parts authority; support-interface corrected
MAN,d50de4b713f87b5e5cab,79,matched_shared_relation,429.836126165,54,formal service-parts authority; support-interface corrected
MAN,d50de4b713f87b5e5cab,79,single_donor,446.887252463,54,formal service-parts authority; support-interface corrected
MAN,d546565cc2028bdd11fc,87,complete_similarity,4681.71219528,54,formal service-parts authority; support-interface corrected
MAN,d546565cc2028bdd11fc,87,component_specific_transfer,3518.02637392,54,formal service-parts authority; support-interface corrected
MAN,d546565cc2028bdd11fc,87,matched_shared_relation,3870.41396969,54,formal service-parts authority; support-interface corrected
MAN,d546565cc2028bdd11fc,87,single_donor,4454.89695864,54,formal service-parts authority; support-interface corrected
MAN,d59711604c755e538df2,107,complete_similarity,1780.75840934,54,formal service-parts authority; support-interface corrected
MAN,d59711604c755e538df2,107,component_specific_transfer,762.812550164,54,formal service-parts authority; support-interface corrected
MAN,d59711604c755e538df2,107,matched_shared_relation,569.767967895,54,formal service-parts authority; support-interface corrected
MAN,d59711604c755e538df2,107,single_donor,1265.3997811,54,formal service-parts authority; support-interface corrected
MAN,d59ce357ad8477702517,249,complete_similarity,16997.5878604,54,formal service-parts authority; support-interface corrected
MAN,d59ce357ad8477702517,249,component_specific_transfer,19134.5537239,54,formal service-parts authority; support-interface corrected
MAN,d59ce357ad8477702517,249,matched_shared_relation,19279.4117713,54,formal service-parts authority; support-interface corrected
MAN,d59ce357ad8477702517,249,single_donor,20633.0323704,54,formal service-parts authority; support-interface corrected
MAN,d5d85b60f258d468fc83,165,complete_similarity,8050.09060661,54,formal service-parts authority; support-interface corrected
MAN,d5d85b60f258d468fc83,165,component_specific_transfer,3599.91629465,54,formal service-parts authority; support-interface corrected
MAN,d5d85b60f258d468fc83,165,matched_shared_relation,3107.73258996,54,formal service-parts authority; support-interface corrected
MAN,d5d85b60f258d468fc83,165,single_donor,4902.54134722,54,formal service-parts authority; support-interface corrected
MAN,d7914abbde4a6b996de0,93,complete_similarity,1496.53046333,54,formal service-parts authority; support-interface corrected
MAN,d7914abbde4a6b996de0,93,component_specific_transfer,1108.95147756,54,formal service-parts authority; support-interface corrected
MAN,d7914abbde4a6b996de0,93,matched_shared_relation,1575.89529369,54,formal service-parts authority; support-interface corrected
MAN,d7914abbde4a6b996de0,93,single_donor,1430.1922656,54,formal service-parts authority; support-interface corrected
MAN,d95995840931c8e7e085,125,complete_similarity,1795.85422706,54,formal service-parts authority; support-interface corrected
MAN,d95995840931c8e7e085,125,component_specific_transfer,1920.5752247,54,formal service-parts authority; support-interface corrected
MAN,d95995840931c8e7e085,125,matched_shared_relation,2415.42271235,54,formal service-parts authority; support-interface corrected
MAN,d95995840931c8e7e085,125,single_donor,2930.50942921,54,formal service-parts authority; support-interface corrected
MAN,d9f93c28b2de013ae89a,35,complete_similarity,9159.7250001,54,formal service-parts authority; support-interface corrected
MAN,d9f93c28b2de013ae89a,35,component_specific_transfer,10911.0388256,54,formal service-parts authority; support-interface corrected
MAN,d9f93c28b2de013ae89a,35,matched_shared_relation,9608.90516308,54,formal service-parts authority; support-interface corrected
MAN,d9f93c28b2de013ae89a,35,single_donor,9079.17232045,54,formal service-parts authority; support-interface corrected
MAN,da2528f43a0e51ab657e,11,complete_similarity,34619.8872077,54,formal service-parts authority; support-interface corrected
MAN,da2528f43a0e51ab657e,11,component_specific_transfer,45740.5790189,54,formal service-parts authority; support-interface corrected
MAN,da2528f43a0e51ab657e,11,matched_shared_relation,47005.1925973,54,formal service-parts authority; support-interface corrected
MAN,da2528f43a0e51ab657e,11,single_donor,29224.0960233,54,formal service-parts authority; support-interface corrected
MAN,da34d23f62b00a535182,57,complete_similarity,131210.689801,54,formal service-parts authority; support-interface corrected
MAN,da34d23f62b00a535182,57,component_specific_transfer,156300.429329,54,formal service-parts authority; support-interface corrected
MAN,da34d23f62b00a535182,57,matched_shared_relation,160533.686684,54,formal service-parts authority; support-interface corrected
MAN,da34d23f62b00a535182,57,single_donor,151210.46825,54,formal service-parts authority; support-interface corrected
MAN,da9be7eaae6372327d1f,29,complete_similarity,2743.69289907,54,formal service-parts authority; support-interface corrected
MAN,da9be7eaae6372327d1f,29,component_specific_transfer,1271.76730457,54,formal service-parts authority; support-interface corrected
MAN,da9be7eaae6372327d1f,29,matched_shared_relation,1582.17515174,54,formal service-parts authority; support-interface corrected
MAN,da9be7eaae6372327d1f,29,single_donor,3153.13963053,54,formal service-parts authority; support-interface corrected
MAN,dcbde3db31a0036b8ad5,43,complete_similarity,805.071883122,54,formal service-parts authority; support-interface corrected
MAN,dcbde3db31a0036b8ad5,43,component_specific_transfer,934.174407814,54,formal service-parts authority; support-interface corrected
MAN,dcbde3db31a0036b8ad5,43,matched_shared_relation,957.367894929,54,formal service-parts authority; support-interface corrected
MAN,dcbde3db31a0036b8ad5,43,single_donor,1002.89783729,54,formal service-parts authority; support-interface corrected
MAN,de7d71cae1bd07bda394,100,complete_similarity,3099.56019348,54,formal service-parts authority; support-interface corrected
MAN,de7d71cae1bd07bda394,100,component_specific_transfer,2761.7789595,54,formal service-parts authority; support-interface corrected
MAN,de7d71cae1bd07bda394,100,matched_shared_relation,3109.50730495,54,formal service-parts authority; support-interface corrected
MAN,de7d71cae1bd07bda394,100,single_donor,3369.6468076,54,formal service-parts authority; support-interface corrected
MAN,deadacee5f5951b82fc3,241,complete_similarity,51637.3616075,54,formal service-parts authority; support-interface corrected
MAN,deadacee5f5951b82fc3,241,component_specific_transfer,60889.6852968,54,formal service-parts authority; support-interface corrected
MAN,deadacee5f5951b82fc3,241,matched_shared_relation,58951.160171,54,formal service-parts authority; support-interface corrected
MAN,deadacee5f5951b82fc3,241,single_donor,55787.0034685,54,formal service-parts authority; support-interface corrected
MAN,dfaac3ba0b4082c22478,2,complete_similarity,2411.1430432,54,formal service-parts authority; support-interface corrected
MAN,dfaac3ba0b4082c22478,2,component_specific_transfer,2478.64070014,54,formal service-parts authority; support-interface corrected
MAN,dfaac3ba0b4082c22478,2,matched_shared_relation,4875.23736327,54,formal service-parts authority; support-interface corrected
MAN,dfaac3ba0b4082c22478,2,single_donor,4757.3856363,54,formal service-parts authority; support-interface corrected
MAN,e20c04c17c9c594df326,186,complete_similarity,1570.25454496,54,formal service-parts authority; support-interface corrected
MAN,e20c04c17c9c594df326,186,component_specific_transfer,703.281762462,54,formal service-parts authority; support-interface corrected
MAN,e20c04c17c9c594df326,186,matched_shared_relation,671.540665981,54,formal service-parts authority; support-interface corrected
MAN,e20c04c17c9c594df326,186,single_donor,617.049553912,54,formal service-parts authority; support-interface corrected
MAN,e245f33c30c73f57d921,243,complete_similarity,21012.7733594,54,formal service-parts authority; support-interface corrected
MAN,e245f33c30c73f57d921,243,component_specific_transfer,31435.8723638,54,formal service-parts authority; support-interface corrected
MAN,e245f33c30c73f57d921,243,matched_shared_relation,35221.620587,54,formal service-parts authority; support-interface corrected
MAN,e245f33c30c73f57d921,243,single_donor,10826.9096758,54,formal service-parts authority; support-interface corrected
MAN,e471a197ea0743b4dbd9,247,complete_similarity,3778.89004995,54,formal service-parts authority; support-interface corrected
MAN,e471a197ea0743b4dbd9,247,component_specific_transfer,2464.96557222,54,formal service-parts authority; support-interface corrected
MAN,e471a197ea0743b4dbd9,247,matched_shared_relation,2494.78843581,54,formal service-parts authority; support-interface corrected
MAN,e471a197ea0743b4dbd9,247,single_donor,1207.34492972,54,formal service-parts authority; support-interface corrected
MAN,e4bab33ab85b1c6c8455,215,complete_similarity,1467.80729422,54,formal service-parts authority; support-interface corrected
MAN,e4bab33ab85b1c6c8455,215,component_specific_transfer,2520.40482319,54,formal service-parts authority; support-interface corrected
MAN,e4bab33ab85b1c6c8455,215,matched_shared_relation,5573.93067374,54,formal service-parts authority; support-interface corrected
MAN,e4bab33ab85b1c6c8455,215,single_donor,1300.64951053,54,formal service-parts authority; support-interface corrected
MAN,e67fcf633072ae280450,217,complete_similarity,2772.14629034,54,formal service-parts authority; support-interface corrected
MAN,e67fcf633072ae280450,217,component_specific_transfer,1281.43741169,54,formal service-parts authority; support-interface corrected
MAN,e67fcf633072ae280450,217,matched_shared_relation,1657.59560214,54,formal service-parts authority; support-interface corrected
MAN,e67fcf633072ae280450,217,single_donor,3256.07690624,54,formal service-parts authority; support-interface corrected
MAN,e6e862e946aa458974dc,223,complete_similarity,50751.4816092,54,formal service-parts authority; support-interface corrected
MAN,e6e862e946aa458974dc,223,component_specific_transfer,52996.5538125,54,formal service-parts authority; support-interface corrected
MAN,e6e862e946aa458974dc,223,matched_shared_relation,53581.606547,54,formal service-parts authority; support-interface corrected
MAN,e6e862e946aa458974dc,223,single_donor,54104.571656,54,formal service-parts authority; support-interface corrected
MAN,e7d03da462561fa3087a,4,complete_similarity,1142.01604723,54,formal service-parts authority; support-interface corrected
MAN,e7d03da462561fa3087a,4,component_specific_transfer,1279.93357434,54,formal service-parts authority; support-interface corrected
MAN,e7d03da462561fa3087a,4,matched_shared_relation,1003.08089947,54,formal service-parts authority; support-interface corrected
MAN,e7d03da462561fa3087a,4,single_donor,1813.30895874,54,formal service-parts authority; support-interface corrected
MAN,e88a8b6c8852ecc36e91,163,complete_similarity,951.067063845,54,formal service-parts authority; support-interface corrected
MAN,e88a8b6c8852ecc36e91,163,component_specific_transfer,934.181940897,54,formal service-parts authority; support-interface corrected
MAN,e88a8b6c8852ecc36e91,163,matched_shared_relation,1706.58650128,54,formal service-parts authority; support-interface corrected
MAN,e88a8b6c8852ecc36e91,163,single_donor,852.271131704,54,formal service-parts authority; support-interface corrected
MAN,e9db8fc9216ce69fb0ea,65,complete_similarity,7118.89548486,54,formal service-parts authority; support-interface corrected
MAN,e9db8fc9216ce69fb0ea,65,component_specific_transfer,7234.65270399,54,formal service-parts authority; support-interface corrected
MAN,e9db8fc9216ce69fb0ea,65,matched_shared_relation,7520.26186369,54,formal service-parts authority; support-interface corrected
MAN,e9db8fc9216ce69fb0ea,65,single_donor,7037.3245426,54,formal service-parts authority; support-interface corrected
MAN,eb4027245d852cf7c2d3,96,complete_similarity,2074.50492521,54,formal service-parts authority; support-interface corrected
MAN,eb4027245d852cf7c2d3,96,component_specific_transfer,1913.03903685,54,formal service-parts authority; support-interface corrected
MAN,eb4027245d852cf7c2d3,96,matched_shared_relation,2373.27406056,54,formal service-parts authority; support-interface corrected
MAN,eb4027245d852cf7c2d3,96,single_donor,1904.02568406,54,formal service-parts authority; support-interface corrected
MAN,ec3bc70b36f5960c2f39,71,complete_similarity,61288.0885304,54,formal service-parts authority; support-interface corrected
MAN,ec3bc70b36f5960c2f39,71,component_specific_transfer,73609.3409996,54,formal service-parts authority; support-interface corrected
MAN,ec3bc70b36f5960c2f39,71,matched_shared_relation,71573.7709768,54,formal service-parts authority; support-interface corrected
MAN,ec3bc70b36f5960c2f39,71,single_donor,66918.737411,54,formal service-parts authority; support-interface corrected
MAN,ec73912ffba7f27a156f,170,complete_similarity,1891.63955308,54,formal service-parts authority; support-interface corrected
MAN,ec73912ffba7f27a156f,170,component_specific_transfer,850.985395841,54,formal service-parts authority; support-interface corrected
MAN,ec73912ffba7f27a156f,170,matched_shared_relation,1900.07008391,54,formal service-parts authority; support-interface corrected
MAN,ec73912ffba7f27a156f,170,single_donor,1137.28718351,54,formal service-parts authority; support-interface corrected
MAN,ed0459d14b3e88079985,233,complete_similarity,7045.31140884,54,formal service-parts authority; support-interface corrected
MAN,ed0459d14b3e88079985,233,component_specific_transfer,14053.495433,54,formal service-parts authority; support-interface corrected
MAN,ed0459d14b3e88079985,233,matched_shared_relation,17384.5104919,54,formal service-parts authority; support-interface corrected
MAN,ed0459d14b3e88079985,233,single_donor,5137.11412345,54,formal service-parts authority; support-interface corrected
MAN,ed12c30a83edf8f30e94,158,complete_similarity,9345.25806958,54,formal service-parts authority; support-interface corrected
MAN,ed12c30a83edf8f30e94,158,component_specific_transfer,9972.79881914,54,formal service-parts authority; support-interface corrected
MAN,ed12c30a83edf8f30e94,158,matched_shared_relation,9072.26834188,54,formal service-parts authority; support-interface corrected
MAN,ed12c30a83edf8f30e94,158,single_donor,7868.05655613,54,formal service-parts authority; support-interface corrected
MAN,ef6c315d9d2e19c0004a,192,complete_similarity,7362.09571503,54,formal service-parts authority; support-interface corrected
MAN,ef6c315d9d2e19c0004a,192,component_specific_transfer,9218.46322338,54,formal service-parts authority; support-interface corrected
MAN,ef6c315d9d2e19c0004a,192,matched_shared_relation,10844.8868917,54,formal service-parts authority; support-interface corrected
MAN,ef6c315d9d2e19c0004a,192,single_donor,21524.4114567,54,formal service-parts authority; support-interface corrected
MAN,f130ea2fc3a77c05ddb4,72,complete_similarity,17060.3939777,54,formal service-parts authority; support-interface corrected
MAN,f130ea2fc3a77c05ddb4,72,component_specific_transfer,19003.0656262,54,formal service-parts authority; support-interface corrected
MAN,f130ea2fc3a77c05ddb4,72,matched_shared_relation,19510.9574228,54,formal service-parts authority; support-interface corrected
MAN,f130ea2fc3a77c05ddb4,72,single_donor,17239.8104222,54,formal service-parts authority; support-interface corrected
MAN,f1bfbcca768b7e7e9699,171,complete_similarity,1966.27870598,54,formal service-parts authority; support-interface corrected
MAN,f1bfbcca768b7e7e9699,171,component_specific_transfer,691.432758847,54,formal service-parts authority; support-interface corrected
MAN,f1bfbcca768b7e7e9699,171,matched_shared_relation,324.987861099,54,formal service-parts authority; support-interface corrected
MAN,f1bfbcca768b7e7e9699,171,single_donor,271.627102252,54,formal service-parts authority; support-interface corrected
MAN,f294d9dd9a5652ccfa53,122,complete_similarity,31972.3376339,54,formal service-parts authority; support-interface corrected
MAN,f294d9dd9a5652ccfa53,122,component_specific_transfer,36178.9212961,54,formal service-parts authority; support-interface corrected
MAN,f294d9dd9a5652ccfa53,122,matched_shared_relation,36443.6353023,54,formal service-parts authority; support-interface corrected
MAN,f294d9dd9a5652ccfa53,122,single_donor,34573.9681735,54,formal service-parts authority; support-interface corrected
MAN,f475ed19d19463c47fe2,138,complete_similarity,191519.131605,54,formal service-parts authority; support-interface corrected
MAN,f475ed19d19463c47fe2,138,component_specific_transfer,211277.72337,54,formal service-parts authority; support-interface corrected
MAN,f475ed19d19463c47fe2,138,matched_shared_relation,214726.410743,54,formal service-parts authority; support-interface corrected
MAN,f475ed19d19463c47fe2,138,single_donor,217209.121293,54,formal service-parts authority; support-interface corrected
MAN,f47e275b1c26baac84eb,181,complete_similarity,2335.47926769,54,formal service-parts authority; support-interface corrected
MAN,f47e275b1c26baac84eb,181,component_specific_transfer,801.664408079,54,formal service-parts authority; support-interface corrected
MAN,f47e275b1c26baac84eb,181,matched_shared_relation,317.865636297,54,formal service-parts authority; support-interface corrected
MAN,f47e275b1c26baac84eb,181,single_donor,4644.69825611,54,formal service-parts authority; support-interface corrected
MAN,f5869c9f62d252af28b8,178,complete_similarity,27045.5672731,54,formal service-parts authority; support-interface corrected
MAN,f5869c9f62d252af28b8,178,component_specific_transfer,32824.5127226,54,formal service-parts authority; support-interface corrected
MAN,f5869c9f62d252af28b8,178,matched_shared_relation,19700.6930118,54,formal service-parts authority; support-interface corrected
MAN,f5869c9f62d252af28b8,178,single_donor,28060.635027,54,formal service-parts authority; support-interface corrected
MAN,f80da840b2859321facd,37,complete_similarity,972.877553468,54,formal service-parts authority; support-interface corrected
MAN,f80da840b2859321facd,37,component_specific_transfer,583.442575039,54,formal service-parts authority; support-interface corrected
MAN,f80da840b2859321facd,37,matched_shared_relation,628.587261683,54,formal service-parts authority; support-interface corrected
MAN,f80da840b2859321facd,37,single_donor,521.388022951,54,formal service-parts authority; support-interface corrected
MAN,f86cd50f92ca672e623e,41,complete_similarity,1517.49979729,54,formal service-parts authority; support-interface corrected
MAN,f86cd50f92ca672e623e,41,component_specific_transfer,1301.56669059,54,formal service-parts authority; support-interface corrected
MAN,f86cd50f92ca672e623e,41,matched_shared_relation,1451.77186627,54,formal service-parts authority; support-interface corrected
MAN,f86cd50f92ca672e623e,41,single_donor,2723.5651981,54,formal service-parts authority; support-interface corrected
MAN,f8715036a6d1720acbe5,92,complete_similarity,795.930156877,54,formal service-parts authority; support-interface corrected
MAN,f8715036a6d1720acbe5,92,component_specific_transfer,404.287063116,54,formal service-parts authority; support-interface corrected
MAN,f8715036a6d1720acbe5,92,matched_shared_relation,337.581846042,54,formal service-parts authority; support-interface corrected
MAN,f8715036a6d1720acbe5,92,single_donor,276.742998906,54,formal service-parts authority; support-interface corrected
MAN,f93c767e49bf47be0ce2,42,complete_similarity,5410.486888,54,formal service-parts authority; support-interface corrected
MAN,f93c767e49bf47be0ce2,42,component_specific_transfer,6802.30453385,54,formal service-parts authority; support-interface corrected
MAN,f93c767e49bf47be0ce2,42,matched_shared_relation,12849.8608232,54,formal service-parts authority; support-interface corrected
MAN,f93c767e49bf47be0ce2,42,single_donor,17604.1085815,54,formal service-parts authority; support-interface corrected
MAN,fa8aaf403dc508129ef4,144,complete_similarity,20713.8140128,54,formal service-parts authority; support-interface corrected
MAN,fa8aaf403dc508129ef4,144,component_specific_transfer,23480.8888097,54,formal service-parts authority; support-interface corrected
MAN,fa8aaf403dc508129ef4,144,matched_shared_relation,22464.4427747,54,formal service-parts authority; support-interface corrected
MAN,fa8aaf403dc508129ef4,144,single_donor,27196.6801333,54,formal service-parts authority; support-interface corrected
MAN,fc5832ed44db6522440b,50,complete_similarity,9604.2677453,54,formal service-parts authority; support-interface corrected
MAN,fc5832ed44db6522440b,50,component_specific_transfer,10990.0284129,54,formal service-parts authority; support-interface corrected
MAN,fc5832ed44db6522440b,50,matched_shared_relation,11986.1145049,54,formal service-parts authority; support-interface corrected
MAN,fc5832ed44db6522440b,50,single_donor,9557.35463649,54,formal service-parts authority; support-interface corrected
MAN,fddbef86e2eb23896659,239,complete_similarity,25171.8924961,54,formal service-parts authority; support-interface corrected
MAN,fddbef86e2eb23896659,239,component_specific_transfer,30885.4428012,54,formal service-parts authority; support-interface corrected
MAN,fddbef86e2eb23896659,239,matched_shared_relation,35159.6520314,54,formal service-parts authority; support-interface corrected
MAN,fddbef86e2eb23896659,239,single_donor,34485.3157375,54,formal service-parts authority; support-interface corrected
MAN,fe8997d813517213f122,123,complete_similarity,4195.67222314,54,formal service-parts authority; support-interface corrected
MAN,fe8997d813517213f122,123,component_specific_transfer,3315.40860336,54,formal service-parts authority; support-interface corrected
MAN,fe8997d813517213f122,123,matched_shared_relation,3658.56299294,54,formal service-parts authority; support-interface corrected
MAN,fe8997d813517213f122,123,single_donor,3769.50383072,54,formal service-parts authority; support-interface corrected
MAN,fec4e537fca3557f3ba8,48,complete_similarity,42637.6568958,54,formal service-parts authority; support-interface corrected
MAN,fec4e537fca3557f3ba8,48,component_specific_transfer,45284.046957,54,formal service-parts authority; support-interface corrected
MAN,fec4e537fca3557f3ba8,48,matched_shared_relation,45991.8350794,54,formal service-parts authority; support-interface corrected
MAN,fec4e537fca3557f3ba8,48,single_donor,43916.477772,54,formal service-parts authority; support-interface corrected
UCI,0054d1236cfd1e3cccc2,46,complete_similarity,2450,12,frozen UCI isolated-product evaluation v3
UCI,0054d1236cfd1e3cccc2,46,component_specific_transfer,1026,12,frozen UCI isolated-product evaluation v3
UCI,0054d1236cfd1e3cccc2,46,matched_shared_relation,5524,12,frozen UCI isolated-product evaluation v3
UCI,0054d1236cfd1e3cccc2,46,single_donor,691,12,frozen UCI isolated-product evaluation v3
UCI,008b99e987fd923d75f4,34,complete_similarity,543,12,frozen UCI isolated-product evaluation v3
UCI,008b99e987fd923d75f4,34,component_specific_transfer,652,12,frozen UCI isolated-product evaluation v3
UCI,008b99e987fd923d75f4,34,matched_shared_relation,2178,12,frozen UCI isolated-product evaluation v3
UCI,008b99e987fd923d75f4,34,single_donor,2336,12,frozen UCI isolated-product evaluation v3
UCI,01daf02075695040b0c6,40,complete_similarity,6456,12,frozen UCI isolated-product evaluation v3
UCI,01daf02075695040b0c6,40,component_specific_transfer,972,12,frozen UCI isolated-product evaluation v3
UCI,01daf02075695040b0c6,40,matched_shared_relation,295,12,frozen UCI isolated-product evaluation v3
UCI,01daf02075695040b0c6,40,single_donor,11410,12,frozen UCI isolated-product evaluation v3
UCI,02016268e7222c745d92,42,complete_similarity,5219,12,frozen UCI isolated-product evaluation v3
UCI,02016268e7222c745d92,42,component_specific_transfer,930,12,frozen UCI isolated-product evaluation v3
UCI,02016268e7222c745d92,42,matched_shared_relation,685,12,frozen UCI isolated-product evaluation v3
UCI,02016268e7222c745d92,42,single_donor,2004,12,frozen UCI isolated-product evaluation v3
UCI,0b59a56e472821fd7f0e,110,complete_similarity,2768,12,frozen UCI isolated-product evaluation v3
UCI,0b59a56e472821fd7f0e,110,component_specific_transfer,119,12,frozen UCI isolated-product evaluation v3
UCI,0b59a56e472821fd7f0e,110,matched_shared_relation,99,12,frozen UCI isolated-product evaluation v3
UCI,0b59a56e472821fd7f0e,110,single_donor,8390,12,frozen UCI isolated-product evaluation v3
UCI,0cd9f4e83fdc8d77e8e7,0,complete_similarity,1315,12,frozen UCI isolated-product evaluation v3
UCI,0cd9f4e83fdc8d77e8e7,0,component_specific_transfer,155,12,frozen UCI isolated-product evaluation v3
UCI,0cd9f4e83fdc8d77e8e7,0,matched_shared_relation,127,12,frozen UCI isolated-product evaluation v3
UCI,0cd9f4e83fdc8d77e8e7,0,single_donor,3342,12,frozen UCI isolated-product evaluation v3
UCI,0d096efc5a62984e86b8,32,complete_similarity,345,12,frozen UCI isolated-product evaluation v3
UCI,0d096efc5a62984e86b8,32,component_specific_transfer,259,12,frozen UCI isolated-product evaluation v3
UCI,0d096efc5a62984e86b8,32,matched_shared_relation,387,12,frozen UCI isolated-product evaluation v3
UCI,0d096efc5a62984e86b8,32,single_donor,470,12,frozen UCI isolated-product evaluation v3
UCI,0ef581f518c358282248,107,complete_similarity,450,12,frozen UCI isolated-product evaluation v3
UCI,0ef581f518c358282248,107,component_specific_transfer,88,12,frozen UCI isolated-product evaluation v3
UCI,0ef581f518c358282248,107,matched_shared_relation,44,12,frozen UCI isolated-product evaluation v3
UCI,0ef581f518c358282248,107,single_donor,25,12,frozen UCI isolated-product evaluation v3
UCI,10086a7e7d1ac27856fb,69,complete_similarity,2811,12,frozen UCI isolated-product evaluation v3
UCI,10086a7e7d1ac27856fb,69,component_specific_transfer,2914,12,frozen UCI isolated-product evaluation v3
UCI,10086a7e7d1ac27856fb,69,matched_shared_relation,3668,12,frozen UCI isolated-product evaluation v3
UCI,10086a7e7d1ac27856fb,69,single_donor,4492,12,frozen UCI isolated-product evaluation v3
UCI,11f0b06b94427c7aa33d,26,complete_similarity,1578,12,frozen UCI isolated-product evaluation v3
UCI,11f0b06b94427c7aa33d,26,component_specific_transfer,597,12,frozen UCI isolated-product evaluation v3
UCI,11f0b06b94427c7aa33d,26,matched_shared_relation,760,12,frozen UCI isolated-product evaluation v3
UCI,11f0b06b94427c7aa33d,26,single_donor,1347,12,frozen UCI isolated-product evaluation v3
UCI,1315e0ce68b41a0c882c,113,complete_similarity,802,12,frozen UCI isolated-product evaluation v3
UCI,1315e0ce68b41a0c882c,113,component_specific_transfer,131,12,frozen UCI isolated-product evaluation v3
UCI,1315e0ce68b41a0c882c,113,matched_shared_relation,41,12,frozen UCI isolated-product evaluation v3
UCI,1315e0ce68b41a0c882c,113,single_donor,1216,12,frozen UCI isolated-product evaluation v3
UCI,1f66c4059c4da3de3c48,111,complete_similarity,112,12,frozen UCI isolated-product evaluation v3
UCI,1f66c4059c4da3de3c48,111,component_specific_transfer,174,12,frozen UCI isolated-product evaluation v3
UCI,1f66c4059c4da3de3c48,111,matched_shared_relation,231,12,frozen UCI isolated-product evaluation v3
UCI,1f66c4059c4da3de3c48,111,single_donor,112,12,frozen UCI isolated-product evaluation v3
UCI,1f946a505cefc2025917,47,complete_similarity,869,12,frozen UCI isolated-product evaluation v3
UCI,1f946a505cefc2025917,47,component_specific_transfer,479,12,frozen UCI isolated-product evaluation v3
UCI,1f946a505cefc2025917,47,matched_shared_relation,553,12,frozen UCI isolated-product evaluation v3
UCI,1f946a505cefc2025917,47,single_donor,1708,12,frozen UCI isolated-product evaluation v3
UCI,21a750d3e77964633916,56,complete_similarity,1307,12,frozen UCI isolated-product evaluation v3
UCI,21a750d3e77964633916,56,component_specific_transfer,3543,12,frozen UCI isolated-product evaluation v3
UCI,21a750d3e77964633916,56,matched_shared_relation,6239,12,frozen UCI isolated-product evaluation v3
UCI,21a750d3e77964633916,56,single_donor,2533,12,frozen UCI isolated-product evaluation v3
UCI,237fdc3ead76df8e12ce,3,complete_similarity,1072,12,frozen UCI isolated-product evaluation v3
UCI,237fdc3ead76df8e12ce,3,component_specific_transfer,1497,12,frozen UCI isolated-product evaluation v3
UCI,237fdc3ead76df8e12ce,3,matched_shared_relation,1531,12,frozen UCI isolated-product evaluation v3
UCI,237fdc3ead76df8e12ce,3,single_donor,3009,12,frozen UCI isolated-product evaluation v3
UCI,239583df2e85e3fc842a,103,complete_similarity,18640,12,frozen UCI isolated-product evaluation v3
UCI,239583df2e85e3fc842a,103,component_specific_transfer,53936,12,frozen UCI isolated-product evaluation v3
UCI,239583df2e85e3fc842a,103,matched_shared_relation,58599,12,frozen UCI isolated-product evaluation v3
UCI,239583df2e85e3fc842a,103,single_donor,4931,12,frozen UCI isolated-product evaluation v3
UCI,24c123781484f9c9aef1,57,complete_similarity,1005,12,frozen UCI isolated-product evaluation v3
UCI,24c123781484f9c9aef1,57,component_specific_transfer,1873,12,frozen UCI isolated-product evaluation v3
UCI,24c123781484f9c9aef1,57,matched_shared_relation,5298,12,frozen UCI isolated-product evaluation v3
UCI,24c123781484f9c9aef1,57,single_donor,964,12,frozen UCI isolated-product evaluation v3
UCI,25f83bb52bb396b405fc,30,complete_similarity,2312,12,frozen UCI isolated-product evaluation v3
UCI,25f83bb52bb396b405fc,30,component_specific_transfer,164,12,frozen UCI isolated-product evaluation v3
UCI,25f83bb52bb396b405fc,30,matched_shared_relation,232,12,frozen UCI isolated-product evaluation v3
UCI,25f83bb52bb396b405fc,30,single_donor,580,12,frozen UCI isolated-product evaluation v3
UCI,26745fe3698db3b5c519,8,complete_similarity,2376,12,frozen UCI isolated-product evaluation v3
UCI,26745fe3698db3b5c519,8,component_specific_transfer,441,12,frozen UCI isolated-product evaluation v3
UCI,26745fe3698db3b5c519,8,matched_shared_relation,359,12,frozen UCI isolated-product evaluation v3
UCI,26745fe3698db3b5c519,8,single_donor,5753,12,frozen UCI isolated-product evaluation v3
UCI,27a52bf52353987baf6d,112,complete_similarity,78,12,frozen UCI isolated-product evaluation v3
UCI,27a52bf52353987baf6d,112,component_specific_transfer,83,12,frozen UCI isolated-product evaluation v3
UCI,27a52bf52353987baf6d,112,matched_shared_relation,45,12,frozen UCI isolated-product evaluation v3
UCI,27a52bf52353987baf6d,112,single_donor,100,12,frozen UCI isolated-product evaluation v3
UCI,2a12e101302f4d0b339b,37,complete_similarity,2661,12,frozen UCI isolated-product evaluation v3
UCI,2a12e101302f4d0b339b,37,component_specific_transfer,1647,12,frozen UCI isolated-product evaluation v3
UCI,2a12e101302f4d0b339b,37,matched_shared_relation,6844,12,frozen UCI isolated-product evaluation v3
UCI,2a12e101302f4d0b339b,37,single_donor,2725,12,frozen UCI isolated-product evaluation v3
UCI,2a4e92d343d3c94f77dc,115,complete_similarity,320,12,frozen UCI isolated-product evaluation v3
UCI,2a4e92d343d3c94f77dc,115,component_specific_transfer,52,12,frozen UCI isolated-product evaluation v3
UCI,2a4e92d343d3c94f77dc,115,matched_shared_relation,23,12,frozen UCI isolated-product evaluation v3
UCI,2a4e92d343d3c94f77dc,115,single_donor,255,12,frozen UCI isolated-product evaluation v3
UCI,2f3e7db9cd52532822f7,93,complete_similarity,4182,12,frozen UCI isolated-product evaluation v3
UCI,2f3e7db9cd52532822f7,93,component_specific_transfer,247,12,frozen UCI isolated-product evaluation v3
UCI,2f3e7db9cd52532822f7,93,matched_shared_relation,68,12,frozen UCI isolated-product evaluation v3
UCI,2f3e7db9cd52532822f7,93,single_donor,28,12,frozen UCI isolated-product evaluation v3
UCI,36a3dc0679eaa19b0482,24,complete_similarity,1110,12,frozen UCI isolated-product evaluation v3
UCI,36a3dc0679eaa19b0482,24,component_specific_transfer,612,12,frozen UCI isolated-product evaluation v3
UCI,36a3dc0679eaa19b0482,24,matched_shared_relation,980,12,frozen UCI isolated-product evaluation v3
UCI,36a3dc0679eaa19b0482,24,single_donor,801,12,frozen UCI isolated-product evaluation v3
UCI,38cb1199623b1ebdf7aa,75,complete_similarity,371,12,frozen UCI isolated-product evaluation v3
UCI,38cb1199623b1ebdf7aa,75,component_specific_transfer,230,12,frozen UCI isolated-product evaluation v3
UCI,38cb1199623b1ebdf7aa,75,matched_shared_relation,252,12,frozen UCI isolated-product evaluation v3
UCI,38cb1199623b1ebdf7aa,75,single_donor,157,12,frozen UCI isolated-product evaluation v3
UCI,3e23a445ef8f7b84e99a,31,complete_similarity,6142,12,frozen UCI isolated-product evaluation v3
UCI,3e23a445ef8f7b84e99a,31,component_specific_transfer,15805,12,frozen UCI isolated-product evaluation v3
UCI,3e23a445ef8f7b84e99a,31,matched_shared_relation,19328,12,frozen UCI isolated-product evaluation v3
UCI,3e23a445ef8f7b84e99a,31,single_donor,17034,12,frozen UCI isolated-product evaluation v3
UCI,3e550bb678516a01414a,78,complete_similarity,12713,12,frozen UCI isolated-product evaluation v3
UCI,3e550bb678516a01414a,78,component_specific_transfer,525,12,frozen UCI isolated-product evaluation v3
UCI,3e550bb678516a01414a,78,matched_shared_relation,447,12,frozen UCI isolated-product evaluation v3
UCI,3e550bb678516a01414a,78,single_donor,48597,12,frozen UCI isolated-product evaluation v3
UCI,3f61c0ef59efd0afbf35,61,complete_similarity,2287,12,frozen UCI isolated-product evaluation v3
UCI,3f61c0ef59efd0afbf35,61,component_specific_transfer,7547,12,frozen UCI isolated-product evaluation v3
UCI,3f61c0ef59efd0afbf35,61,matched_shared_relation,9600,12,frozen UCI isolated-product evaluation v3
UCI,3f61c0ef59efd0afbf35,61,single_donor,9930,12,frozen UCI isolated-product evaluation v3
UCI,42e0b91d3e4933d56b23,12,complete_similarity,1278,12,frozen UCI isolated-product evaluation v3
UCI,42e0b91d3e4933d56b23,12,component_specific_transfer,418,12,frozen UCI isolated-product evaluation v3
UCI,42e0b91d3e4933d56b23,12,matched_shared_relation,367,12,frozen UCI isolated-product evaluation v3
UCI,42e0b91d3e4933d56b23,12,single_donor,763,12,frozen UCI isolated-product evaluation v3
UCI,42fa7606d658da0e129e,33,complete_similarity,3378,12,frozen UCI isolated-product evaluation v3
UCI,42fa7606d658da0e129e,33,component_specific_transfer,550,12,frozen UCI isolated-product evaluation v3
UCI,42fa7606d658da0e129e,33,matched_shared_relation,424,12,frozen UCI isolated-product evaluation v3
UCI,42fa7606d658da0e129e,33,single_donor,3093,12,frozen UCI isolated-product evaluation v3
UCI,433078012f6bfd01158e,53,complete_similarity,1113,12,frozen UCI isolated-product evaluation v3
UCI,433078012f6bfd01158e,53,component_specific_transfer,474,12,frozen UCI isolated-product evaluation v3
UCI,433078012f6bfd01158e,53,matched_shared_relation,597,12,frozen UCI isolated-product evaluation v3
UCI,433078012f6bfd01158e,53,single_donor,292,12,frozen UCI isolated-product evaluation v3
UCI,44ac91e5805abc0acaf8,64,complete_similarity,1321,12,frozen UCI isolated-product evaluation v3
UCI,44ac91e5805abc0acaf8,64,component_specific_transfer,161,12,frozen UCI isolated-product evaluation v3
UCI,44ac91e5805abc0acaf8,64,matched_shared_relation,133,12,frozen UCI isolated-product evaluation v3
UCI,44ac91e5805abc0acaf8,64,single_donor,3348,12,frozen UCI isolated-product evaluation v3
UCI,458006cef4c90c25d05e,97,complete_similarity,1082,12,frozen UCI isolated-product evaluation v3
UCI,458006cef4c90c25d05e,97,component_specific_transfer,576,12,frozen UCI isolated-product evaluation v3
UCI,458006cef4c90c25d05e,97,matched_shared_relation,6403,12,frozen UCI isolated-product evaluation v3
UCI,458006cef4c90c25d05e,97,single_donor,1239,12,frozen UCI isolated-product evaluation v3
UCI,45807d63d6b392eae0e3,104,complete_similarity,984,12,frozen UCI isolated-product evaluation v3
UCI,45807d63d6b392eae0e3,104,component_specific_transfer,130,12,frozen UCI isolated-product evaluation v3
UCI,45807d63d6b392eae0e3,104,matched_shared_relation,25,12,frozen UCI isolated-product evaluation v3
UCI,45807d63d6b392eae0e3,104,single_donor,577,12,frozen UCI isolated-product evaluation v3
UCI,4705dcee9e415425d11c,105,complete_similarity,3902,12,frozen UCI isolated-product evaluation v3
UCI,4705dcee9e415425d11c,105,component_specific_transfer,809,12,frozen UCI isolated-product evaluation v3
UCI,4705dcee9e415425d11c,105,matched_shared_relation,425,12,frozen UCI isolated-product evaluation v3
UCI,4705dcee9e415425d11c,105,single_donor,732,12,frozen UCI isolated-product evaluation v3
UCI,484314530246f43b638c,21,complete_similarity,3480,12,frozen UCI isolated-product evaluation v3
UCI,484314530246f43b638c,21,component_specific_transfer,831,12,frozen UCI isolated-product evaluation v3
UCI,484314530246f43b638c,21,matched_shared_relation,48,12,frozen UCI isolated-product evaluation v3
UCI,484314530246f43b638c,21,single_donor,3995,12,frozen UCI isolated-product evaluation v3
UCI,4c0699b282d39b728ee7,62,complete_similarity,2753,12,frozen UCI isolated-product evaluation v3
UCI,4c0699b282d39b728ee7,62,component_specific_transfer,1401,12,frozen UCI isolated-product evaluation v3
UCI,4c0699b282d39b728ee7,62,matched_shared_relation,1503,12,frozen UCI isolated-product evaluation v3
UCI,4c0699b282d39b728ee7,62,single_donor,2329,12,frozen UCI isolated-product evaluation v3
UCI,4e134f45cd3b996cfb86,44,complete_similarity,538,12,frozen UCI isolated-product evaluation v3
UCI,4e134f45cd3b996cfb86,44,component_specific_transfer,500,12,frozen UCI isolated-product evaluation v3
UCI,4e134f45cd3b996cfb86,44,matched_shared_relation,582,12,frozen UCI isolated-product evaluation v3
UCI,4e134f45cd3b996cfb86,44,single_donor,636,12,frozen UCI isolated-product evaluation v3
UCI,51d8df76c6ba2c1b02b3,106,complete_similarity,793,12,frozen UCI isolated-product evaluation v3
UCI,51d8df76c6ba2c1b02b3,106,component_specific_transfer,82,12,frozen UCI isolated-product evaluation v3
UCI,51d8df76c6ba2c1b02b3,106,matched_shared_relation,18,12,frozen UCI isolated-product evaluation v3
UCI,51d8df76c6ba2c1b02b3,106,single_donor,188,12,frozen UCI isolated-product evaluation v3
UCI,536e8e20c1c556b29165,59,complete_similarity,3463,12,frozen UCI isolated-product evaluation v3
UCI,536e8e20c1c556b29165,59,component_specific_transfer,2962,12,frozen UCI isolated-product evaluation v3
UCI,536e8e20c1c556b29165,59,matched_shared_relation,7953,12,frozen UCI isolated-product evaluation v3
UCI,536e8e20c1c556b29165,59,single_donor,15020,12,frozen UCI isolated-product evaluation v3
UCI,5539a12e9a6fda43a083,1,complete_similarity,46889,12,frozen UCI isolated-product evaluation v3
UCI,5539a12e9a6fda43a083,1,component_specific_transfer,54780,12,frozen UCI isolated-product evaluation v3
UCI,5539a12e9a6fda43a083,1,matched_shared_relation,46010,12,frozen UCI isolated-product evaluation v3
UCI,5539a12e9a6fda43a083,1,single_donor,59379,12,frozen UCI isolated-product evaluation v3
UCI,598f74996fb363eb099a,92,complete_similarity,22584,12,frozen UCI isolated-product evaluation v3
UCI,598f74996fb363eb099a,92,component_specific_transfer,25942,12,frozen UCI isolated-product evaluation v3
UCI,598f74996fb363eb099a,92,matched_shared_relation,26266,12,frozen UCI isolated-product evaluation v3
UCI,598f74996fb363eb099a,92,single_donor,22997,12,frozen UCI isolated-product evaluation v3
UCI,5a130a923fea0e0df4ff,17,complete_similarity,6197,12,frozen UCI isolated-product evaluation v3
UCI,5a130a923fea0e0df4ff,17,component_specific_transfer,1101,12,frozen UCI isolated-product evaluation v3
UCI,5a130a923fea0e0df4ff,17,matched_shared_relation,1512,12,frozen UCI isolated-product evaluation v3
UCI,5a130a923fea0e0df4ff,17,single_donor,1749,12,frozen UCI isolated-product evaluation v3
UCI,611c2e5d00a6bbdde5c2,20,complete_similarity,3888,12,frozen UCI isolated-product evaluation v3
UCI,611c2e5d00a6bbdde5c2,20,component_specific_transfer,381,12,frozen UCI isolated-product evaluation v3
UCI,611c2e5d00a6bbdde5c2,20,matched_shared_relation,50,12,frozen UCI isolated-product evaluation v3
UCI,611c2e5d00a6bbdde5c2,20,single_donor,131,12,frozen UCI isolated-product evaluation v3
UCI,615cd6f6ab2f911d8dcd,28,complete_similarity,552,12,frozen UCI isolated-product evaluation v3
UCI,615cd6f6ab2f911d8dcd,28,component_specific_transfer,623,12,frozen UCI isolated-product evaluation v3
UCI,615cd6f6ab2f911d8dcd,28,matched_shared_relation,1789,12,frozen UCI isolated-product evaluation v3
UCI,615cd6f6ab2f911d8dcd,28,single_donor,1485,12,frozen UCI isolated-product evaluation v3
UCI,64a182997161d72bec64,66,complete_similarity,705,12,frozen UCI isolated-product evaluation v3
UCI,64a182997161d72bec64,66,component_specific_transfer,783,12,frozen UCI isolated-product evaluation v3
UCI,64a182997161d72bec64,66,matched_shared_relation,754,12,frozen UCI isolated-product evaluation v3
UCI,64a182997161d72bec64,66,single_donor,2211,12,frozen UCI isolated-product evaluation v3
UCI,670e4f369eaafe6b4b1b,95,complete_similarity,1272,12,frozen UCI isolated-product evaluation v3
UCI,670e4f369eaafe6b4b1b,95,component_specific_transfer,513,12,frozen UCI isolated-product evaluation v3
UCI,670e4f369eaafe6b4b1b,95,matched_shared_relation,863,12,frozen UCI isolated-product evaluation v3
UCI,670e4f369eaafe6b4b1b,95,single_donor,3785,12,frozen UCI isolated-product evaluation v3
UCI,68915835b6bd71a85f8a,50,complete_similarity,59930,12,frozen UCI isolated-product evaluation v3
UCI,68915835b6bd71a85f8a,50,component_specific_transfer,92580,12,frozen UCI isolated-product evaluation v3
UCI,68915835b6bd71a85f8a,50,matched_shared_relation,99199,12,frozen UCI isolated-product evaluation v3
UCI,68915835b6bd71a85f8a,50,single_donor,25652,12,frozen UCI isolated-product evaluation v3
UCI,6a221a5078f764daa3d9,2,complete_similarity,919,12,frozen UCI isolated-product evaluation v3
UCI,6a221a5078f764daa3d9,2,component_specific_transfer,3608,12,frozen UCI isolated-product evaluation v3
UCI,6a221a5078f764daa3d9,2,matched_shared_relation,3873,12,frozen UCI isolated-product evaluation v3
UCI,6a221a5078f764daa3d9,2,single_donor,2589,12,frozen UCI isolated-product evaluation v3
UCI,6a34b45d2de15a804beb,86,complete_similarity,1172,12,frozen UCI isolated-product evaluation v3
UCI,6a34b45d2de15a804beb,86,component_specific_transfer,204,12,frozen UCI isolated-product evaluation v3
UCI,6a34b45d2de15a804beb,86,matched_shared_relation,25,12,frozen UCI isolated-product evaluation v3
UCI,6a34b45d2de15a804beb,86,single_donor,364,12,frozen UCI isolated-product evaluation v3
UCI,6c1e97f83cb0e4ee6107,77,complete_similarity,4470,12,frozen UCI isolated-product evaluation v3
UCI,6c1e97f83cb0e4ee6107,77,component_specific_transfer,5742,12,frozen UCI isolated-product evaluation v3
UCI,6c1e97f83cb0e4ee6107,77,matched_shared_relation,5512,12,frozen UCI isolated-product evaluation v3
UCI,6c1e97f83cb0e4ee6107,77,single_donor,2804,12,frozen UCI isolated-product evaluation v3
UCI,6c8f3447854e12712066,6,complete_similarity,3566,12,frozen UCI isolated-product evaluation v3
UCI,6c8f3447854e12712066,6,component_specific_transfer,1343,12,frozen UCI isolated-product evaluation v3
UCI,6c8f3447854e12712066,6,matched_shared_relation,4825,12,frozen UCI isolated-product evaluation v3
UCI,6c8f3447854e12712066,6,single_donor,2213,12,frozen UCI isolated-product evaluation v3
UCI,700282af9c0874cb80af,67,complete_similarity,378,12,frozen UCI isolated-product evaluation v3
UCI,700282af9c0874cb80af,67,component_specific_transfer,188,12,frozen UCI isolated-product evaluation v3
UCI,700282af9c0874cb80af,67,matched_shared_relation,170,12,frozen UCI isolated-product evaluation v3
UCI,700282af9c0874cb80af,67,single_donor,109,12,frozen UCI isolated-product evaluation v3
UCI,724586ab68636fc23b7a,39,complete_similarity,6414,12,frozen UCI isolated-product evaluation v3
UCI,724586ab68636fc23b7a,39,component_specific_transfer,963,12,frozen UCI isolated-product evaluation v3
UCI,724586ab68636fc23b7a,39,matched_shared_relation,292,12,frozen UCI isolated-product evaluation v3
UCI,724586ab68636fc23b7a,39,single_donor,11368,12,frozen UCI isolated-product evaluation v3
UCI,761e3ac5d443aa1af8cc,9,complete_similarity,659,12,frozen UCI isolated-product evaluation v3
UCI,761e3ac5d443aa1af8cc,9,component_specific_transfer,326,12,frozen UCI isolated-product evaluation v3
UCI,761e3ac5d443aa1af8cc,9,matched_shared_relation,344,12,frozen UCI isolated-product evaluation v3
UCI,761e3ac5d443aa1af8cc,9,single_donor,1227,12,frozen UCI isolated-product evaluation v3
UCI,7ba12b92e17b849442c6,19,complete_similarity,683,12,frozen UCI isolated-product evaluation v3
UCI,7ba12b92e17b849442c6,19,component_specific_transfer,190,12,frozen UCI isolated-product evaluation v3
UCI,7ba12b92e17b849442c6,19,matched_shared_relation,158,12,frozen UCI isolated-product evaluation v3
UCI,7ba12b92e17b849442c6,19,single_donor,146,12,frozen UCI isolated-product evaluation v3
UCI,7bb70d5d4ee5e9947744,58,complete_similarity,1353,12,frozen UCI isolated-product evaluation v3
UCI,7bb70d5d4ee5e9947744,58,component_specific_transfer,500,12,frozen UCI isolated-product evaluation v3
UCI,7bb70d5d4ee5e9947744,58,matched_shared_relation,2697,12,frozen UCI isolated-product evaluation v3
UCI,7bb70d5d4ee5e9947744,58,single_donor,444,12,frozen UCI isolated-product evaluation v3
UCI,7d6cacf6038aaa470fde,51,complete_similarity,1299,12,frozen UCI isolated-product evaluation v3
UCI,7d6cacf6038aaa470fde,51,component_specific_transfer,2227,12,frozen UCI isolated-product evaluation v3
UCI,7d6cacf6038aaa470fde,51,matched_shared_relation,4769,12,frozen UCI isolated-product evaluation v3
UCI,7d6cacf6038aaa470fde,51,single_donor,1686,12,frozen UCI isolated-product evaluation v3
UCI,8363a36e9e8a3edfb757,15,complete_similarity,12040,12,frozen UCI isolated-product evaluation v3
UCI,8363a36e9e8a3edfb757,15,component_specific_transfer,13389,12,frozen UCI isolated-product evaluation v3
UCI,8363a36e9e8a3edfb757,15,matched_shared_relation,14691,12,frozen UCI isolated-product evaluation v3
UCI,8363a36e9e8a3edfb757,15,single_donor,9369,12,frozen UCI isolated-product evaluation v3
UCI,8ac4509368a555936478,14,complete_similarity,7675,12,frozen UCI isolated-product evaluation v3
UCI,8ac4509368a555936478,14,component_specific_transfer,43075,12,frozen UCI isolated-product evaluation v3
UCI,8ac4509368a555936478,14,matched_shared_relation,48276,12,frozen UCI isolated-product evaluation v3
UCI,8ac4509368a555936478,14,single_donor,43281,12,frozen UCI isolated-product evaluation v3
UCI,8c85ec1db2933f0034b4,41,complete_similarity,4540,12,frozen UCI isolated-product evaluation v3
UCI,8c85ec1db2933f0034b4,41,component_specific_transfer,1675,12,frozen UCI isolated-product evaluation v3
UCI,8c85ec1db2933f0034b4,41,matched_shared_relation,3875,12,frozen UCI isolated-product evaluation v3
UCI,8c85ec1db2933f0034b4,41,single_donor,1464,12,frozen UCI isolated-product evaluation v3
UCI,8dd21c6135fedd8e6c9e,13,complete_similarity,2485,12,frozen UCI isolated-product evaluation v3
UCI,8dd21c6135fedd8e6c9e,13,component_specific_transfer,1172,12,frozen UCI isolated-product evaluation v3
UCI,8dd21c6135fedd8e6c9e,13,matched_shared_relation,457,12,frozen UCI isolated-product evaluation v3
UCI,8dd21c6135fedd8e6c9e,13,single_donor,2537,12,frozen UCI isolated-product evaluation v3
UCI,92dc2fcb9b8111b95d54,72,complete_similarity,1702,12,frozen UCI isolated-product evaluation v3
UCI,92dc2fcb9b8111b95d54,72,component_specific_transfer,668,12,frozen UCI isolated-product evaluation v3
UCI,92dc2fcb9b8111b95d54,72,matched_shared_relation,393,12,frozen UCI isolated-product evaluation v3
UCI,92dc2fcb9b8111b95d54,72,single_donor,1043,12,frozen UCI isolated-product evaluation v3
UCI,93b74f6a311d0fb757eb,89,complete_similarity,1413,12,frozen UCI isolated-product evaluation v3
UCI,93b74f6a311d0fb757eb,89,component_specific_transfer,306,12,frozen UCI isolated-product evaluation v3
UCI,93b74f6a311d0fb757eb,89,matched_shared_relation,78,12,frozen UCI isolated-product evaluation v3
UCI,93b74f6a311d0fb757eb,89,single_donor,77,12,frozen UCI isolated-product evaluation v3
UCI,94195169d39e104fc328,5,complete_similarity,893,12,frozen UCI isolated-product evaluation v3
UCI,94195169d39e104fc328,5,component_specific_transfer,278,12,frozen UCI isolated-product evaluation v3
UCI,94195169d39e104fc328,5,matched_shared_relation,76,12,frozen UCI isolated-product evaluation v3
UCI,94195169d39e104fc328,5,single_donor,1028,12,frozen UCI isolated-product evaluation v3
UCI,99278c5ada3dedade48c,87,complete_similarity,1543,12,frozen UCI isolated-product evaluation v3
UCI,99278c5ada3dedade48c,87,component_specific_transfer,547,12,frozen UCI isolated-product evaluation v3
UCI,99278c5ada3dedade48c,87,matched_shared_relation,620,12,frozen UCI isolated-product evaluation v3
UCI,99278c5ada3dedade48c,87,single_donor,873,12,frozen UCI isolated-product evaluation v3
UCI,9cffa9f3b4bf30c1f136,109,complete_similarity,1305,12,frozen UCI isolated-product evaluation v3
UCI,9cffa9f3b4bf30c1f136,109,component_specific_transfer,41,12,frozen UCI isolated-product evaluation v3
UCI,9cffa9f3b4bf30c1f136,109,matched_shared_relation,38,12,frozen UCI isolated-product evaluation v3
UCI,9cffa9f3b4bf30c1f136,109,single_donor,24,12,frozen UCI isolated-product evaluation v3
UCI,9f14e7923898433b50c5,76,complete_similarity,6125,12,frozen UCI isolated-product evaluation v3
UCI,9f14e7923898433b50c5,76,component_specific_transfer,611,12,frozen UCI isolated-product evaluation v3
UCI,9f14e7923898433b50c5,76,matched_shared_relation,534,12,frozen UCI isolated-product evaluation v3
UCI,9f14e7923898433b50c5,76,single_donor,933,12,frozen UCI isolated-product evaluation v3
UCI,a214dfd14fea375060c4,100,complete_similarity,4943,12,frozen UCI isolated-product evaluation v3
UCI,a214dfd14fea375060c4,100,component_specific_transfer,9006,12,frozen UCI isolated-product evaluation v3
UCI,a214dfd14fea375060c4,100,matched_shared_relation,9021,12,frozen UCI isolated-product evaluation v3
UCI,a214dfd14fea375060c4,100,single_donor,7973,12,frozen UCI isolated-product evaluation v3
UCI,a3a53ba255b775e0807f,81,complete_similarity,2832,12,frozen UCI isolated-product evaluation v3
UCI,a3a53ba255b775e0807f,81,component_specific_transfer,506,12,frozen UCI isolated-product evaluation v3
UCI,a3a53ba255b775e0807f,81,matched_shared_relation,253,12,frozen UCI isolated-product evaluation v3
UCI,a3a53ba255b775e0807f,81,single_donor,1013,12,frozen UCI isolated-product evaluation v3
UCI,a48abb24eb201033ce49,71,complete_similarity,2015,12,frozen UCI isolated-product evaluation v3
UCI,a48abb24eb201033ce49,71,component_specific_transfer,962,12,frozen UCI isolated-product evaluation v3
UCI,a48abb24eb201033ce49,71,matched_shared_relation,1316,12,frozen UCI isolated-product evaluation v3
UCI,a48abb24eb201033ce49,71,single_donor,3848,12,frozen UCI isolated-product evaluation v3
UCI,a4c56c157997b8bbf5f8,101,complete_similarity,2061,12,frozen UCI isolated-product evaluation v3
UCI,a4c56c157997b8bbf5f8,101,component_specific_transfer,763,12,frozen UCI isolated-product evaluation v3
UCI,a4c56c157997b8bbf5f8,101,matched_shared_relation,1009,12,frozen UCI isolated-product evaluation v3
UCI,a4c56c157997b8bbf5f8,101,single_donor,520,12,frozen UCI isolated-product evaluation v3
UCI,a76991592057655db924,68,complete_similarity,4395,12,frozen UCI isolated-product evaluation v3
UCI,a76991592057655db924,68,component_specific_transfer,1697,12,frozen UCI isolated-product evaluation v3
UCI,a76991592057655db924,68,matched_shared_relation,4104,12,frozen UCI isolated-product evaluation v3
UCI,a76991592057655db924,68,single_donor,10579,12,frozen UCI isolated-product evaluation v3
UCI,a93469f77cf191e26255,74,complete_similarity,359,12,frozen UCI isolated-product evaluation v3
UCI,a93469f77cf191e26255,74,component_specific_transfer,224,12,frozen UCI isolated-product evaluation v3
UCI,a93469f77cf191e26255,74,matched_shared_relation,246,12,frozen UCI isolated-product evaluation v3
UCI,a93469f77cf191e26255,74,single_donor,185,12,frozen UCI isolated-product evaluation v3
UCI,a97332e333c4aeae0c9c,102,complete_similarity,133,12,frozen UCI isolated-product evaluation v3
UCI,a97332e333c4aeae0c9c,102,component_specific_transfer,127,12,frozen UCI isolated-product evaluation v3
UCI,a97332e333c4aeae0c9c,102,matched_shared_relation,93,12,frozen UCI isolated-product evaluation v3
UCI,a97332e333c4aeae0c9c,102,single_donor,79,12,frozen UCI isolated-product evaluation v3
UCI,b0affb7323145f50a262,65,complete_similarity,626,12,frozen UCI isolated-product evaluation v3
UCI,b0affb7323145f50a262,65,component_specific_transfer,715,12,frozen UCI isolated-product evaluation v3
UCI,b0affb7323145f50a262,65,matched_shared_relation,1332,12,frozen UCI isolated-product evaluation v3
UCI,b0affb7323145f50a262,65,single_donor,730,12,frozen UCI isolated-product evaluation v3
UCI,b29d342ba3c7f3afe087,11,complete_similarity,928,12,frozen UCI isolated-product evaluation v3
UCI,b29d342ba3c7f3afe087,11,component_specific_transfer,292,12,frozen UCI isolated-product evaluation v3
UCI,b29d342ba3c7f3afe087,11,matched_shared_relation,336,12,frozen UCI isolated-product evaluation v3
UCI,b29d342ba3c7f3afe087,11,single_donor,426,12,frozen UCI isolated-product evaluation v3
UCI,b30dafb4fff65588ff2d,63,complete_similarity,2587,12,frozen UCI isolated-product evaluation v3
UCI,b30dafb4fff65588ff2d,63,component_specific_transfer,1438,12,frozen UCI isolated-product evaluation v3
UCI,b30dafb4fff65588ff2d,63,matched_shared_relation,2918,12,frozen UCI isolated-product evaluation v3
UCI,b30dafb4fff65588ff2d,63,single_donor,495,12,frozen UCI isolated-product evaluation v3
UCI,b714abd8ff62e6571305,118,complete_similarity,1322,12,frozen UCI isolated-product evaluation v3
UCI,b714abd8ff62e6571305,118,component_specific_transfer,178,12,frozen UCI isolated-product evaluation v3
UCI,b714abd8ff62e6571305,118,matched_shared_relation,54,12,frozen UCI isolated-product evaluation v3
UCI,b714abd8ff62e6571305,118,single_donor,62,12,frozen UCI isolated-product evaluation v3
UCI,bc6fc50b6aee7c625653,54,complete_similarity,21719,12,frozen UCI isolated-product evaluation v3
UCI,bc6fc50b6aee7c625653,54,component_specific_transfer,26535,12,frozen UCI isolated-product evaluation v3
UCI,bc6fc50b6aee7c625653,54,matched_shared_relation,28494,12,frozen UCI isolated-product evaluation v3
UCI,bc6fc50b6aee7c625653,54,single_donor,19003,12,frozen UCI isolated-product evaluation v3
UCI,bdc2d672cf824c5d0010,119,complete_similarity,102,12,frozen UCI isolated-product evaluation v3
UCI,bdc2d672cf824c5d0010,119,component_specific_transfer,59,12,frozen UCI isolated-product evaluation v3
UCI,bdc2d672cf824c5d0010,119,matched_shared_relation,40,12,frozen UCI isolated-product evaluation v3
UCI,bdc2d672cf824c5d0010,119,single_donor,43,12,frozen UCI isolated-product evaluation v3
UCI,be492713cbb6b3d8c32e,49,complete_similarity,1677,12,frozen UCI isolated-product evaluation v3
UCI,be492713cbb6b3d8c32e,49,component_specific_transfer,531,12,frozen UCI isolated-product evaluation v3
UCI,be492713cbb6b3d8c32e,49,matched_shared_relation,1328,12,frozen UCI isolated-product evaluation v3
UCI,be492713cbb6b3d8c32e,49,single_donor,831,12,frozen UCI isolated-product evaluation v3
UCI,c014aff436f4c30692bd,108,complete_similarity,104,12,frozen UCI isolated-product evaluation v3
UCI,c014aff436f4c30692bd,108,component_specific_transfer,28,12,frozen UCI isolated-product evaluation v3
UCI,c014aff436f4c30692bd,108,matched_shared_relation,12,12,frozen UCI isolated-product evaluation v3
UCI,c014aff436f4c30692bd,108,single_donor,15,12,frozen UCI isolated-product evaluation v3
UCI,c1b1d9e25d3d3ac6e00b,82,complete_similarity,2295,12,frozen UCI isolated-product evaluation v3
UCI,c1b1d9e25d3d3ac6e00b,82,component_specific_transfer,1247,12,frozen UCI isolated-product evaluation v3
UCI,c1b1d9e25d3d3ac6e00b,82,matched_shared_relation,1795,12,frozen UCI isolated-product evaluation v3
UCI,c1b1d9e25d3d3ac6e00b,82,single_donor,1664,12,frozen UCI isolated-product evaluation v3
UCI,c6f93046b80766603590,85,complete_similarity,5239,12,frozen UCI isolated-product evaluation v3
UCI,c6f93046b80766603590,85,component_specific_transfer,15233,12,frozen UCI isolated-product evaluation v3
UCI,c6f93046b80766603590,85,matched_shared_relation,15559,12,frozen UCI isolated-product evaluation v3
UCI,c6f93046b80766603590,85,single_donor,8783,12,frozen UCI isolated-product evaluation v3
UCI,c9e05a6f9ea2f5bda04b,36,complete_similarity,9771,12,frozen UCI isolated-product evaluation v3
UCI,c9e05a6f9ea2f5bda04b,36,component_specific_transfer,5631,12,frozen UCI isolated-product evaluation v3
UCI,c9e05a6f9ea2f5bda04b,36,matched_shared_relation,4899,12,frozen UCI isolated-product evaluation v3
UCI,c9e05a6f9ea2f5bda04b,36,single_donor,5722,12,frozen UCI isolated-product evaluation v3
UCI,ca2d47391a9b34b68ada,55,complete_similarity,2135,12,frozen UCI isolated-product evaluation v3
UCI,ca2d47391a9b34b68ada,55,component_specific_transfer,447,12,frozen UCI isolated-product evaluation v3
UCI,ca2d47391a9b34b68ada,55,matched_shared_relation,387,12,frozen UCI isolated-product evaluation v3
UCI,ca2d47391a9b34b68ada,55,single_donor,1224,12,frozen UCI isolated-product evaluation v3
UCI,ca50fddbf52ff6acc1f0,98,complete_similarity,4450,12,frozen UCI isolated-product evaluation v3
UCI,ca50fddbf52ff6acc1f0,98,component_specific_transfer,297,12,frozen UCI isolated-product evaluation v3
UCI,ca50fddbf52ff6acc1f0,98,matched_shared_relation,215,12,frozen UCI isolated-product evaluation v3
UCI,ca50fddbf52ff6acc1f0,98,single_donor,16394,12,frozen UCI isolated-product evaluation v3
UCI,cbbf212676610c26dfc9,114,complete_similarity,1065,12,frozen UCI isolated-product evaluation v3
UCI,cbbf212676610c26dfc9,114,component_specific_transfer,86,12,frozen UCI isolated-product evaluation v3
UCI,cbbf212676610c26dfc9,114,matched_shared_relation,8,12,frozen UCI isolated-product evaluation v3
UCI,cbbf212676610c26dfc9,114,single_donor,16,12,frozen UCI isolated-product evaluation v3
UCI,cccd4a1a9ae51165e095,88,complete_similarity,2349,12,frozen UCI isolated-product evaluation v3
UCI,cccd4a1a9ae51165e095,88,component_specific_transfer,805,12,frozen UCI isolated-product evaluation v3
UCI,cccd4a1a9ae51165e095,88,matched_shared_relation,901,12,frozen UCI isolated-product evaluation v3
UCI,cccd4a1a9ae51165e095,88,single_donor,825,12,frozen UCI isolated-product evaluation v3
UCI,d00eb3b04c4eb64552c0,29,complete_similarity,2943,12,frozen UCI isolated-product evaluation v3
UCI,d00eb3b04c4eb64552c0,29,component_specific_transfer,1102,12,frozen UCI isolated-product evaluation v3
UCI,d00eb3b04c4eb64552c0,29,matched_shared_relation,131,12,frozen UCI isolated-product evaluation v3
UCI,d00eb3b04c4eb64552c0,29,single_donor,3137,12,frozen UCI isolated-product evaluation v3
UCI,d0afc0dbb6139226f463,79,complete_similarity,588,12,frozen UCI isolated-product evaluation v3
UCI,d0afc0dbb6139226f463,79,component_specific_transfer,1244,12,frozen UCI isolated-product evaluation v3
UCI,d0afc0dbb6139226f463,79,matched_shared_relation,1524,12,frozen UCI isolated-product evaluation v3
UCI,d0afc0dbb6139226f463,79,single_donor,947,12,frozen UCI isolated-product evaluation v3
UCI,d15e40c0f04db6b1a78c,91,complete_similarity,496,12,frozen UCI isolated-product evaluation v3
UCI,d15e40c0f04db6b1a78c,91,component_specific_transfer,952,12,frozen UCI isolated-product evaluation v3
UCI,d15e40c0f04db6b1a78c,91,matched_shared_relation,1169,12,frozen UCI isolated-product evaluation v3
UCI,d15e40c0f04db6b1a78c,91,single_donor,1050,12,frozen UCI isolated-product evaluation v3
UCI,d1a39404b9e9ce6a8437,96,complete_similarity,1105,12,frozen UCI isolated-product evaluation v3
UCI,d1a39404b9e9ce6a8437,96,component_specific_transfer,3504,12,frozen UCI isolated-product evaluation v3
UCI,d1a39404b9e9ce6a8437,96,matched_shared_relation,3769,12,frozen UCI isolated-product evaluation v3
UCI,d1a39404b9e9ce6a8437,96,single_donor,2529,12,frozen UCI isolated-product evaluation v3
UCI,d2c55c0ac782e3601b40,16,complete_similarity,16519,12,frozen UCI isolated-product evaluation v3
UCI,d2c55c0ac782e3601b40,16,component_specific_transfer,20331,12,frozen UCI isolated-product evaluation v3
UCI,d2c55c0ac782e3601b40,16,matched_shared_relation,20034,12,frozen UCI isolated-product evaluation v3
UCI,d2c55c0ac782e3601b40,16,single_donor,21433,12,frozen UCI isolated-product evaluation v3
UCI,d429d042313d53c39deb,90,complete_similarity,3779,12,frozen UCI isolated-product evaluation v3
UCI,d429d042313d53c39deb,90,component_specific_transfer,223,12,frozen UCI isolated-product evaluation v3
UCI,d429d042313d53c39deb,90,matched_shared_relation,107,12,frozen UCI isolated-product evaluation v3
UCI,d429d042313d53c39deb,90,single_donor,21,12,frozen UCI isolated-product evaluation v3
UCI,d7a0b360ee81426c0499,7,complete_similarity,1238,12,frozen UCI isolated-product evaluation v3
UCI,d7a0b360ee81426c0499,7,component_specific_transfer,779,12,frozen UCI isolated-product evaluation v3
UCI,d7a0b360ee81426c0499,7,matched_shared_relation,1354,12,frozen UCI isolated-product evaluation v3
UCI,d7a0b360ee81426c0499,7,single_donor,498,12,frozen UCI isolated-product evaluation v3
UCI,d8e0dc1b78635b94e481,99,complete_similarity,1096,12,frozen UCI isolated-product evaluation v3
UCI,d8e0dc1b78635b94e481,99,component_specific_transfer,75,12,frozen UCI isolated-product evaluation v3
UCI,d8e0dc1b78635b94e481,99,matched_shared_relation,169,12,frozen UCI isolated-product evaluation v3
UCI,d8e0dc1b78635b94e481,99,single_donor,265,12,frozen UCI isolated-product evaluation v3
UCI,dd125809263695e4b12a,52,complete_similarity,567,12,frozen UCI isolated-product evaluation v3
UCI,dd125809263695e4b12a,52,component_specific_transfer,3285,12,frozen UCI isolated-product evaluation v3
UCI,dd125809263695e4b12a,52,matched_shared_relation,4643,12,frozen UCI isolated-product evaluation v3
UCI,dd125809263695e4b12a,52,single_donor,420,12,frozen UCI isolated-product evaluation v3
UCI,e1796d5df42de3d95118,18,complete_similarity,559,12,frozen UCI isolated-product evaluation v3
UCI,e1796d5df42de3d95118,18,component_specific_transfer,198,12,frozen UCI isolated-product evaluation v3
UCI,e1796d5df42de3d95118,18,matched_shared_relation,51,12,frozen UCI isolated-product evaluation v3
UCI,e1796d5df42de3d95118,18,single_donor,1387,12,frozen UCI isolated-product evaluation v3
UCI,e7292869599e340daa9b,22,complete_similarity,14128,12,frozen UCI isolated-product evaluation v3
UCI,e7292869599e340daa9b,22,component_specific_transfer,3229,12,frozen UCI isolated-product evaluation v3
UCI,e7292869599e340daa9b,22,matched_shared_relation,1869,12,frozen UCI isolated-product evaluation v3
UCI,e7292869599e340daa9b,22,single_donor,10367,12,frozen UCI isolated-product evaluation v3
UCI,e7dbd4032c6f3718079f,94,complete_similarity,2003,12,frozen UCI isolated-product evaluation v3
UCI,e7dbd4032c6f3718079f,94,component_specific_transfer,5193,12,frozen UCI isolated-product evaluation v3
UCI,e7dbd4032c6f3718079f,94,matched_shared_relation,5102,12,frozen UCI isolated-product evaluation v3
UCI,e7dbd4032c6f3718079f,94,single_donor,5383,12,frozen UCI isolated-product evaluation v3
UCI,ea992fc450af14baac4b,48,complete_similarity,650,12,frozen UCI isolated-product evaluation v3
UCI,ea992fc450af14baac4b,48,component_specific_transfer,1481,12,frozen UCI isolated-product evaluation v3
UCI,ea992fc450af14baac4b,48,matched_shared_relation,2517,12,frozen UCI isolated-product evaluation v3
UCI,ea992fc450af14baac4b,48,single_donor,1322,12,frozen UCI isolated-product evaluation v3
UCI,ee6658016a9fba774606,27,complete_similarity,1035,12,frozen UCI isolated-product evaluation v3
UCI,ee6658016a9fba774606,27,component_specific_transfer,744,12,frozen UCI isolated-product evaluation v3
UCI,ee6658016a9fba774606,27,matched_shared_relation,1324,12,frozen UCI isolated-product evaluation v3
UCI,ee6658016a9fba774606,27,single_donor,557,12,frozen UCI isolated-product evaluation v3
UCI,ee77d0e568e7db4e5337,73,complete_similarity,1264,12,frozen UCI isolated-product evaluation v3
UCI,ee77d0e568e7db4e5337,73,component_specific_transfer,125,12,frozen UCI isolated-product evaluation v3
UCI,ee77d0e568e7db4e5337,73,matched_shared_relation,115,12,frozen UCI isolated-product evaluation v3
UCI,ee77d0e568e7db4e5337,73,single_donor,3291,12,frozen UCI isolated-product evaluation v3
UCI,f2089ff4898129e13915,70,complete_similarity,14655,12,frozen UCI isolated-product evaluation v3
UCI,f2089ff4898129e13915,70,component_specific_transfer,17627,12,frozen UCI isolated-product evaluation v3
UCI,f2089ff4898129e13915,70,matched_shared_relation,17661,12,frozen UCI isolated-product evaluation v3
UCI,f2089ff4898129e13915,70,single_donor,12039,12,frozen UCI isolated-product evaluation v3
UCI,f21e9a3e48ebe71a8322,45,complete_similarity,1135,12,frozen UCI isolated-product evaluation v3
UCI,f21e9a3e48ebe71a8322,45,component_specific_transfer,616,12,frozen UCI isolated-product evaluation v3
UCI,f21e9a3e48ebe71a8322,45,matched_shared_relation,1535,12,frozen UCI isolated-product evaluation v3
UCI,f21e9a3e48ebe71a8322,45,single_donor,1979,12,frozen UCI isolated-product evaluation v3
UCI,f415a2fde80738aeefda,35,complete_similarity,3137,12,frozen UCI isolated-product evaluation v3
UCI,f415a2fde80738aeefda,35,component_specific_transfer,818,12,frozen UCI isolated-product evaluation v3
UCI,f415a2fde80738aeefda,35,matched_shared_relation,271,12,frozen UCI isolated-product evaluation v3
UCI,f415a2fde80738aeefda,35,single_donor,7120,12,frozen UCI isolated-product evaluation v3
UCI,f44369eff21cb8353a4d,83,complete_similarity,826,12,frozen UCI isolated-product evaluation v3
UCI,f44369eff21cb8353a4d,83,component_specific_transfer,685,12,frozen UCI isolated-product evaluation v3
UCI,f44369eff21cb8353a4d,83,matched_shared_relation,836,12,frozen UCI isolated-product evaluation v3
UCI,f44369eff21cb8353a4d,83,single_donor,2300,12,frozen UCI isolated-product evaluation v3
UCI,f4f5ab018f7767d50b60,43,complete_similarity,2853,12,frozen UCI isolated-product evaluation v3
UCI,f4f5ab018f7767d50b60,43,component_specific_transfer,2056,12,frozen UCI isolated-product evaluation v3
UCI,f4f5ab018f7767d50b60,43,matched_shared_relation,3807,12,frozen UCI isolated-product evaluation v3
UCI,f4f5ab018f7767d50b60,43,single_donor,3766,12,frozen UCI isolated-product evaluation v3
UCI,f5a10439f640b9c204b3,60,complete_similarity,823,12,frozen UCI isolated-product evaluation v3
UCI,f5a10439f640b9c204b3,60,component_specific_transfer,2095,12,frozen UCI isolated-product evaluation v3
UCI,f5a10439f640b9c204b3,60,matched_shared_relation,2360,12,frozen UCI isolated-product evaluation v3
UCI,f5a10439f640b9c204b3,60,single_donor,2760,12,frozen UCI isolated-product evaluation v3
UCI,f671df07ff18e7bab5db,25,complete_similarity,4061,12,frozen UCI isolated-product evaluation v3
UCI,f671df07ff18e7bab5db,25,component_specific_transfer,2001,12,frozen UCI isolated-product evaluation v3
UCI,f671df07ff18e7bab5db,25,matched_shared_relation,7659,12,frozen UCI isolated-product evaluation v3
UCI,f671df07ff18e7bab5db,25,single_donor,2822,12,frozen UCI isolated-product evaluation v3
UCI,f6f5e9c180dac89bdc02,80,complete_similarity,5391,12,frozen UCI isolated-product evaluation v3
UCI,f6f5e9c180dac89bdc02,80,component_specific_transfer,7437,12,frozen UCI isolated-product evaluation v3
UCI,f6f5e9c180dac89bdc02,80,matched_shared_relation,7445,12,frozen UCI isolated-product evaluation v3
UCI,f6f5e9c180dac89bdc02,80,single_donor,12725,12,frozen UCI isolated-product evaluation v3
UCI,f7348cfea74a88ed18ed,38,complete_similarity,5668,12,frozen UCI isolated-product evaluation v3
UCI,f7348cfea74a88ed18ed,38,component_specific_transfer,15097,12,frozen UCI isolated-product evaluation v3
UCI,f7348cfea74a88ed18ed,38,matched_shared_relation,20084,12,frozen UCI isolated-product evaluation v3
UCI,f7348cfea74a88ed18ed,38,single_donor,6011,12,frozen UCI isolated-product evaluation v3
UCI,f84c04098a8d1a1cbb17,116,complete_similarity,1184,12,frozen UCI isolated-product evaluation v3
UCI,f84c04098a8d1a1cbb17,116,component_specific_transfer,233,12,frozen UCI isolated-product evaluation v3
UCI,f84c04098a8d1a1cbb17,116,matched_shared_relation,504,12,frozen UCI isolated-product evaluation v3
UCI,f84c04098a8d1a1cbb17,116,single_donor,308,12,frozen UCI isolated-product evaluation v3
UCI,f9619a3b1aa65632b4c1,84,complete_similarity,5748,12,frozen UCI isolated-product evaluation v3
UCI,f9619a3b1aa65632b4c1,84,component_specific_transfer,1644,12,frozen UCI isolated-product evaluation v3
UCI,f9619a3b1aa65632b4c1,84,matched_shared_relation,121,12,frozen UCI isolated-product evaluation v3
UCI,f9619a3b1aa65632b4c1,84,single_donor,4138,12,frozen UCI isolated-product evaluation v3
UCI,fac77352a8f33e7775ed,10,complete_similarity,4278,12,frozen UCI isolated-product evaluation v3
UCI,fac77352a8f33e7775ed,10,component_specific_transfer,1135,12,frozen UCI isolated-product evaluation v3
UCI,fac77352a8f33e7775ed,10,matched_shared_relation,3149,12,frozen UCI isolated-product evaluation v3
UCI,fac77352a8f33e7775ed,10,single_donor,945,12,frozen UCI isolated-product evaluation v3
UCI,fb6a78a788f584ae5bc7,117,complete_similarity,1188,12,frozen UCI isolated-product evaluation v3
UCI,fb6a78a788f584ae5bc7,117,component_specific_transfer,237,12,frozen UCI isolated-product evaluation v3
UCI,fb6a78a788f584ae5bc7,117,matched_shared_relation,392,12,frozen UCI isolated-product evaluation v3
UCI,fb6a78a788f584ae5bc7,117,single_donor,244,12,frozen UCI isolated-product evaluation v3
UCI,fdca7dad4afb8c384542,23,complete_similarity,6440,12,frozen UCI isolated-product evaluation v3
UCI,fdca7dad4afb8c384542,23,component_specific_transfer,4984,12,frozen UCI isolated-product evaluation v3
UCI,fdca7dad4afb8c384542,23,matched_shared_relation,10169,12,frozen UCI isolated-product evaluation v3
UCI,fdca7dad4afb8c384542,23,single_donor,3923,12,frozen UCI isolated-product evaluation v3
UCI,fff70e2bc6c72f547e75,4,complete_similarity,2838,12,frozen UCI isolated-product evaluation v3
UCI,fff70e2bc6c72f547e75,4,component_specific_transfer,3956,12,frozen UCI isolated-product evaluation v3
UCI,fff70e2bc6c72f547e75,4,matched_shared_relation,3735,12,frozen UCI isolated-product evaluation v3
UCI,fff70e2bc6c72f547e75,4,single_donor,2426,12,frozen UCI isolated-product evaluation v3
Favorita,00051ca9ec729917e159,227,complete_similarity,43123,12,pre-specified Favorita external evaluation; identifier-corrected execution
Favorita,00051ca9ec729917e159,227,component_specific_transfer,25227,12,pre-specified Favorita external evaluation; identifier-corrected execution
Favorita,00051ca9ec729917e159,227,matched_shared_relation,52049,12,pre-specified Favorita external evaluation; identifier-corrected execution
Favorita,00051ca9ec729917e159,227,single_donor,940,12,pre-specified Favorita external evaluation; identifier-corrected execution
Favorita,0194e90f9fe6af240904,24,complete_similarity,72651,12,pre-specified Favorita external evaluation; identifier-corrected execution
Favorita,0194e90f9fe6af240904,24,component_specific_transfer,25149,12,pre-specified Favorita external evaluation; identifier-corrected execution
Favorita,0194e90f9fe6af240904,24,matched_shared_relation,82350,12,pre-specified Favorita external evaluation; identifier-corrected execution
Favorita,0194e90f9fe6af240904,24,single_donor,41277,12,pre-specified Favorita external evaluation; identifier-corrected execution
Favorita,02b3411d70ea2af6508a,17,complete_similarity,79280,12,pre-specified Favorita external evaluation; identifier-corrected execution
Favorita,02b3411d70ea2af6508a,17,component_specific_transfer,48786,12,pre-specified Favorita external evaluation; identifier-corrected execution
Favorita,02b3411d70ea2af6508a,17,matched_shared_relation,47604,12,pre-specified Favorita external evaluation; identifier-corrected execution
Favorita,02b3411d70ea2af6508a,17,single_donor,60429,12,pre-specified Favorita external evaluation; identifier-corrected execution
Favorita,0453e19486649b8f038c,175,complete_similarity,56727,12,pre-specified Favorita external evaluation; identifier-corrected execution
Favorita,0453e19486649b8f038c,175,component_specific_transfer,24155,12,pre-specified Favorita external evaluation; identifier-corrected execution
Favorita,0453e19486649b8f038c,175,matched_shared_relation,68437,12,pre-specified Favorita external evaluation; identifier-corrected execution
Favorita,0453e19486649b8f038c,175,single_donor,21507,12,pre-specified Favorita external evaluation; identifier-corrected execution
Favorita,0469a826a92b818c4ca8,249,complete_similarity,44400,12,pre-specified Favorita external evaluation; identifier-corrected execution
Favorita,0469a826a92b818c4ca8,249,component_specific_transfer,19082,12,pre-specified Favorita external evaluation; identifier-corrected execution
Favorita,0469a826a92b818c4ca8,249,matched_shared_relation,9257,12,pre-specified Favorita external evaluation; identifier-corrected execution
Favorita,0469a826a92b818c4ca8,249,single_donor,69747,12,pre-specified Favorita external evaluation; identifier-corrected execution
Favorita,053c6c4973b436a3aa05,4,complete_similarity,115202,12,pre-specified Favorita external evaluation; identifier-corrected execution
Favorita,053c6c4973b436a3aa05,4,component_specific_transfer,326881,12,pre-specified Favorita external evaluation; identifier-corrected execution
Favorita,053c6c4973b436a3aa05,4,matched_shared_relation,263171,12,pre-specified Favorita external evaluation; identifier-corrected execution
Favorita,053c6c4973b436a3aa05,4,single_donor,194932,12,pre-specified Favorita external evaluation; identifier-corrected execution
Favorita,056e170fe3a2a17f25ca,116,complete_similarity,126521,12,pre-specified Favorita external evaluation; identifier-corrected execution
Favorita,056e170fe3a2a17f25ca,116,component_specific_transfer,26746,12,pre-specified Favorita external evaluation; identifier-corrected execution
Favorita,056e170fe3a2a17f25ca,116,matched_shared_relation,32165,12,pre-specified Favorita external evaluation; identifier-corrected execution
Favorita,056e170fe3a2a17f25ca,116,single_donor,30574,12,pre-specified Favorita external evaluation; identifier-corrected execution
Favorita,06a2b3942e77bf8491e5,169,complete_similarity,386969,12,pre-specified Favorita external evaluation; identifier-corrected execution
Favorita,06a2b3942e77bf8491e5,169,component_specific_transfer,98452,12,pre-specified Favorita external evaluation; identifier-corrected execution
Favorita,06a2b3942e77bf8491e5,169,matched_shared_relation,98384,12,pre-specified Favorita external evaluation; identifier-corrected execution
Favorita,06a2b3942e77bf8491e5,169,single_donor,38495,12,pre-specified Favorita external evaluation; identifier-corrected execution
Favorita,0879f70d1e440f5791c7,27,complete_similarity,38862,12,pre-specified Favorita external evaluation; identifier-corrected execution
Favorita,0879f70d1e440f5791c7,27,component_specific_transfer,17053,12,pre-specified Favorita external evaluation; identifier-corrected execution
Favorita,0879f70d1e440f5791c7,27,matched_shared_relation,40784,12,pre-specified Favorita external evaluation; identifier-corrected execution
Favorita,0879f70d1e440f5791c7,27,single_donor,113434,12,pre-specified Favorita external evaluation; identifier-corrected execution
Favorita,090dd922af7a39eca082,164,complete_similarity,45660,12,pre-specified Favorita external evaluation; identifier-corrected execution
Favorita,090dd922af7a39eca082,164,component_specific_transfer,13088,12,pre-specified Favorita external evaluation; identifier-corrected execution
Favorita,090dd922af7a39eca082,164,matched_shared_relation,57370,12,pre-specified Favorita external evaluation; identifier-corrected execution
Favorita,090dd922af7a39eca082,164,single_donor,10440,12,pre-specified Favorita external evaluation; identifier-corrected execution
Favorita,093fadf8f280ebff4789,171,complete_similarity,42272,12,pre-specified Favorita external evaluation; identifier-corrected execution
Favorita,093fadf8f280ebff4789,171,component_specific_transfer,12090,12,pre-specified Favorita external evaluation; identifier-corrected execution
Favorita,093fadf8f280ebff4789,171,matched_shared_relation,21122,12,pre-specified Favorita external evaluation; identifier-corrected execution
Favorita,093fadf8f280ebff4789,171,single_donor,29539,12,pre-specified Favorita external evaluation; identifier-corrected execution
Favorita,0b86e7ed6ea76c768fcd,42,complete_similarity,61794,12,pre-specified Favorita external evaluation; identifier-corrected execution
Favorita,0b86e7ed6ea76c768fcd,42,component_specific_transfer,20197,12,pre-specified Favorita external evaluation; identifier-corrected execution
Favorita,0b86e7ed6ea76c768fcd,42,matched_shared_relation,54937,12,pre-specified Favorita external evaluation; identifier-corrected execution
Favorita,0b86e7ed6ea76c768fcd,42,single_donor,94951,12,pre-specified Favorita external evaluation; identifier-corrected execution
Favorita,0f827d1ef0dcaae30092,179,complete_similarity,5299,12,pre-specified Favorita external evaluation; identifier-corrected execution
Favorita,0f827d1ef0dcaae30092,179,component_specific_transfer,3369,12,pre-specified Favorita external evaluation; identifier-corrected execution
Favorita,0f827d1ef0dcaae30092,179,matched_shared_relation,8114,12,pre-specified Favorita external evaluation; identifier-corrected execution
Favorita,0f827d1ef0dcaae30092,179,single_donor,6635,12,pre-specified Favorita external evaluation; identifier-corrected execution
Favorita,11d54389f12c36ecde26,172,complete_similarity,26063,12,pre-specified Favorita external evaluation; identifier-corrected execution
Favorita,11d54389f12c36ecde26,172,component_specific_transfer,17247,12,pre-specified Favorita external evaluation; identifier-corrected execution
Favorita,11d54389f12c36ecde26,172,matched_shared_relation,7007,12,pre-specified Favorita external evaluation; identifier-corrected execution
Favorita,11d54389f12c36ecde26,172,single_donor,13180,12,pre-specified Favorita external evaluation; identifier-corrected execution
Favorita,142be8090294410b8e66,238,complete_similarity,63894.3964539,12,pre-specified Favorita external evaluation; identifier-corrected execution
Favorita,142be8090294410b8e66,238,component_specific_transfer,81055,12,pre-specified Favorita external evaluation; identifier-corrected execution
Favorita,142be8090294410b8e66,238,matched_shared_relation,102793.198914,12,pre-specified Favorita external evaluation; identifier-corrected execution
Favorita,142be8090294410b8e66,238,single_donor,193567,12,pre-specified Favorita external evaluation; identifier-corrected execution
Favorita,14b3e09dbb1fdb3ae092,34,complete_similarity,45580,12,pre-specified Favorita external evaluation; identifier-corrected execution
Favorita,14b3e09dbb1fdb3ae092,34,component_specific_transfer,11747,12,pre-specified Favorita external evaluation; identifier-corrected execution
Favorita,14b3e09dbb1fdb3ae092,34,matched_shared_relation,26550,12,pre-specified Favorita external evaluation; identifier-corrected execution
Favorita,14b3e09dbb1fdb3ae092,34,single_donor,24008,12,pre-specified Favorita external evaluation; identifier-corrected execution
Favorita,160b4290a4b2cae1813b,124,complete_similarity,41374,12,pre-specified Favorita external evaluation; identifier-corrected execution
Favorita,160b4290a4b2cae1813b,124,component_specific_transfer,65536,12,pre-specified Favorita external evaluation; identifier-corrected execution
Favorita,160b4290a4b2cae1813b,124,matched_shared_relation,54124,12,pre-specified Favorita external evaluation; identifier-corrected execution
Favorita,160b4290a4b2cae1813b,124,single_donor,100984,12,pre-specified Favorita external evaluation; identifier-corrected execution
Favorita,1822b7200dcd1eed18f6,18,complete_similarity,30181,12,pre-specified Favorita external evaluation; identifier-corrected execution
Favorita,1822b7200dcd1eed18f6,18,component_specific_transfer,17485,12,pre-specified Favorita external evaluation; identifier-corrected execution
Favorita,1822b7200dcd1eed18f6,18,matched_shared_relation,21219,12,pre-specified Favorita external evaluation; identifier-corrected execution
Favorita,1822b7200dcd1eed18f6,18,single_donor,31165,12,pre-specified Favorita external evaluation; identifier-corrected execution
Favorita,186cb40fffc8d7129ab0,39,complete_similarity,15613,12,pre-specified Favorita external evaluation; identifier-corrected execution
Favorita,186cb40fffc8d7129ab0,39,component_specific_transfer,63563,12,pre-specified Favorita external evaluation; identifier-corrected execution
Favorita,186cb40fffc8d7129ab0,39,matched_shared_relation,85623,12,pre-specified Favorita external evaluation; identifier-corrected execution
Favorita,186cb40fffc8d7129ab0,39,single_donor,40870,12,pre-specified Favorita external evaluation; identifier-corrected execution
Favorita,189b0faeddbfc3a12c29,196,complete_similarity,256650.16272,12,pre-specified Favorita external evaluation; identifier-corrected execution
Favorita,189b0faeddbfc3a12c29,196,component_specific_transfer,37947.4952621,12,pre-specified Favorita external evaluation; identifier-corrected execution
Favorita,189b0faeddbfc3a12c29,196,matched_shared_relation,20540.4582443,12,pre-specified Favorita external evaluation; identifier-corrected execution
Favorita,189b0faeddbfc3a12c29,196,single_donor,339323.187119,12,pre-specified Favorita external evaluation; identifier-corrected execution
Favorita,1a22580cb8ad51bfe843,208,complete_similarity,66294,12,pre-specified Favorita external evaluation; identifier-corrected execution
Favorita,1a22580cb8ad51bfe843,208,component_specific_transfer,244985,12,pre-specified Favorita external evaluation; identifier-corrected execution
Favorita,1a22580cb8ad51bfe843,208,matched_shared_relation,419778,12,pre-specified Favorita external evaluation; identifier-corrected execution
Favorita,1a22580cb8ad51bfe843,208,single_donor,264621,12,pre-specified Favorita external evaluation; identifier-corrected execution
Favorita,1aeabcb33f1c76b48806,41,complete_similarity,54879,12,pre-specified Favorita external evaluation; identifier-corrected execution
Favorita,1aeabcb33f1c76b48806,41,component_specific_transfer,138480,12,pre-specified Favorita external evaluation; identifier-corrected execution
Favorita,1aeabcb33f1c76b48806,41,matched_shared_relation,104772,12,pre-specified Favorita external evaluation; identifier-corrected execution
Favorita,1aeabcb33f1c76b48806,41,single_donor,56547,12,pre-specified Favorita external evaluation; identifier-corrected execution
Favorita,2133334f96ee3f8a9446,127,complete_similarity,39843,12,pre-specified Favorita external evaluation; identifier-corrected execution
Favorita,2133334f96ee3f8a9446,127,component_specific_transfer,90530,12,pre-specified Favorita external evaluation; identifier-corrected execution
Favorita,2133334f96ee3f8a9446,127,matched_shared_relation,36038,12,pre-specified Favorita external evaluation; identifier-corrected execution
Favorita,2133334f96ee3f8a9446,127,single_donor,109211,12,pre-specified Favorita external evaluation; identifier-corrected execution
Favorita,227af49743de869bebf7,132,complete_similarity,46761,12,pre-specified Favorita external evaluation; identifier-corrected execution
Favorita,227af49743de869bebf7,132,component_specific_transfer,224639,12,pre-specified Favorita external evaluation; identifier-corrected execution
Favorita,227af49743de869bebf7,132,matched_shared_relation,266527,12,pre-specified Favorita external evaluation; identifier-corrected execution
Favorita,227af49743de869bebf7,132,single_donor,53943,12,pre-specified Favorita external evaluation; identifier-corrected execution
Favorita,23ef6c5ae88736ba7de6,220,complete_similarity,29973,12,pre-specified Favorita external evaluation; identifier-corrected execution
Favorita,23ef6c5ae88736ba7de6,220,component_specific_transfer,12744,12,pre-specified Favorita external evaluation; identifier-corrected execution
Favorita,23ef6c5ae88736ba7de6,220,matched_shared_relation,5408,12,pre-specified Favorita external evaluation; identifier-corrected execution
Favorita,23ef6c5ae88736ba7de6,220,single_donor,15447,12,pre-specified Favorita external evaluation; identifier-corrected execution
Favorita,25209bbb9f3822b801fe,73,complete_similarity,47815,12,pre-specified Favorita external evaluation; identifier-corrected execution
Favorita,25209bbb9f3822b801fe,73,component_specific_transfer,171077,12,pre-specified Favorita external evaluation; identifier-corrected execution
Favorita,25209bbb9f3822b801fe,73,matched_shared_relation,65025,12,pre-specified Favorita external evaluation; identifier-corrected execution
Favorita,25209bbb9f3822b801fe,73,single_donor,167464,12,pre-specified Favorita external evaluation; identifier-corrected execution
Favorita,26c329b73a2548a241de,130,complete_similarity,144761,12,pre-specified Favorita external evaluation; identifier-corrected execution
Favorita,26c329b73a2548a241de,130,component_specific_transfer,47991,12,pre-specified Favorita external evaluation; identifier-corrected execution
Favorita,26c329b73a2548a241de,130,matched_shared_relation,70968,12,pre-specified Favorita external evaluation; identifier-corrected execution
Favorita,26c329b73a2548a241de,130,single_donor,22410,12,pre-specified Favorita external evaluation; identifier-corrected execution
Favorita,28727d964497bdd34bee,134,complete_similarity,23759,12,pre-specified Favorita external evaluation; identifier-corrected execution
Favorita,28727d964497bdd34bee,134,component_specific_transfer,15004,12,pre-specified Favorita external evaluation; identifier-corrected execution
Favorita,28727d964497bdd34bee,134,matched_shared_relation,21855,12,pre-specified Favorita external evaluation; identifier-corrected execution
Favorita,28727d964497bdd34bee,134,single_donor,26645,12,pre-specified Favorita external evaluation; identifier-corrected execution
Favorita,2ad379ff49aa178b3f76,151,complete_similarity,38720,12,pre-specified Favorita external evaluation; identifier-corrected execution
Favorita,2ad379ff49aa178b3f76,151,component_specific_transfer,9706,12,pre-specified Favorita external evaluation; identifier-corrected execution
Favorita,2ad379ff49aa178b3f76,151,matched_shared_relation,13110,12,pre-specified Favorita external evaluation; identifier-corrected execution
Favorita,2ad379ff49aa178b3f76,151,single_donor,96337,12,pre-specified Favorita external evaluation; identifier-corrected execution
Favorita,2c07f9ae5da8f48ed791,152,complete_similarity,53424,12,pre-specified Favorita external evaluation; identifier-corrected execution
Favorita,2c07f9ae5da8f48ed791,152,component_specific_transfer,28770,12,pre-specified Favorita external evaluation; identifier-corrected execution
Favorita,2c07f9ae5da8f48ed791,152,matched_shared_relation,27108,12,pre-specified Favorita external evaluation; identifier-corrected execution
Favorita,2c07f9ae5da8f48ed791,152,single_donor,17621,12,pre-specified Favorita external evaluation; identifier-corrected execution
Favorita,2c18989b5d72a57fdd18,84,complete_similarity,43429,12,pre-specified Favorita external evaluation; identifier-corrected execution
Favorita,2c18989b5d72a57fdd18,84,component_specific_transfer,12744,12,pre-specified Favorita external evaluation; identifier-corrected execution
Favorita,2c18989b5d72a57fdd18,84,matched_shared_relation,38993,12,pre-specified Favorita external evaluation; identifier-corrected execution
Favorita,2c18989b5d72a57fdd18,84,single_donor,75672,12,pre-specified Favorita external evaluation; identifier-corrected execution
Favorita,2c4633ea22249224573e,81,complete_similarity,78032,12,pre-specified Favorita external evaluation; identifier-corrected execution
Favorita,2c4633ea22249224573e,81,component_specific_transfer,69067,12,pre-specified Favorita external evaluation; identifier-corrected execution
Favorita,2c4633ea22249224573e,81,matched_shared_relation,42108,12,pre-specified Favorita external evaluation; identifier-corrected execution
Favorita,2c4633ea22249224573e,81,single_donor,46948,12,pre-specified Favorita external evaluation; identifier-corrected execution
Favorita,2c7b359d03eca133d5bd,184,complete_similarity,5448,12,pre-specified Favorita external evaluation; identifier-corrected execution
Favorita,2c7b359d03eca133d5bd,184,component_specific_transfer,1281,12,pre-specified Favorita external evaluation; identifier-corrected execution
Favorita,2c7b359d03eca133d5bd,184,matched_shared_relation,3621,12,pre-specified Favorita external evaluation; identifier-corrected execution
Favorita,2c7b359d03eca133d5bd,184,single_donor,14698,12,pre-specified Favorita external evaluation; identifier-corrected execution
Favorita,2d1b34b0939354a249b9,215,complete_similarity,31715,12,pre-specified Favorita external evaluation; identifier-corrected execution
Favorita,2d1b34b0939354a249b9,215,component_specific_transfer,19929,12,pre-specified Favorita external evaluation; identifier-corrected execution
Favorita,2d1b34b0939354a249b9,215,matched_shared_relation,73944,12,pre-specified Favorita external evaluation; identifier-corrected execution
Favorita,2d1b34b0939354a249b9,215,single_donor,83324,12,pre-specified Favorita external evaluation; identifier-corrected execution
Favorita,31e0b51c6b166008b7dc,137,complete_similarity,90886,12,pre-specified Favorita external evaluation; identifier-corrected execution
Favorita,31e0b51c6b166008b7dc,137,component_specific_transfer,45275,12,pre-specified Favorita external evaluation; identifier-corrected execution
Favorita,31e0b51c6b166008b7dc,137,matched_shared_relation,113850,12,pre-specified Favorita external evaluation; identifier-corrected execution
Favorita,31e0b51c6b166008b7dc,137,single_donor,47457,12,pre-specified Favorita external evaluation; identifier-corrected execution
Favorita,32ec4a7ab9591f07587f,165,complete_similarity,301354,12,pre-specified Favorita external evaluation; identifier-corrected execution
Favorita,32ec4a7ab9591f07587f,165,component_specific_transfer,162350,12,pre-specified Favorita external evaluation; identifier-corrected execution
Favorita,32ec4a7ab9591f07587f,165,matched_shared_relation,638079,12,pre-specified Favorita external evaluation; identifier-corrected execution
Favorita,32ec4a7ab9591f07587f,165,single_donor,74066,12,pre-specified Favorita external evaluation; identifier-corrected execution
Favorita,332776d1cd82a7b32fd2,125,complete_similarity,127666,12,pre-specified Favorita external evaluation; identifier-corrected execution
Favorita,332776d1cd82a7b32fd2,125,component_specific_transfer,335727,12,pre-specified Favorita external evaluation; identifier-corrected execution
Favorita,332776d1cd82a7b32fd2,125,matched_shared_relation,680646,12,pre-specified Favorita external evaluation; identifier-corrected execution
Favorita,332776d1cd82a7b32fd2,125,single_donor,133356,12,pre-specified Favorita external evaluation; identifier-corrected execution
Favorita,3473be542fdb4d10f657,239,complete_similarity,67159,12,pre-specified Favorita external evaluation; identifier-corrected execution
Favorita,3473be542fdb4d10f657,239,component_specific_transfer,8003,12,pre-specified Favorita external evaluation; identifier-corrected execution
Favorita,3473be542fdb4d10f657,239,matched_shared_relation,68596,12,pre-specified Favorita external evaluation; identifier-corrected execution
Favorita,3473be542fdb4d10f657,239,single_donor,5593,12,pre-specified Favorita external evaluation; identifier-corrected execution
Favorita,34ce8979f9635a4b3515,26,complete_similarity,24434,12,pre-specified Favorita external evaluation; identifier-corrected execution
Favorita,34ce8979f9635a4b3515,26,component_specific_transfer,8721,12,pre-specified Favorita external evaluation; identifier-corrected execution
Favorita,34ce8979f9635a4b3515,26,matched_shared_relation,23994,12,pre-specified Favorita external evaluation; identifier-corrected execution
Favorita,34ce8979f9635a4b3515,26,single_donor,44705,12,pre-specified Favorita external evaluation; identifier-corrected execution
Favorita,356f99e1e917b06d8d8d,210,complete_similarity,77373,12,pre-specified Favorita external evaluation; identifier-corrected execution
Favorita,356f99e1e917b06d8d8d,210,component_specific_transfer,89476,12,pre-specified Favorita external evaluation; identifier-corrected execution
Favorita,356f99e1e917b06d8d8d,210,matched_shared_relation,208361,12,pre-specified Favorita external evaluation; identifier-corrected execution
Favorita,356f99e1e917b06d8d8d,210,single_donor,91977,12,pre-specified Favorita external evaluation; identifier-corrected execution
Favorita,35f1f20f1514638d7879,145,complete_similarity,35174,12,pre-specified Favorita external evaluation; identifier-corrected execution
Favorita,35f1f20f1514638d7879,145,component_specific_transfer,27428,12,pre-specified Favorita external evaluation; identifier-corrected execution
Favorita,35f1f20f1514638d7879,145,matched_shared_relation,27364,12,pre-specified Favorita external evaluation; identifier-corrected execution
Favorita,35f1f20f1514638d7879,145,single_donor,66062,12,pre-specified Favorita external evaluation; identifier-corrected execution
Favorita,36407876594a2353cbc6,122,complete_similarity,5095,12,pre-specified Favorita external evaluation; identifier-corrected execution
Favorita,36407876594a2353cbc6,122,component_specific_transfer,10549,12,pre-specified Favorita external evaluation; identifier-corrected execution
Favorita,36407876594a2353cbc6,122,matched_shared_relation,143913,12,pre-specified Favorita external evaluation; identifier-corrected execution
Favorita,36407876594a2353cbc6,122,single_donor,5814,12,pre-specified Favorita external evaluation; identifier-corrected execution
Favorita,378f7b61f1246ff9f5ae,126,complete_similarity,32184,12,pre-specified Favorita external evaluation; identifier-corrected execution
Favorita,378f7b61f1246ff9f5ae,126,component_specific_transfer,15365,12,pre-specified Favorita external evaluation; identifier-corrected execution
Favorita,378f7b61f1246ff9f5ae,126,matched_shared_relation,31310,12,pre-specified Favorita external evaluation; identifier-corrected execution
Favorita,378f7b61f1246ff9f5ae,126,single_donor,15917,12,pre-specified Favorita external evaluation; identifier-corrected execution
Favorita,37db570c8ae9510a3526,76,complete_similarity,158081,12,pre-specified Favorita external evaluation; identifier-corrected execution
Favorita,37db570c8ae9510a3526,76,component_specific_transfer,49622,12,pre-specified Favorita external evaluation; identifier-corrected execution
Favorita,37db570c8ae9510a3526,76,matched_shared_relation,69637,12,pre-specified Favorita external evaluation; identifier-corrected execution
Favorita,37db570c8ae9510a3526,76,single_donor,41023,12,pre-specified Favorita external evaluation; identifier-corrected execution
Favorita,39fd365d1637e82d7b84,108,complete_similarity,122517,12,pre-specified Favorita external evaluation; identifier-corrected execution
Favorita,39fd365d1637e82d7b84,108,component_specific_transfer,55139,12,pre-specified Favorita external evaluation; identifier-corrected execution
Favorita,39fd365d1637e82d7b84,108,matched_shared_relation,32441,12,pre-specified Favorita external evaluation; identifier-corrected execution
Favorita,39fd365d1637e82d7b84,108,single_donor,33348,12,pre-specified Favorita external evaluation; identifier-corrected execution
Favorita,3aa6962fb7639416963a,212,complete_similarity,86434,12,pre-specified Favorita external evaluation; identifier-corrected execution
Favorita,3aa6962fb7639416963a,212,component_specific_transfer,12926,12,pre-specified Favorita external evaluation; identifier-corrected execution
Favorita,3aa6962fb7639416963a,212,matched_shared_relation,76025,12,pre-specified Favorita external evaluation; identifier-corrected execution
Favorita,3aa6962fb7639416963a,212,single_donor,2433,12,pre-specified Favorita external evaluation; identifier-corrected execution
Favorita,3cae5285490b3270b010,93,complete_similarity,17372,12,pre-specified Favorita external evaluation; identifier-corrected execution
Favorita,3cae5285490b3270b010,93,component_specific_transfer,85539,12,pre-specified Favorita external evaluation; identifier-corrected execution
Favorita,3cae5285490b3270b010,93,matched_shared_relation,12616,12,pre-specified Favorita external evaluation; identifier-corrected execution
Favorita,3cae5285490b3270b010,93,single_donor,90263,12,pre-specified Favorita external evaluation; identifier-corrected execution
Favorita,3ceebe67cea9ad82e54c,242,complete_similarity,5210,12,pre-specified Favorita external evaluation; identifier-corrected execution
Favorita,3ceebe67cea9ad82e54c,242,component_specific_transfer,5283,12,pre-specified Favorita external evaluation; identifier-corrected execution
Favorita,3ceebe67cea9ad82e54c,242,matched_shared_relation,8377,12,pre-specified Favorita external evaluation; identifier-corrected execution
Favorita,3ceebe67cea9ad82e54c,242,single_donor,9624,12,pre-specified Favorita external evaluation; identifier-corrected execution
Favorita,3d5f54d2dff482a3a6db,194,complete_similarity,151155,12,pre-specified Favorita external evaluation; identifier-corrected execution
Favorita,3d5f54d2dff482a3a6db,194,component_specific_transfer,23027.2900848,12,pre-specified Favorita external evaluation; identifier-corrected execution
Favorita,3d5f54d2dff482a3a6db,194,matched_shared_relation,63609,12,pre-specified Favorita external evaluation; identifier-corrected execution
Favorita,3d5f54d2dff482a3a6db,194,single_donor,47763.9155426,12,pre-specified Favorita external evaluation; identifier-corrected execution
Favorita,3e044d342e0e971a0711,96,complete_similarity,42477,12,pre-specified Favorita external evaluation; identifier-corrected execution
Favorita,3e044d342e0e971a0711,96,component_specific_transfer,25842,12,pre-specified Favorita external evaluation; identifier-corrected execution
Favorita,3e044d342e0e971a0711,96,matched_shared_relation,18275,12,pre-specified Favorita external evaluation; identifier-corrected execution
Favorita,3e044d342e0e971a0711,96,single_donor,8100,12,pre-specified Favorita external evaluation; identifier-corrected execution
Favorita,3e13da8d230179e772d6,121,complete_similarity,79769,12,pre-specified Favorita external evaluation; identifier-corrected execution
Favorita,3e13da8d230179e772d6,121,component_specific_transfer,40532,12,pre-specified Favorita external evaluation; identifier-corrected execution
Favorita,3e13da8d230179e772d6,121,matched_shared_relation,76875,12,pre-specified Favorita external evaluation; identifier-corrected execution
Favorita,3e13da8d230179e772d6,121,single_donor,66527,12,pre-specified Favorita external evaluation; identifier-corrected execution
Favorita,40a5ff15c1aef0781b48,209,complete_similarity,66294,12,pre-specified Favorita external evaluation; identifier-corrected execution
Favorita,40a5ff15c1aef0781b48,209,component_specific_transfer,105137,12,pre-specified Favorita external evaluation; identifier-corrected execution
Favorita,40a5ff15c1aef0781b48,209,matched_shared_relation,276179,12,pre-specified Favorita external evaluation; identifier-corrected execution
Favorita,40a5ff15c1aef0781b48,209,single_donor,121022,12,pre-specified Favorita external evaluation; identifier-corrected execution
Favorita,417ab5898501a6b4b4b7,186,complete_similarity,4546,12,pre-specified Favorita external evaluation; identifier-corrected execution
Favorita,417ab5898501a6b4b4b7,186,component_specific_transfer,4562,12,pre-specified Favorita external evaluation; identifier-corrected execution
Favorita,417ab5898501a6b4b4b7,186,matched_shared_relation,7623,12,pre-specified Favorita external evaluation; identifier-corrected execution
Favorita,417ab5898501a6b4b4b7,186,single_donor,3993,12,pre-specified Favorita external evaluation; identifier-corrected execution
Favorita,423dbbb3c1f1cece0cf5,79,complete_similarity,235175.305382,12,pre-specified Favorita external evaluation; identifier-corrected execution
Favorita,423dbbb3c1f1cece0cf5,79,component_specific_transfer,85509.2215996,12,pre-specified Favorita external evaluation; identifier-corrected execution
Favorita,423dbbb3c1f1cece0cf5,79,matched_shared_relation,86163.8811417,12,pre-specified Favorita external evaluation; identifier-corrected execution
Favorita,423dbbb3c1f1cece0cf5,79,single_donor,201921.461914,12,pre-specified Favorita external evaluation; identifier-corrected execution
Favorita,44a81b9ccaeaaf9ef811,197,complete_similarity,225348.882507,12,pre-specified Favorita external evaluation; identifier-corrected execution
Favorita,44a81b9ccaeaaf9ef811,197,component_specific_transfer,25880.343277,12,pre-specified Favorita external evaluation; identifier-corrected execution
Favorita,44a81b9ccaeaaf9ef811,197,matched_shared_relation,38085.8809662,12,pre-specified Favorita external evaluation; identifier-corrected execution
Favorita,44a81b9ccaeaaf9ef811,197,single_donor,308021.906906,12,pre-specified Favorita external evaluation; identifier-corrected execution
Favorita,458e7779c97ef4e1df47,90,complete_similarity,155106,12,pre-specified Favorita external evaluation; identifier-corrected execution
Favorita,458e7779c97ef4e1df47,90,component_specific_transfer,44350,12,pre-specified Favorita external evaluation; identifier-corrected execution
Favorita,458e7779c97ef4e1df47,90,matched_shared_relation,96036,12,pre-specified Favorita external evaluation; identifier-corrected execution
Favorita,458e7779c97ef4e1df47,90,single_donor,34683,12,pre-specified Favorita external evaluation; identifier-corrected execution
Favorita,46c31977c26fee85bbe8,62,complete_similarity,35538,12,pre-specified Favorita external evaluation; identifier-corrected execution
Favorita,46c31977c26fee85bbe8,62,component_specific_transfer,14608,12,pre-specified Favorita external evaluation; identifier-corrected execution
Favorita,46c31977c26fee85bbe8,62,matched_shared_relation,33846,12,pre-specified Favorita external evaluation; identifier-corrected execution
Favorita,46c31977c26fee85bbe8,62,single_donor,43903,12,pre-specified Favorita external evaluation; identifier-corrected execution
Favorita,490b74b1117781cb7fb8,226,complete_similarity,39253,12,pre-specified Favorita external evaluation; identifier-corrected execution
Favorita,490b74b1117781cb7fb8,226,component_specific_transfer,21357,12,pre-specified Favorita external evaluation; identifier-corrected execution
Favorita,490b74b1117781cb7fb8,226,matched_shared_relation,48179,12,pre-specified Favorita external evaluation; identifier-corrected execution
Favorita,490b74b1117781cb7fb8,226,single_donor,19685,12,pre-specified Favorita external evaluation; identifier-corrected execution
Favorita,49bdd556918f3a9a2516,156,complete_similarity,19919,12,pre-specified Favorita external evaluation; identifier-corrected execution
Favorita,49bdd556918f3a9a2516,156,component_specific_transfer,38435,12,pre-specified Favorita external evaluation; identifier-corrected execution
Favorita,49bdd556918f3a9a2516,156,matched_shared_relation,71043,12,pre-specified Favorita external evaluation; identifier-corrected execution
Favorita,49bdd556918f3a9a2516,156,single_donor,77536,12,pre-specified Favorita external evaluation; identifier-corrected execution
Favorita,4a56700536186cbef3eb,131,complete_similarity,122592,12,pre-specified Favorita external evaluation; identifier-corrected execution
Favorita,4a56700536186cbef3eb,131,component_specific_transfer,35688,12,pre-specified Favorita external evaluation; identifier-corrected execution
Favorita,4a56700536186cbef3eb,131,matched_shared_relation,30678,12,pre-specified Favorita external evaluation; identifier-corrected execution
Favorita,4a56700536186cbef3eb,131,single_donor,134835,12,pre-specified Favorita external evaluation; identifier-corrected execution
Favorita,4ae8709c1dc4432283be,69,complete_similarity,47730,12,pre-specified Favorita external evaluation; identifier-corrected execution
Favorita,4ae8709c1dc4432283be,69,component_specific_transfer,18351,12,pre-specified Favorita external evaluation; identifier-corrected execution
Favorita,4ae8709c1dc4432283be,69,matched_shared_relation,52380.0920486,12,pre-specified Favorita external evaluation; identifier-corrected execution
Favorita,4ae8709c1dc4432283be,69,single_donor,85396,12,pre-specified Favorita external evaluation; identifier-corrected execution
Favorita,4b471e3904be7c28fd44,231,complete_similarity,82123,12,pre-specified Favorita external evaluation; identifier-corrected execution
Favorita,4b471e3904be7c28fd44,231,component_specific_transfer,162841,12,pre-specified Favorita external evaluation; identifier-corrected execution
Favorita,4b471e3904be7c28fd44,231,matched_shared_relation,148862,12,pre-specified Favorita external evaluation; identifier-corrected execution
Favorita,4b471e3904be7c28fd44,231,single_donor,20019,12,pre-specified Favorita external evaluation; identifier-corrected execution
Favorita,4b6f304d8a3801a4a270,211,complete_similarity,75457,12,pre-specified Favorita external evaluation; identifier-corrected execution
Favorita,4b6f304d8a3801a4a270,211,component_specific_transfer,23101,12,pre-specified Favorita external evaluation; identifier-corrected execution
Favorita,4b6f304d8a3801a4a270,211,matched_shared_relation,253963,12,pre-specified Favorita external evaluation; identifier-corrected execution
Favorita,4b6f304d8a3801a4a270,211,single_donor,208653,12,pre-specified Favorita external evaluation; identifier-corrected execution
Favorita,4d9b77633e20c6951c84,19,complete_similarity,44451,12,pre-specified Favorita external evaluation; identifier-corrected execution
Favorita,4d9b77633e20c6951c84,19,component_specific_transfer,341599,12,pre-specified Favorita external evaluation; identifier-corrected execution
Favorita,4d9b77633e20c6951c84,19,matched_shared_relation,383487,12,pre-specified Favorita external evaluation; identifier-corrected execution
Favorita,4d9b77633e20c6951c84,19,single_donor,33447,12,pre-specified Favorita external evaluation; identifier-corrected execution
Favorita,4e7e7c2282555f9718dc,40,complete_similarity,651470,12,pre-specified Favorita external evaluation; identifier-corrected execution
Favorita,4e7e7c2282555f9718dc,40,component_specific_transfer,770666,12,pre-specified Favorita external evaluation; identifier-corrected execution
Favorita,4e7e7c2282555f9718dc,40,matched_shared_relation,678907,12,pre-specified Favorita external evaluation; identifier-corrected execution
Favorita,4e7e7c2282555f9718dc,40,single_donor,804669,12,pre-specified Favorita external evaluation; identifier-corrected execution
Favorita,52d9dbef082d03269c68,50,complete_similarity,4953,12,pre-specified Favorita external evaluation; identifier-corrected execution
Favorita,52d9dbef082d03269c68,50,component_specific_transfer,42809,12,pre-specified Favorita external evaluation; identifier-corrected execution
Favorita,52d9dbef082d03269c68,50,matched_shared_relation,12877,12,pre-specified Favorita external evaluation; identifier-corrected execution
Favorita,52d9dbef082d03269c68,50,single_donor,4274,12,pre-specified Favorita external evaluation; identifier-corrected execution
Favorita,54cf21149a9bcaf5da4c,182,complete_similarity,365311.353577,12,pre-specified Favorita external evaluation; identifier-corrected execution
Favorita,54cf21149a9bcaf5da4c,182,component_specific_transfer,50666.2489166,12,pre-specified Favorita external evaluation; identifier-corrected execution
Favorita,54cf21149a9bcaf5da4c,182,matched_shared_relation,28413.2969513,12,pre-specified Favorita external evaluation; identifier-corrected execution
Favorita,54cf21149a9bcaf5da4c,182,single_donor,73820.1618042,12,pre-specified Favorita external evaluation; identifier-corrected execution
Favorita,56165c09474f72611a3b,138,complete_similarity,5772,12,pre-specified Favorita external evaluation; identifier-corrected execution
Favorita,56165c09474f72611a3b,138,component_specific_transfer,2685,12,pre-specified Favorita external evaluation; identifier-corrected execution
Favorita,56165c09474f72611a3b,138,matched_shared_relation,1545,12,pre-specified Favorita external evaluation; identifier-corrected execution
Favorita,56165c09474f72611a3b,138,single_donor,3331,12,pre-specified Favorita external evaluation; identifier-corrected execution
Favorita,583940460ed59891d563,15,complete_similarity,76117,12,pre-specified Favorita external evaluation; identifier-corrected execution
Favorita,583940460ed59891d563,15,component_specific_transfer,6865,12,pre-specified Favorita external evaluation; identifier-corrected execution
Favorita,583940460ed59891d563,15,matched_shared_relation,7541,12,pre-specified Favorita external evaluation; identifier-corrected execution
Favorita,583940460ed59891d563,15,single_donor,7884,12,pre-specified Favorita external evaluation; identifier-corrected execution
Favorita,589fe3bf85d6356484c0,245,complete_similarity,94152,12,pre-specified Favorita external evaluation; identifier-corrected execution
Favorita,589fe3bf85d6356484c0,245,component_specific_transfer,50556,12,pre-specified Favorita external evaluation; identifier-corrected execution
Favorita,589fe3bf85d6356484c0,245,matched_shared_relation,94021,12,pre-specified Favorita external evaluation; identifier-corrected execution
Favorita,589fe3bf85d6356484c0,245,single_donor,20409,12,pre-specified Favorita external evaluation; identifier-corrected execution
Favorita,5a5159abfd76be5c6608,241,complete_similarity,59640,12,pre-specified Favorita external evaluation; identifier-corrected execution
Favorita,5a5159abfd76be5c6608,241,component_specific_transfer,197100,12,pre-specified Favorita external evaluation; identifier-corrected execution
Favorita,5a5159abfd76be5c6608,241,matched_shared_relation,124675,12,pre-specified Favorita external evaluation; identifier-corrected execution
Favorita,5a5159abfd76be5c6608,241,single_donor,22012,12,pre-specified Favorita external evaluation; identifier-corrected execution
Favorita,5acda2c48c1081a6c77d,63,complete_similarity,305152,12,pre-specified Favorita external evaluation; identifier-corrected execution
Favorita,5acda2c48c1081a6c77d,63,component_specific_transfer,564533,12,pre-specified Favorita external evaluation; identifier-corrected execution
Favorita,5acda2c48c1081a6c77d,63,matched_shared_relation,516141,12,pre-specified Favorita external evaluation; identifier-corrected execution
Favorita,5acda2c48c1081a6c77d,63,single_donor,622287,12,pre-specified Favorita external evaluation; identifier-corrected execution
Favorita,5ae8fdc2475aefb4f57d,57,complete_similarity,36676,12,pre-specified Favorita external evaluation; identifier-corrected execution
Favorita,5ae8fdc2475aefb4f57d,57,component_specific_transfer,12004,12,pre-specified Favorita external evaluation; identifier-corrected execution
Favorita,5ae8fdc2475aefb4f57d,57,matched_shared_relation,51345.3718815,12,pre-specified Favorita external evaluation; identifier-corrected execution
Favorita,5ae8fdc2475aefb4f57d,57,single_donor,5326,12,pre-specified Favorita external evaluation; identifier-corrected execution
Favorita,5b0c0846197c8565d304,43,complete_similarity,725707,12,pre-specified Favorita external evaluation; identifier-corrected execution
Favorita,5b0c0846197c8565d304,43,component_specific_transfer,1075866,12,pre-specified Favorita external evaluation; identifier-corrected execution
Favorita,5b0c0846197c8565d304,43,matched_shared_relation,667773,12,pre-specified Favorita external evaluation; identifier-corrected execution
Favorita,5b0c0846197c8565d304,43,single_donor,999291,12,pre-specified Favorita external evaluation; identifier-corrected execution
Favorita,5e3164882e66aca41f20,72,complete_similarity,37726,12,pre-specified Favorita external evaluation; identifier-corrected execution
Favorita,5e3164882e66aca41f20,72,component_specific_transfer,6072,12,pre-specified Favorita external evaluation; identifier-corrected execution
Favorita,5e3164882e66aca41f20,72,matched_shared_relation,38231,12,pre-specified Favorita external evaluation; identifier-corrected execution
Favorita,5e3164882e66aca41f20,72,single_donor,56550,12,pre-specified Favorita external evaluation; identifier-corrected execution
Favorita,60c734c2d3f975a1abae,99,complete_similarity,57718,12,pre-specified Favorita external evaluation; identifier-corrected execution
Favorita,60c734c2d3f975a1abae,99,component_specific_transfer,23885,12,pre-specified Favorita external evaluation; identifier-corrected execution
Favorita,60c734c2d3f975a1abae,99,matched_shared_relation,38688,12,pre-specified Favorita external evaluation; identifier-corrected execution
Favorita,60c734c2d3f975a1abae,99,single_donor,36146,12,pre-specified Favorita external evaluation; identifier-corrected execution
Favorita,63ef412e6546bd657d68,173,complete_similarity,207400,12,pre-specified Favorita external evaluation; identifier-corrected execution
Favorita,63ef412e6546bd657d68,173,component_specific_transfer,68396,12,pre-specified Favorita external evaluation; identifier-corrected execution
Favorita,63ef412e6546bd657d68,173,matched_shared_relation,544125,12,pre-specified Favorita external evaluation; identifier-corrected execution
Favorita,63ef412e6546bd657d68,173,single_donor,77520,12,pre-specified Favorita external evaluation; identifier-corrected execution
Favorita,6544a9be76432c7312e5,22,complete_similarity,34164,12,pre-specified Favorita external evaluation; identifier-corrected execution
Favorita,6544a9be76432c7312e5,22,component_specific_transfer,12445,12,pre-specified Favorita external evaluation; identifier-corrected execution
Favorita,6544a9be76432c7312e5,22,matched_shared_relation,13776,12,pre-specified Favorita external evaluation; identifier-corrected execution
Favorita,6544a9be76432c7312e5,22,single_donor,84212,12,pre-specified Favorita external evaluation; identifier-corrected execution
Favorita,6550ab71d90e91bbbc4d,149,complete_similarity,53175,12,pre-specified Favorita external evaluation; identifier-corrected execution
Favorita,6550ab71d90e91bbbc4d,149,component_specific_transfer,28521,12,pre-specified Favorita external evaluation; identifier-corrected execution
Favorita,6550ab71d90e91bbbc4d,149,matched_shared_relation,26859,12,pre-specified Favorita external evaluation; identifier-corrected execution
Favorita,6550ab71d90e91bbbc4d,149,single_donor,17372,12,pre-specified Favorita external evaluation; identifier-corrected execution
Favorita,662e443d4d4e273c5681,98,complete_similarity,46559,12,pre-specified Favorita external evaluation; identifier-corrected execution
Favorita,662e443d4d4e273c5681,98,component_specific_transfer,28866,12,pre-specified Favorita external evaluation; identifier-corrected execution
Favorita,662e443d4d4e273c5681,98,matched_shared_relation,42095,12,pre-specified Favorita external evaluation; identifier-corrected execution
Favorita,662e443d4d4e273c5681,98,single_donor,23508,12,pre-specified Favorita external evaluation; identifier-corrected execution
Favorita,66b8966676bbf3a74cd6,222,complete_similarity,66800,12,pre-specified Favorita external evaluation; identifier-corrected execution
Favorita,66b8966676bbf3a74cd6,222,component_specific_transfer,14615,12,pre-specified Favorita external evaluation; identifier-corrected execution
Favorita,66b8966676bbf3a74cd6,222,matched_shared_relation,34600,12,pre-specified Favorita external evaluation; identifier-corrected execution
Favorita,66b8966676bbf3a74cd6,222,single_donor,5951,12,pre-specified Favorita external evaluation; identifier-corrected execution
Favorita,68885ecaf16f280dcdd5,192,complete_similarity,62204.5018632,12,pre-specified Favorita external evaluation; identifier-corrected execution
Favorita,68885ecaf16f280dcdd5,192,component_specific_transfer,17288.0680645,12,pre-specified Favorita external evaluation; identifier-corrected execution
Favorita,68885ecaf16f280dcdd5,192,matched_shared_relation,18019.3691106,12,pre-specified Favorita external evaluation; identifier-corrected execution
Favorita,68885ecaf16f280dcdd5,192,single_donor,16387.0392214,12,pre-specified Favorita external evaluation; identifier-corrected execution
Favorita,695c88086534d6b56c8d,25,complete_similarity,30197,12,pre-specified Favorita external evaluation; identifier-corrected execution
Favorita,695c88086534d6b56c8d,25,component_specific_transfer,14361,12,pre-specified Favorita external evaluation; identifier-corrected execution
Favorita,695c88086534d6b56c8d,25,matched_shared_relation,6411,12,pre-specified Favorita external evaluation; identifier-corrected execution
Favorita,695c88086534d6b56c8d,25,single_donor,63854,12,pre-specified Favorita external evaluation; identifier-corrected execution
Favorita,6b0dbe9a7ff53bdd7c85,201,complete_similarity,36014,12,pre-specified Favorita external evaluation; identifier-corrected execution
Favorita,6b0dbe9a7ff53bdd7c85,201,component_specific_transfer,28658,12,pre-specified Favorita external evaluation; identifier-corrected execution
Favorita,6b0dbe9a7ff53bdd7c85,201,matched_shared_relation,27577,12,pre-specified Favorita external evaluation; identifier-corrected execution
Favorita,6b0dbe9a7ff53bdd7c85,201,single_donor,64855,12,pre-specified Favorita external evaluation; identifier-corrected execution
Favorita,6b7d2047aff7cdee03d0,6,complete_similarity,89115,12,pre-specified Favorita external evaluation; identifier-corrected execution
Favorita,6b7d2047aff7cdee03d0,6,component_specific_transfer,41613,12,pre-specified Favorita external evaluation; identifier-corrected execution
Favorita,6b7d2047aff7cdee03d0,6,matched_shared_relation,98814,12,pre-specified Favorita external evaluation; identifier-corrected execution
Favorita,6b7d2047aff7cdee03d0,6,single_donor,57741,12,pre-specified Favorita external evaluation; identifier-corrected execution
Favorita,6ee1e54e6d13d70b2688,233,complete_similarity,31617,12,pre-specified Favorita external evaluation; identifier-corrected execution
Favorita,6ee1e54e6d13d70b2688,233,component_specific_transfer,11485,12,pre-specified Favorita external evaluation; identifier-corrected execution
Favorita,6ee1e54e6d13d70b2688,233,matched_shared_relation,15968,12,pre-specified Favorita external evaluation; identifier-corrected execution
Favorita,6ee1e54e6d13d70b2688,233,single_donor,28213,12,pre-specified Favorita external evaluation; identifier-corrected execution
Favorita,6f158d6226416601deaf,128,complete_similarity,39433,12,pre-specified Favorita external evaluation; identifier-corrected execution
Favorita,6f158d6226416601deaf,128,component_specific_transfer,53655,12,pre-specified Favorita external evaluation; identifier-corrected execution
Favorita,6f158d6226416601deaf,128,matched_shared_relation,197769,12,pre-specified Favorita external evaluation; identifier-corrected execution
Favorita,6f158d6226416601deaf,128,single_donor,84112,12,pre-specified Favorita external evaluation; identifier-corrected execution
Favorita,6f659287e9f0b01dbb38,20,complete_similarity,42288,12,pre-specified Favorita external evaluation; identifier-corrected execution
Favorita,6f659287e9f0b01dbb38,20,component_specific_transfer,223953,12,pre-specified Favorita external evaluation; identifier-corrected execution
Favorita,6f659287e9f0b01dbb38,20,matched_shared_relation,95981,12,pre-specified Favorita external evaluation; identifier-corrected execution
Favorita,6f659287e9f0b01dbb38,20,single_donor,291153,12,pre-specified Favorita external evaluation; identifier-corrected execution
Favorita,6f9cf37c0890c5c377b5,183,complete_similarity,4395,12,pre-specified Favorita external evaluation; identifier-corrected execution
Favorita,6f9cf37c0890c5c377b5,183,component_specific_transfer,2409,12,pre-specified Favorita external evaluation; identifier-corrected execution
Favorita,6f9cf37c0890c5c377b5,183,matched_shared_relation,2568,12,pre-specified Favorita external evaluation; identifier-corrected execution
Favorita,6f9cf37c0890c5c377b5,183,single_donor,13636,12,pre-specified Favorita external evaluation; identifier-corrected execution
Favorita,6fa841cfe54f4e6b340e,9,complete_similarity,77302,12,pre-specified Favorita external evaluation; identifier-corrected execution
Favorita,6fa841cfe54f4e6b340e,9,component_specific_transfer,6830,12,pre-specified Favorita external evaluation; identifier-corrected execution
Favorita,6fa841cfe54f4e6b340e,9,matched_shared_relation,132459,12,pre-specified Favorita external evaluation; identifier-corrected execution
Favorita,6fa841cfe54f4e6b340e,9,single_donor,4502,12,pre-specified Favorita external evaluation; identifier-corrected execution
Favorita,7490e3103b3a712a979d,142,complete_similarity,66171,12,pre-specified Favorita external evaluation; identifier-corrected execution
Favorita,7490e3103b3a712a979d,142,component_specific_transfer,29192,12,pre-specified Favorita external evaluation; identifier-corrected execution
Favorita,7490e3103b3a712a979d,142,matched_shared_relation,114960,12,pre-specified Favorita external evaluation; identifier-corrected execution
Favorita,7490e3103b3a712a979d,142,single_donor,7405,12,pre-specified Favorita external evaluation; identifier-corrected execution
Favorita,7496c017b022120821ab,105,complete_similarity,84066,12,pre-specified Favorita external evaluation; identifier-corrected execution
Favorita,7496c017b022120821ab,105,component_specific_transfer,36564,12,pre-specified Favorita external evaluation; identifier-corrected execution
Favorita,7496c017b022120821ab,105,matched_shared_relation,93765,12,pre-specified Favorita external evaluation; identifier-corrected execution
Favorita,7496c017b022120821ab,105,single_donor,52692,12,pre-specified Favorita external evaluation; identifier-corrected execution
Favorita,74c6deeea7a88bb7ceeb,100,complete_similarity,30469,12,pre-specified Favorita external evaluation; identifier-corrected execution
Favorita,74c6deeea7a88bb7ceeb,100,component_specific_transfer,120269,12,pre-specified Favorita external evaluation; identifier-corrected execution
Favorita,74c6deeea7a88bb7ceeb,100,matched_shared_relation,271566,12,pre-specified Favorita external evaluation; identifier-corrected execution
Favorita,74c6deeea7a88bb7ceeb,100,single_donor,157909,12,pre-specified Favorita external evaluation; identifier-corrected execution
Favorita,751dd28ace90acf5ac0f,141,complete_similarity,7262,12,pre-specified Favorita external evaluation; identifier-corrected execution
Favorita,751dd28ace90acf5ac0f,141,component_specific_transfer,2938,12,pre-specified Favorita external evaluation; identifier-corrected execution
Favorita,751dd28ace90acf5ac0f,141,matched_shared_relation,3389,12,pre-specified Favorita external evaluation; identifier-corrected execution
Favorita,751dd28ace90acf5ac0f,141,single_donor,1738,12,pre-specified Favorita external evaluation; identifier-corrected execution
Favorita,757a5e4a9189030bf887,53,complete_similarity,27794,12,pre-specified Favorita external evaluation; identifier-corrected execution
Favorita,757a5e4a9189030bf887,53,component_specific_transfer,11517,12,pre-specified Favorita external evaluation; identifier-corrected execution
Favorita,757a5e4a9189030bf887,53,matched_shared_relation,11553,12,pre-specified Favorita external evaluation; identifier-corrected execution
Favorita,757a5e4a9189030bf887,53,single_donor,100528,12,pre-specified Favorita external evaluation; identifier-corrected execution
Favorita,76a3440f7e3d53486130,117,complete_similarity,23229,12,pre-specified Favorita external evaluation; identifier-corrected execution
Favorita,76a3440f7e3d53486130,117,component_specific_transfer,20379,12,pre-specified Favorita external evaluation; identifier-corrected execution
Favorita,76a3440f7e3d53486130,117,matched_shared_relation,66539,12,pre-specified Favorita external evaluation; identifier-corrected execution
Favorita,76a3440f7e3d53486130,117,single_donor,13529,12,pre-specified Favorita external evaluation; identifier-corrected execution
Favorita,76a4f4fa48e1bee64c2a,36,complete_similarity,29502,12,pre-specified Favorita external evaluation; identifier-corrected execution
Favorita,76a4f4fa48e1bee64c2a,36,component_specific_transfer,15074,12,pre-specified Favorita external evaluation; identifier-corrected execution
Favorita,76a4f4fa48e1bee64c2a,36,matched_shared_relation,37469,12,pre-specified Favorita external evaluation; identifier-corrected execution
Favorita,76a4f4fa48e1bee64c2a,36,single_donor,12683,12,pre-specified Favorita external evaluation; identifier-corrected execution
Favorita,784449091bec13ba9413,221,complete_similarity,26270,12,pre-specified Favorita external evaluation; identifier-corrected execution
Favorita,784449091bec13ba9413,221,component_specific_transfer,7274,12,pre-specified Favorita external evaluation; identifier-corrected execution
Favorita,784449091bec13ba9413,221,matched_shared_relation,6042,12,pre-specified Favorita external evaluation; identifier-corrected execution
Favorita,784449091bec13ba9413,221,single_donor,56513,12,pre-specified Favorita external evaluation; identifier-corrected execution
Favorita,7890b59fdbf6a273e2dd,234,complete_similarity,78405,12,pre-specified Favorita external evaluation; identifier-corrected execution
Favorita,7890b59fdbf6a273e2dd,234,component_specific_transfer,19570,12,pre-specified Favorita external evaluation; identifier-corrected execution
Favorita,7890b59fdbf6a273e2dd,234,matched_shared_relation,15931,12,pre-specified Favorita external evaluation; identifier-corrected execution
Favorita,7890b59fdbf6a273e2dd,234,single_donor,17499,12,pre-specified Favorita external evaluation; identifier-corrected execution
Favorita,78b5629f304e8282ebb2,113,complete_similarity,30970,12,pre-specified Favorita external evaluation; identifier-corrected execution
Favorita,78b5629f304e8282ebb2,113,component_specific_transfer,15614,12,pre-specified Favorita external evaluation; identifier-corrected execution
Favorita,78b5629f304e8282ebb2,113,matched_shared_relation,24316,12,pre-specified Favorita external evaluation; identifier-corrected execution
Favorita,78b5629f304e8282ebb2,113,single_donor,11300,12,pre-specified Favorita external evaluation; identifier-corrected execution
Favorita,79a6c23826e8e7fce0b5,97,complete_similarity,43320,12,pre-specified Favorita external evaluation; identifier-corrected execution
Favorita,79a6c23826e8e7fce0b5,97,component_specific_transfer,129776,12,pre-specified Favorita external evaluation; identifier-corrected execution
Favorita,79a6c23826e8e7fce0b5,97,matched_shared_relation,96869,12,pre-specified Favorita external evaluation; identifier-corrected execution
Favorita,79a6c23826e8e7fce0b5,97,single_donor,166130,12,pre-specified Favorita external evaluation; identifier-corrected execution
Favorita,7a0b1a1a8d4688436d30,155,complete_similarity,30176,12,pre-specified Favorita external evaluation; identifier-corrected execution
Favorita,7a0b1a1a8d4688436d30,155,component_specific_transfer,5889,12,pre-specified Favorita external evaluation; identifier-corrected execution
Favorita,7a0b1a1a8d4688436d30,155,matched_shared_relation,78823,12,pre-specified Favorita external evaluation; identifier-corrected execution
Favorita,7a0b1a1a8d4688436d30,155,single_donor,88203,12,pre-specified Favorita external evaluation; identifier-corrected execution
Favorita,7b32ec2e697f0a516f9b,229,complete_similarity,125504,12,pre-specified Favorita external evaluation; identifier-corrected execution
Favorita,7b32ec2e697f0a516f9b,229,component_specific_transfer,59221,12,pre-specified Favorita external evaluation; identifier-corrected execution
Favorita,7b32ec2e697f0a516f9b,229,matched_shared_relation,58030,12,pre-specified Favorita external evaluation; identifier-corrected execution
Favorita,7b32ec2e697f0a516f9b,229,single_donor,94053,12,pre-specified Favorita external evaluation; identifier-corrected execution
Favorita,7b3f7dcf9ff727fd1a1e,214,complete_similarity,123216,12,pre-specified Favorita external evaluation; identifier-corrected execution
Favorita,7b3f7dcf9ff727fd1a1e,214,component_specific_transfer,60730,12,pre-specified Favorita external evaluation; identifier-corrected execution
Favorita,7b3f7dcf9ff727fd1a1e,214,matched_shared_relation,51528,12,pre-specified Favorita external evaluation; identifier-corrected execution
Favorita,7b3f7dcf9ff727fd1a1e,214,single_donor,42902,12,pre-specified Favorita external evaluation; identifier-corrected execution
Favorita,7ce70bf8f3a68d0bd349,2,complete_similarity,73944,12,pre-specified Favorita external evaluation; identifier-corrected execution
Favorita,7ce70bf8f3a68d0bd349,2,component_specific_transfer,40168,12,pre-specified Favorita external evaluation; identifier-corrected execution
Favorita,7ce70bf8f3a68d0bd349,2,matched_shared_relation,63903,12,pre-specified Favorita external evaluation; identifier-corrected execution
Favorita,7ce70bf8f3a68d0bd349,2,single_donor,82750,12,pre-specified Favorita external evaluation; identifier-corrected execution
Favorita,7dd3e865b50a6debe8e7,204,complete_similarity,177628,12,pre-specified Favorita external evaluation; identifier-corrected execution
Favorita,7dd3e865b50a6debe8e7,204,component_specific_transfer,29515,12,pre-specified Favorita external evaluation; identifier-corrected execution
Favorita,7dd3e865b50a6debe8e7,204,matched_shared_relation,20214,12,pre-specified Favorita external evaluation; identifier-corrected execution
Favorita,7dd3e865b50a6debe8e7,204,single_donor,21026,12,pre-specified Favorita external evaluation; identifier-corrected execution
Favorita,7e56b12452eac2dd3be5,60,complete_similarity,30575,12,pre-specified Favorita external evaluation; identifier-corrected execution
Favorita,7e56b12452eac2dd3be5,60,component_specific_transfer,7411.65793991,12,pre-specified Favorita external evaluation; identifier-corrected execution
Favorita,7e56b12452eac2dd3be5,60,matched_shared_relation,45119.9977837,12,pre-specified Favorita external evaluation; identifier-corrected execution
Favorita,7e56b12452eac2dd3be5,60,single_donor,91131.1032524,12,pre-specified Favorita external evaluation; identifier-corrected execution
Favorita,7ecc617b8a48be116905,143,complete_similarity,73402,12,pre-specified Favorita external evaluation; identifier-corrected execution
Favorita,7ecc617b8a48be116905,143,component_specific_transfer,31329,12,pre-specified Favorita external evaluation; identifier-corrected execution
Favorita,7ecc617b8a48be116905,143,matched_shared_relation,17840,12,pre-specified Favorita external evaluation; identifier-corrected execution
Favorita,7ecc617b8a48be116905,143,single_donor,33574,12,pre-specified Favorita external evaluation; identifier-corrected execution
Favorita,7f352395483c123db61d,32,complete_similarity,173359,12,pre-specified Favorita external evaluation; identifier-corrected execution
Favorita,7f352395483c123db61d,32,component_specific_transfer,70073,12,pre-specified Favorita external evaluation; identifier-corrected execution
Favorita,7f352395483c123db61d,32,matched_shared_relation,138449,12,pre-specified Favorita external evaluation; identifier-corrected execution
Favorita,7f352395483c123db61d,32,single_donor,80910,12,pre-specified Favorita external evaluation; identifier-corrected execution
Favorita,7f3bddf3523b8ec93415,217,complete_similarity,25878,12,pre-specified Favorita external evaluation; identifier-corrected execution
Favorita,7f3bddf3523b8ec93415,217,component_specific_transfer,10044,12,pre-specified Favorita external evaluation; identifier-corrected execution
Favorita,7f3bddf3523b8ec93415,217,matched_shared_relation,9461,12,pre-specified Favorita external evaluation; identifier-corrected execution
Favorita,7f3bddf3523b8ec93415,217,single_donor,11352,12,pre-specified Favorita external evaluation; identifier-corrected execution
Favorita,80864494754da72f69e4,3,complete_similarity,1569156,12,pre-specified Favorita external evaluation; identifier-corrected execution
Favorita,80864494754da72f69e4,3,component_specific_transfer,1988365,12,pre-specified Favorita external evaluation; identifier-corrected execution
Favorita,80864494754da72f69e4,3,matched_shared_relation,1526305,12,pre-specified Favorita external evaluation; identifier-corrected execution
Favorita,80864494754da72f69e4,3,single_donor,1807202,12,pre-specified Favorita external evaluation; identifier-corrected execution
Favorita,80b0d04f3d4263123104,153,complete_similarity,17936,12,pre-specified Favorita external evaluation; identifier-corrected execution
Favorita,80b0d04f3d4263123104,153,component_specific_transfer,59197,12,pre-specified Favorita external evaluation; identifier-corrected execution
Favorita,80b0d04f3d4263123104,153,matched_shared_relation,178902,12,pre-specified Favorita external evaluation; identifier-corrected execution
Favorita,80b0d04f3d4263123104,153,single_donor,188282,12,pre-specified Favorita external evaluation; identifier-corrected execution
Favorita,80b1d7e38de6e7010a36,162,complete_similarity,55967,12,pre-specified Favorita external evaluation; identifier-corrected execution
Favorita,80b1d7e38de6e7010a36,162,component_specific_transfer,25785,12,pre-specified Favorita external evaluation; identifier-corrected execution
Favorita,80b1d7e38de6e7010a36,162,matched_shared_relation,34817,12,pre-specified Favorita external evaluation; identifier-corrected execution
Favorita,80b1d7e38de6e7010a36,162,single_donor,43234,12,pre-specified Favorita external evaluation; identifier-corrected execution
Favorita,855b62d99016cfbbb33a,120,complete_similarity,82662.7008247,12,pre-specified Favorita external evaluation; identifier-corrected execution
Favorita,855b62d99016cfbbb33a,120,component_specific_transfer,24744.0849876,12,pre-specified Favorita external evaluation; identifier-corrected execution
Favorita,855b62d99016cfbbb33a,120,matched_shared_relation,88865.7730064,12,pre-specified Favorita external evaluation; identifier-corrected execution
Favorita,855b62d99016cfbbb33a,120,single_donor,18420.7570305,12,pre-specified Favorita external evaluation; identifier-corrected execution
Favorita,8664187fb88fcaa187ff,176,complete_similarity,77757,12,pre-specified Favorita external evaluation; identifier-corrected execution
Favorita,8664187fb88fcaa187ff,176,component_specific_transfer,45185,12,pre-specified Favorita external evaluation; identifier-corrected execution
Favorita,8664187fb88fcaa187ff,176,matched_shared_relation,89467,12,pre-specified Favorita external evaluation; identifier-corrected execution
Favorita,8664187fb88fcaa187ff,176,single_donor,42537,12,pre-specified Favorita external evaluation; identifier-corrected execution
Favorita,8698b119704db64ce49e,118,complete_similarity,27941,12,pre-specified Favorita external evaluation; identifier-corrected execution
Favorita,8698b119704db64ce49e,118,component_specific_transfer,68178,12,pre-specified Favorita external evaluation; identifier-corrected execution
Favorita,8698b119704db64ce49e,118,matched_shared_relation,28148,12,pre-specified Favorita external evaluation; identifier-corrected execution
Favorita,8698b119704db64ce49e,118,single_donor,53369,12,pre-specified Favorita external evaluation; identifier-corrected execution
Favorita,86f7a8cafef870966092,55,complete_similarity,57087,12,pre-specified Favorita external evaluation; identifier-corrected execution
Favorita,86f7a8cafef870966092,55,component_specific_transfer,9594,12,pre-specified Favorita external evaluation; identifier-corrected execution
Favorita,86f7a8cafef870966092,55,matched_shared_relation,16174,12,pre-specified Favorita external evaluation; identifier-corrected execution
Favorita,86f7a8cafef870966092,55,single_donor,26745,12,pre-specified Favorita external evaluation; identifier-corrected execution
Favorita,8934d2522b7623285aef,0,complete_similarity,118340,12,pre-specified Favorita external evaluation; identifier-corrected execution
Favorita,8934d2522b7623285aef,0,component_specific_transfer,46083,12,pre-specified Favorita external evaluation; identifier-corrected execution
Favorita,8934d2522b7623285aef,0,matched_shared_relation,74847,12,pre-specified Favorita external evaluation; identifier-corrected execution
Favorita,8934d2522b7623285aef,0,single_donor,56535,12,pre-specified Favorita external evaluation; identifier-corrected execution
Favorita,8a16b969217b4336e508,119,complete_similarity,67972,12,pre-specified Favorita external evaluation; identifier-corrected execution
Favorita,8a16b969217b4336e508,119,component_specific_transfer,23199,12,pre-specified Favorita external evaluation; identifier-corrected execution
Favorita,8a16b969217b4336e508,119,matched_shared_relation,12558,12,pre-specified Favorita external evaluation; identifier-corrected execution
Favorita,8a16b969217b4336e508,119,single_donor,80705,12,pre-specified Favorita external evaluation; identifier-corrected execution
Favorita,8b454dca8f7e86822ec5,77,complete_similarity,38505,12,pre-specified Favorita external evaluation; identifier-corrected execution
Favorita,8b454dca8f7e86822ec5,77,component_specific_transfer,11847,12,pre-specified Favorita external evaluation; identifier-corrected execution
Favorita,8b454dca8f7e86822ec5,77,matched_shared_relation,53622.0920486,12,pre-specified Favorita external evaluation; identifier-corrected execution
Favorita,8b454dca8f7e86822ec5,77,single_donor,76171,12,pre-specified Favorita external evaluation; identifier-corrected execution
Favorita,8c75a747c5b481820df0,161,complete_similarity,51219,12,pre-specified Favorita external evaluation; identifier-corrected execution
Favorita,8c75a747c5b481820df0,161,component_specific_transfer,171269,12,pre-specified Favorita external evaluation; identifier-corrected execution
Favorita,8c75a747c5b481820df0,161,matched_shared_relation,20063,12,pre-specified Favorita external evaluation; identifier-corrected execution
Favorita,8c75a747c5b481820df0,161,single_donor,68032,12,pre-specified Favorita external evaluation; identifier-corrected execution
Favorita,8cdc49cc1a123e12a941,195,complete_similarity,126003,12,pre-specified Favorita external evaluation; identifier-corrected execution
Favorita,8cdc49cc1a123e12a941,195,component_specific_transfer,19701.4119263,12,pre-specified Favorita external evaluation; identifier-corrected execution
Favorita,8cdc49cc1a123e12a941,195,matched_shared_relation,38472,12,pre-specified Favorita external evaluation; identifier-corrected execution
Favorita,8cdc49cc1a123e12a941,195,single_donor,172749.845856,12,pre-specified Favorita external evaluation; identifier-corrected execution
Favorita,8cfde758d50cc2c35c2f,205,complete_similarity,357179,12,pre-specified Favorita external evaluation; identifier-corrected execution
Favorita,8cfde758d50cc2c35c2f,205,component_specific_transfer,68662,12,pre-specified Favorita external evaluation; identifier-corrected execution
Favorita,8cfde758d50cc2c35c2f,205,matched_shared_relation,68594,12,pre-specified Favorita external evaluation; identifier-corrected execution
Favorita,8cfde758d50cc2c35c2f,205,single_donor,8705,12,pre-specified Favorita external evaluation; identifier-corrected execution
Favorita,8d39a0e8f55a3576d6ae,150,complete_similarity,34472,12,pre-specified Favorita external evaluation; identifier-corrected execution
Favorita,8d39a0e8f55a3576d6ae,150,component_specific_transfer,33400,12,pre-specified Favorita external evaluation; identifier-corrected execution
Favorita,8d39a0e8f55a3576d6ae,150,matched_shared_relation,22783,12,pre-specified Favorita external evaluation; identifier-corrected execution
Favorita,8d39a0e8f55a3576d6ae,150,single_donor,91378,12,pre-specified Favorita external evaluation; identifier-corrected execution
Favorita,8d61b34e37dac9d4f820,110,complete_similarity,19049,12,pre-specified Favorita external evaluation; identifier-corrected execution
Favorita,8d61b34e37dac9d4f820,110,component_specific_transfer,9494,12,pre-specified Favorita external evaluation; identifier-corrected execution
Favorita,8d61b34e37dac9d4f820,110,matched_shared_relation,14455,12,pre-specified Favorita external evaluation; identifier-corrected execution
Favorita,8d61b34e37dac9d4f820,110,single_donor,12383,12,pre-specified Favorita external evaluation; identifier-corrected execution
Favorita,8f79264b7165c6dc39d3,16,complete_similarity,61081,12,pre-specified Favorita external evaluation; identifier-corrected execution
Favorita,8f79264b7165c6dc39d3,16,component_specific_transfer,19008,12,pre-specified Favorita external evaluation; identifier-corrected execution
Favorita,8f79264b7165c6dc39d3,16,matched_shared_relation,15155,12,pre-specified Favorita external evaluation; identifier-corrected execution
Favorita,8f79264b7165c6dc39d3,16,single_donor,21253,12,pre-specified Favorita external evaluation; identifier-corrected execution
Favorita,8fb541cabb61352fff05,178,complete_similarity,147485,12,pre-specified Favorita external evaluation; identifier-corrected execution
Favorita,8fb541cabb61352fff05,178,component_specific_transfer,36135,12,pre-specified Favorita external evaluation; identifier-corrected execution
Favorita,8fb541cabb61352fff05,178,matched_shared_relation,20640,12,pre-specified Favorita external evaluation; identifier-corrected execution
Favorita,8fb541cabb61352fff05,178,single_donor,26511,12,pre-specified Favorita external evaluation; identifier-corrected execution
Favorita,8fe22f9298710e10aa44,188,complete_similarity,5647,12,pre-specified Favorita external evaluation; identifier-corrected execution
Favorita,8fe22f9298710e10aa44,188,component_specific_transfer,13574,12,pre-specified Favorita external evaluation; identifier-corrected execution
Favorita,8fe22f9298710e10aa44,188,matched_shared_relation,5645,12,pre-specified Favorita external evaluation; identifier-corrected execution
Favorita,8fe22f9298710e10aa44,188,single_donor,4817,12,pre-specified Favorita external evaluation; identifier-corrected execution
Favorita,901c01b034a0f22362c9,235,complete_similarity,59890,12,pre-specified Favorita external evaluation; identifier-corrected execution
Favorita,901c01b034a0f22362c9,235,component_specific_transfer,22099,12,pre-specified Favorita external evaluation; identifier-corrected execution
Favorita,901c01b034a0f22362c9,235,matched_shared_relation,14176,12,pre-specified Favorita external evaluation; identifier-corrected execution
Favorita,901c01b034a0f22362c9,235,single_donor,46281,12,pre-specified Favorita external evaluation; identifier-corrected execution
Favorita,9141fcc92923d3e50ebd,139,complete_similarity,5897,12,pre-specified Favorita external evaluation; identifier-corrected execution
Favorita,9141fcc92923d3e50ebd,139,component_specific_transfer,2726,12,pre-specified Favorita external evaluation; identifier-corrected execution
Favorita,9141fcc92923d3e50ebd,139,matched_shared_relation,5780,12,pre-specified Favorita external evaluation; identifier-corrected execution
Favorita,9141fcc92923d3e50ebd,139,single_donor,5184,12,pre-specified Favorita external evaluation; identifier-corrected execution
Favorita,916d5d5d187cdedca67f,191,complete_similarity,45809.027585,12,pre-specified Favorita external evaluation; identifier-corrected execution
Favorita,916d5d5d187cdedca67f,191,component_specific_transfer,293110.579887,12,pre-specified Favorita external evaluation; identifier-corrected execution
Favorita,916d5d5d187cdedca67f,191,matched_shared_relation,272738.735126,12,pre-specified Favorita external evaluation; identifier-corrected execution
Favorita,916d5d5d187cdedca67f,191,single_donor,342462.350622,12,pre-specified Favorita external evaluation; identifier-corrected execution
Favorita,9174ec2da2dacc360498,225,complete_similarity,116397,12,pre-specified Favorita external evaluation; identifier-corrected execution
Favorita,9174ec2da2dacc360498,225,component_specific_transfer,31501,12,pre-specified Favorita external evaluation; identifier-corrected execution
Favorita,9174ec2da2dacc360498,225,matched_shared_relation,74472,12,pre-specified Favorita external evaluation; identifier-corrected execution
Favorita,9174ec2da2dacc360498,225,single_donor,25697,12,pre-specified Favorita external evaluation; identifier-corrected execution
Favorita,91f0fcfbd2939b53da4b,82,complete_similarity,68988,12,pre-specified Favorita external evaluation; identifier-corrected execution
Favorita,91f0fcfbd2939b53da4b,82,component_specific_transfer,22595,12,pre-specified Favorita external evaluation; identifier-corrected execution
Favorita,91f0fcfbd2939b53da4b,82,matched_shared_relation,143607,12,pre-specified Favorita external evaluation; identifier-corrected execution
Favorita,91f0fcfbd2939b53da4b,82,single_donor,92758,12,pre-specified Favorita external evaluation; identifier-corrected execution
Favorita,92d9653e16df0e13b915,174,complete_similarity,186556,12,pre-specified Favorita external evaluation; identifier-corrected execution
Favorita,92d9653e16df0e13b915,174,component_specific_transfer,52799,12,pre-specified Favorita external evaluation; identifier-corrected execution
Favorita,92d9653e16df0e13b915,174,matched_shared_relation,523281,12,pre-specified Favorita external evaluation; identifier-corrected execution
Favorita,92d9653e16df0e13b915,174,single_donor,184020,12,pre-specified Favorita external evaluation; identifier-corrected execution
Favorita,92f5c84239fa3c62a22b,87,complete_similarity,15035,12,pre-specified Favorita external evaluation; identifier-corrected execution
Favorita,92f5c84239fa3c62a22b,87,component_specific_transfer,6152,12,pre-specified Favorita external evaluation; identifier-corrected execution
Favorita,92f5c84239fa3c62a22b,87,matched_shared_relation,26286,12,pre-specified Favorita external evaluation; identifier-corrected execution
Favorita,92f5c84239fa3c62a22b,87,single_donor,5397,12,pre-specified Favorita external evaluation; identifier-corrected execution
Favorita,94d0afa894799330d601,207,complete_similarity,24395,12,pre-specified Favorita external evaluation; identifier-corrected execution
Favorita,94d0afa894799330d601,207,component_specific_transfer,16059,12,pre-specified Favorita external evaluation; identifier-corrected execution
Favorita,94d0afa894799330d601,207,matched_shared_relation,4147,12,pre-specified Favorita external evaluation; identifier-corrected execution
Favorita,94d0afa894799330d601,207,single_donor,29657,12,pre-specified Favorita external evaluation; identifier-corrected execution
Favorita,961cf75f7a0684a6f0e3,1,complete_similarity,54127,12,pre-specified Favorita external evaluation; identifier-corrected execution
Favorita,961cf75f7a0684a6f0e3,1,component_specific_transfer,169940,12,pre-specified Favorita external evaluation; identifier-corrected execution
Favorita,961cf75f7a0684a6f0e3,1,matched_shared_relation,166489,12,pre-specified Favorita external evaluation; identifier-corrected execution
Favorita,961cf75f7a0684a6f0e3,1,single_donor,185422,12,pre-specified Favorita external evaluation; identifier-corrected execution
Favorita,97bb43d4ef73699a8561,64,complete_similarity,64285,12,pre-specified Favorita external evaluation; identifier-corrected execution
Favorita,97bb43d4ef73699a8561,64,component_specific_transfer,29195,12,pre-specified Favorita external evaluation; identifier-corrected execution
Favorita,97bb43d4ef73699a8561,64,matched_shared_relation,80412,12,pre-specified Favorita external evaluation; identifier-corrected execution
Favorita,97bb43d4ef73699a8561,64,single_donor,90836,12,pre-specified Favorita external evaluation; identifier-corrected execution
Favorita,9822daeac382c3bc1e21,135,complete_similarity,33505,12,pre-specified Favorita external evaluation; identifier-corrected execution
Favorita,9822daeac382c3bc1e21,135,component_specific_transfer,20306,12,pre-specified Favorita external evaluation; identifier-corrected execution
Favorita,9822daeac382c3bc1e21,135,matched_shared_relation,26851,12,pre-specified Favorita external evaluation; identifier-corrected execution
Favorita,9822daeac382c3bc1e21,135,single_donor,28215,12,pre-specified Favorita external evaluation; identifier-corrected execution
Favorita,989628fa25de26421ca5,61,complete_similarity,125674,12,pre-specified Favorita external evaluation; identifier-corrected execution
Favorita,989628fa25de26421ca5,61,component_specific_transfer,66419,12,pre-specified Favorita external evaluation; identifier-corrected execution
Favorita,989628fa25de26421ca5,61,matched_shared_relation,125578,12,pre-specified Favorita external evaluation; identifier-corrected execution
Favorita,989628fa25de26421ca5,61,single_donor,64108,12,pre-specified Favorita external evaluation; identifier-corrected execution
Favorita,999f420ecd1795912738,190,complete_similarity,64259.4988713,12,pre-specified Favorita external evaluation; identifier-corrected execution
Favorita,999f420ecd1795912738,190,component_specific_transfer,100392.29379,12,pre-specified Favorita external evaluation; identifier-corrected execution
Favorita,999f420ecd1795912738,190,matched_shared_relation,79548.2063248,12,pre-specified Favorita external evaluation; identifier-corrected execution
Favorita,999f420ecd1795912738,190,single_donor,122313.328897,12,pre-specified Favorita external evaluation; identifier-corrected execution
Favorita,9b6f5e75f379b6bf3d30,10,complete_similarity,1589221,12,pre-specified Favorita external evaluation; identifier-corrected execution
Favorita,9b6f5e75f379b6bf3d30,10,component_specific_transfer,1942477,12,pre-specified Favorita external evaluation; identifier-corrected execution
Favorita,9b6f5e75f379b6bf3d30,10,matched_shared_relation,2006754,12,pre-specified Favorita external evaluation; identifier-corrected execution
Favorita,9b6f5e75f379b6bf3d30,10,single_donor,2082353,12,pre-specified Favorita external evaluation; identifier-corrected execution
Favorita,9c6594c849c9b5f9bfda,89,complete_similarity,25004,12,pre-specified Favorita external evaluation; identifier-corrected execution
Favorita,9c6594c849c9b5f9bfda,89,component_specific_transfer,6792,12,pre-specified Favorita external evaluation; identifier-corrected execution
Favorita,9c6594c849c9b5f9bfda,89,matched_shared_relation,13613,12,pre-specified Favorita external evaluation; identifier-corrected execution
Favorita,9c6594c849c9b5f9bfda,89,single_donor,25550,12,pre-specified Favorita external evaluation; identifier-corrected execution
Favorita,9cb920e88703905e7d26,45,complete_similarity,59960.0511237,12,pre-specified Favorita external evaluation; identifier-corrected execution
Favorita,9cb920e88703905e7d26,45,component_specific_transfer,21972.5580741,12,pre-specified Favorita external evaluation; identifier-corrected execution
Favorita,9cb920e88703905e7d26,45,matched_shared_relation,21468.3540624,12,pre-specified Favorita external evaluation; identifier-corrected execution
Favorita,9cb920e88703905e7d26,45,single_donor,2130.10377121,12,pre-specified Favorita external evaluation; identifier-corrected execution
Favorita,9ce37e05b4f837dca0fd,8,complete_similarity,46373,12,pre-specified Favorita external evaluation; identifier-corrected execution
Favorita,9ce37e05b4f837dca0fd,8,component_specific_transfer,17423,12,pre-specified Favorita external evaluation; identifier-corrected execution
Favorita,9ce37e05b4f837dca0fd,8,matched_shared_relation,25932,12,pre-specified Favorita external evaluation; identifier-corrected execution
Favorita,9ce37e05b4f837dca0fd,8,single_donor,7820,12,pre-specified Favorita external evaluation; identifier-corrected execution
Favorita,9cfdee77161fb3704720,29,complete_similarity,85237,12,pre-specified Favorita external evaluation; identifier-corrected execution
Favorita,9cfdee77161fb3704720,29,component_specific_transfer,183959,12,pre-specified Favorita external evaluation; identifier-corrected execution
Favorita,9cfdee77161fb3704720,29,matched_shared_relation,89167,12,pre-specified Favorita external evaluation; identifier-corrected execution
Favorita,9cfdee77161fb3704720,29,single_donor,39096,12,pre-specified Favorita external evaluation; identifier-corrected execution
Favorita,9d184fe753bd83ecc71a,189,complete_similarity,442573.69953,12,pre-specified Favorita external evaluation; identifier-corrected execution
Favorita,9d184fe753bd83ecc71a,189,component_specific_transfer,101812.699658,12,pre-specified Favorita external evaluation; identifier-corrected execution
Favorita,9d184fe753bd83ecc71a,189,matched_shared_relation,31085,12,pre-specified Favorita external evaluation; identifier-corrected execution
Favorita,9d184fe753bd83ecc71a,189,single_donor,1237385.97102,12,pre-specified Favorita external evaluation; identifier-corrected execution
Favorita,9dbe83be1cbff7065d2d,177,complete_similarity,73934,12,pre-specified Favorita external evaluation; identifier-corrected execution
Favorita,9dbe83be1cbff7065d2d,177,component_specific_transfer,44089,12,pre-specified Favorita external evaluation; identifier-corrected execution
Favorita,9dbe83be1cbff7065d2d,177,matched_shared_relation,39936,12,pre-specified Favorita external evaluation; identifier-corrected execution
Favorita,9dbe83be1cbff7065d2d,177,single_donor,131551,12,pre-specified Favorita external evaluation; identifier-corrected execution
Favorita,9e039abe759132ed5cad,114,complete_similarity,56094,12,pre-specified Favorita external evaluation; identifier-corrected execution
Favorita,9e039abe759132ed5cad,114,component_specific_transfer,7651,12,pre-specified Favorita external evaluation; identifier-corrected execution
Favorita,9e039abe759132ed5cad,114,matched_shared_relation,17285,12,pre-specified Favorita external evaluation; identifier-corrected execution
Favorita,9e039abe759132ed5cad,114,single_donor,6472,12,pre-specified Favorita external evaluation; identifier-corrected execution
Favorita,9e7e0bd728a242fd8933,46,complete_similarity,55352,12,pre-specified Favorita external evaluation; identifier-corrected execution
Favorita,9e7e0bd728a242fd8933,46,component_specific_transfer,27932,12,pre-specified Favorita external evaluation; identifier-corrected execution
Favorita,9e7e0bd728a242fd8933,46,matched_shared_relation,38924,12,pre-specified Favorita external evaluation; identifier-corrected execution
Favorita,9e7e0bd728a242fd8933,46,single_donor,21410,12,pre-specified Favorita external evaluation; identifier-corrected execution
Favorita,9ed06b5a63cf04b65321,78,complete_similarity,25815,12,pre-specified Favorita external evaluation; identifier-corrected execution
Favorita,9ed06b5a63cf04b65321,78,component_specific_transfer,3186,12,pre-specified Favorita external evaluation; identifier-corrected execution
Favorita,9ed06b5a63cf04b65321,78,matched_shared_relation,16933,12,pre-specified Favorita external evaluation; identifier-corrected execution
Favorita,9ed06b5a63cf04b65321,78,single_donor,1792,12,pre-specified Favorita external evaluation; identifier-corrected execution
Favorita,9f91dba9092a65cdece0,203,complete_similarity,4321,12,pre-specified Favorita external evaluation; identifier-corrected execution
Favorita,9f91dba9092a65cdece0,203,component_specific_transfer,3141,12,pre-specified Favorita external evaluation; identifier-corrected execution
Favorita,9f91dba9092a65cdece0,203,matched_shared_relation,7421,12,pre-specified Favorita external evaluation; identifier-corrected execution
Favorita,9f91dba9092a65cdece0,203,single_donor,4670,12,pre-specified Favorita external evaluation; identifier-corrected execution
Favorita,a0f320ef68e2533990a5,200,complete_similarity,15920,12,pre-specified Favorita external evaluation; identifier-corrected execution
Favorita,a0f320ef68e2533990a5,200,component_specific_transfer,5466,12,pre-specified Favorita external evaluation; identifier-corrected execution
Favorita,a0f320ef68e2533990a5,200,matched_shared_relation,6452,12,pre-specified Favorita external evaluation; identifier-corrected execution
Favorita,a0f320ef68e2533990a5,200,single_donor,9202,12,pre-specified Favorita external evaluation; identifier-corrected execution
Favorita,a2b4d39d20e9e90895ad,71,complete_similarity,12529,12,pre-specified Favorita external evaluation; identifier-corrected execution
Favorita,a2b4d39d20e9e90895ad,71,component_specific_transfer,36139,12,pre-specified Favorita external evaluation; identifier-corrected execution
Favorita,a2b4d39d20e9e90895ad,71,matched_shared_relation,44637,12,pre-specified Favorita external evaluation; identifier-corrected execution
Favorita,a2b4d39d20e9e90895ad,71,single_donor,14325,12,pre-specified Favorita external evaluation; identifier-corrected execution
Favorita,a2f01e99dfbb6d63e15a,248,complete_similarity,28898,12,pre-specified Favorita external evaluation; identifier-corrected execution
Favorita,a2f01e99dfbb6d63e15a,248,component_specific_transfer,9902,12,pre-specified Favorita external evaluation; identifier-corrected execution
Favorita,a2f01e99dfbb6d63e15a,248,matched_shared_relation,4433,12,pre-specified Favorita external evaluation; identifier-corrected execution
Favorita,a2f01e99dfbb6d63e15a,248,single_donor,59141,12,pre-specified Favorita external evaluation; identifier-corrected execution
Favorita,a4451a492fc624842ea6,106,complete_similarity,93264,12,pre-specified Favorita external evaluation; identifier-corrected execution
Favorita,a4451a492fc624842ea6,106,component_specific_transfer,347008,12,pre-specified Favorita external evaluation; identifier-corrected execution
Favorita,a4451a492fc624842ea6,106,matched_shared_relation,75015,12,pre-specified Favorita external evaluation; identifier-corrected execution
Favorita,a4451a492fc624842ea6,106,single_donor,270433,12,pre-specified Favorita external evaluation; identifier-corrected execution
Favorita,a4705553b7ca7a312347,7,complete_similarity,80430,12,pre-specified Favorita external evaluation; identifier-corrected execution
Favorita,a4705553b7ca7a312347,7,component_specific_transfer,36834,12,pre-specified Favorita external evaluation; identifier-corrected execution
Favorita,a4705553b7ca7a312347,7,matched_shared_relation,80299,12,pre-specified Favorita external evaluation; identifier-corrected execution
Favorita,a4705553b7ca7a312347,7,single_donor,6687,12,pre-specified Favorita external evaluation; identifier-corrected execution
Favorita,a816ba070fb963e8f743,11,complete_similarity,232008,12,pre-specified Favorita external evaluation; identifier-corrected execution
Favorita,a816ba070fb963e8f743,11,component_specific_transfer,266052,12,pre-specified Favorita external evaluation; identifier-corrected execution
Favorita,a816ba070fb963e8f743,11,matched_shared_relation,259344,12,pre-specified Favorita external evaluation; identifier-corrected execution
Favorita,a816ba070fb963e8f743,11,single_donor,242726,12,pre-specified Favorita external evaluation; identifier-corrected execution
Favorita,a8882711984ff82ea339,92,complete_similarity,176445,12,pre-specified Favorita external evaluation; identifier-corrected execution
Favorita,a8882711984ff82ea339,92,component_specific_transfer,62179,12,pre-specified Favorita external evaluation; identifier-corrected execution
Favorita,a8882711984ff82ea339,92,matched_shared_relation,60804,12,pre-specified Favorita external evaluation; identifier-corrected execution
Favorita,a8882711984ff82ea339,92,single_donor,56022,12,pre-specified Favorita external evaluation; identifier-corrected execution
Favorita,a92b619dffdb215e93ca,181,complete_similarity,52089,12,pre-specified Favorita external evaluation; identifier-corrected execution
Favorita,a92b619dffdb215e93ca,181,component_specific_transfer,13673,12,pre-specified Favorita external evaluation; identifier-corrected execution
Favorita,a92b619dffdb215e93ca,181,matched_shared_relation,16439,12,pre-specified Favorita external evaluation; identifier-corrected execution
Favorita,a92b619dffdb215e93ca,181,single_donor,7537,12,pre-specified Favorita external evaluation; identifier-corrected execution
Favorita,a945188fcf3683aff35b,232,complete_similarity,207723,12,pre-specified Favorita external evaluation; identifier-corrected execution
Favorita,a945188fcf3683aff35b,232,component_specific_transfer,93457,12,pre-specified Favorita external evaluation; identifier-corrected execution
Favorita,a945188fcf3683aff35b,232,matched_shared_relation,90171,12,pre-specified Favorita external evaluation; identifier-corrected execution
Favorita,a945188fcf3683aff35b,232,single_donor,87300,12,pre-specified Favorita external evaluation; identifier-corrected execution
Favorita,aa372583b4dcb38e7a3c,236,complete_similarity,161713,12,pre-specified Favorita external evaluation; identifier-corrected execution
Favorita,aa372583b4dcb38e7a3c,236,component_specific_transfer,26662,12,pre-specified Favorita external evaluation; identifier-corrected execution
Favorita,aa372583b4dcb38e7a3c,236,matched_shared_relation,90079,12,pre-specified Favorita external evaluation; identifier-corrected execution
Favorita,aa372583b4dcb38e7a3c,236,single_donor,9554,12,pre-specified Favorita external evaluation; identifier-corrected execution
Favorita,aa74c1503f23377c32e2,59,complete_similarity,197149,12,pre-specified Favorita external evaluation; identifier-corrected execution
Favorita,aa74c1503f23377c32e2,59,component_specific_transfer,44806,12,pre-specified Favorita external evaluation; identifier-corrected execution
Favorita,aa74c1503f23377c32e2,59,matched_shared_relation,17823,12,pre-specified Favorita external evaluation; identifier-corrected execution
Favorita,aa74c1503f23377c32e2,59,single_donor,40547,12,pre-specified Favorita external evaluation; identifier-corrected execution
Favorita,ab44b3e7686bff519e37,21,complete_similarity,40163,12,pre-specified Favorita external evaluation; identifier-corrected execution
Favorita,ab44b3e7686bff519e37,21,component_specific_transfer,21195,12,pre-specified Favorita external evaluation; identifier-corrected execution
Favorita,ab44b3e7686bff519e37,21,matched_shared_relation,39723,12,pre-specified Favorita external evaluation; identifier-corrected execution
Favorita,ab44b3e7686bff519e37,21,single_donor,60434,12,pre-specified Favorita external evaluation; identifier-corrected execution
Favorita,ab630b3fbb3710732943,198,complete_similarity,73352,12,pre-specified Favorita external evaluation; identifier-corrected execution
Favorita,ab630b3fbb3710732943,198,component_specific_transfer,20295,12,pre-specified Favorita external evaluation; identifier-corrected execution
Favorita,ab630b3fbb3710732943,198,matched_shared_relation,93847,12,pre-specified Favorita external evaluation; identifier-corrected execution
Favorita,ab630b3fbb3710732943,198,single_donor,82256,12,pre-specified Favorita external evaluation; identifier-corrected execution
Favorita,adc6a9b3372cc5cac53d,80,complete_similarity,71125,12,pre-specified Favorita external evaluation; identifier-corrected execution
Favorita,adc6a9b3372cc5cac53d,80,component_specific_transfer,22135,12,pre-specified Favorita external evaluation; identifier-corrected execution
Favorita,adc6a9b3372cc5cac53d,80,matched_shared_relation,278511,12,pre-specified Favorita external evaluation; identifier-corrected execution
Favorita,adc6a9b3372cc5cac53d,80,single_donor,204321,12,pre-specified Favorita external evaluation; identifier-corrected execution
Favorita,ade717b54a5a3b493b49,47,complete_similarity,750282,12,pre-specified Favorita external evaluation; identifier-corrected execution
Favorita,ade717b54a5a3b493b49,47,component_specific_transfer,979137,12,pre-specified Favorita external evaluation; identifier-corrected execution
Favorita,ade717b54a5a3b493b49,47,matched_shared_relation,640326,12,pre-specified Favorita external evaluation; identifier-corrected execution
Favorita,ade717b54a5a3b493b49,47,single_donor,1116092,12,pre-specified Favorita external evaluation; identifier-corrected execution
Favorita,ae1801af46d7b0b00119,51,complete_similarity,83336.8538818,12,pre-specified Favorita external evaluation; identifier-corrected execution
Favorita,ae1801af46d7b0b00119,51,component_specific_transfer,21951,12,pre-specified Favorita external evaluation; identifier-corrected execution
Favorita,ae1801af46d7b0b00119,51,matched_shared_relation,31642,12,pre-specified Favorita external evaluation; identifier-corrected execution
Favorita,ae1801af46d7b0b00119,51,single_donor,143643.335604,12,pre-specified Favorita external evaluation; identifier-corrected execution
Favorita,af2e8e4895c709c1a1b2,129,complete_similarity,247437,12,pre-specified Favorita external evaluation; identifier-corrected execution
Favorita,af2e8e4895c709c1a1b2,129,component_specific_transfer,624059,12,pre-specified Favorita external evaluation; identifier-corrected execution
Favorita,af2e8e4895c709c1a1b2,129,matched_shared_relation,522682,12,pre-specified Favorita external evaluation; identifier-corrected execution
Favorita,af2e8e4895c709c1a1b2,129,single_donor,64190,12,pre-specified Favorita external evaluation; identifier-corrected execution
Favorita,b07ff8cf152f48f11635,140,complete_similarity,9047,12,pre-specified Favorita external evaluation; identifier-corrected execution
Favorita,b07ff8cf152f48f11635,140,component_specific_transfer,6478,12,pre-specified Favorita external evaluation; identifier-corrected execution
Favorita,b07ff8cf152f48f11635,140,matched_shared_relation,9553,12,pre-specified Favorita external evaluation; identifier-corrected execution
Favorita,b07ff8cf152f48f11635,140,single_donor,9533,12,pre-specified Favorita external evaluation; identifier-corrected execution
Favorita,b15e3a1974707e8764ec,35,complete_similarity,37863,12,pre-specified Favorita external evaluation; identifier-corrected execution
Favorita,b15e3a1974707e8764ec,35,component_specific_transfer,12545,12,pre-specified Favorita external evaluation; identifier-corrected execution
Favorita,b15e3a1974707e8764ec,35,matched_shared_relation,13967,12,pre-specified Favorita external evaluation; identifier-corrected execution
Favorita,b15e3a1974707e8764ec,35,single_donor,63210,12,pre-specified Favorita external evaluation; identifier-corrected execution
Favorita,b19ff6aa720b4168c7a3,240,complete_similarity,191955,12,pre-specified Favorita external evaluation; identifier-corrected execution
Favorita,b19ff6aa720b4168c7a3,240,component_specific_transfer,77689,12,pre-specified Favorita external evaluation; identifier-corrected execution
Favorita,b19ff6aa720b4168c7a3,240,matched_shared_relation,74403,12,pre-specified Favorita external evaluation; identifier-corrected execution
Favorita,b19ff6aa720b4168c7a3,240,single_donor,71532,12,pre-specified Favorita external evaluation; identifier-corrected execution
Favorita,b507d76db38f1245e54d,86,complete_similarity,35288,12,pre-specified Favorita external evaluation; identifier-corrected execution
Favorita,b507d76db38f1245e54d,86,component_specific_transfer,21407,12,pre-specified Favorita external evaluation; identifier-corrected execution
Favorita,b507d76db38f1245e54d,86,matched_shared_relation,20647,12,pre-specified Favorita external evaluation; identifier-corrected execution
Favorita,b507d76db38f1245e54d,86,single_donor,28686,12,pre-specified Favorita external evaluation; identifier-corrected execution
Favorita,b5a67b003f06cd1aaf80,244,complete_similarity,25459,12,pre-specified Favorita external evaluation; identifier-corrected execution
Favorita,b5a67b003f06cd1aaf80,244,component_specific_transfer,50180,12,pre-specified Favorita external evaluation; identifier-corrected execution
Favorita,b5a67b003f06cd1aaf80,244,matched_shared_relation,52608,12,pre-specified Favorita external evaluation; identifier-corrected execution
Favorita,b5a67b003f06cd1aaf80,244,single_donor,42383,12,pre-specified Favorita external evaluation; identifier-corrected execution
Favorita,b5f818fc6fb57b16223e,136,complete_similarity,148620,12,pre-specified Favorita external evaluation; identifier-corrected execution
Favorita,b5f818fc6fb57b16223e,136,component_specific_transfer,204966,12,pre-specified Favorita external evaluation; identifier-corrected execution
Favorita,b5f818fc6fb57b16223e,136,matched_shared_relation,74865,12,pre-specified Favorita external evaluation; identifier-corrected execution
Favorita,b5f818fc6fb57b16223e,136,single_donor,115007,12,pre-specified Favorita external evaluation; identifier-corrected execution
Favorita,b5f8382c0ed9f44028fb,56,complete_similarity,64928.5099288,12,pre-specified Favorita external evaluation; identifier-corrected execution
Favorita,b5f8382c0ed9f44028fb,56,component_specific_transfer,26941.0168792,12,pre-specified Favorita external evaluation; identifier-corrected execution
Favorita,b5f8382c0ed9f44028fb,56,matched_shared_relation,26436.8128675,12,pre-specified Favorita external evaluation; identifier-corrected execution
Favorita,b5f8382c0ed9f44028fb,56,single_donor,5485.02484894,12,pre-specified Favorita external evaluation; identifier-corrected execution
Favorita,b7d5ace6fdd3db324d55,237,complete_similarity,167155,12,pre-specified Favorita external evaluation; identifier-corrected execution
Favorita,b7d5ace6fdd3db324d55,237,component_specific_transfer,285813,12,pre-specified Favorita external evaluation; identifier-corrected execution
Favorita,b7d5ace6fdd3db324d55,237,matched_shared_relation,327673,12,pre-specified Favorita external evaluation; identifier-corrected execution
Favorita,b7d5ace6fdd3db324d55,237,single_donor,356084,12,pre-specified Favorita external evaluation; identifier-corrected execution
Favorita,bab2160a4e9058014a95,157,complete_similarity,29392,12,pre-specified Favorita external evaluation; identifier-corrected execution
Favorita,bab2160a4e9058014a95,157,component_specific_transfer,86086,12,pre-specified Favorita external evaluation; identifier-corrected execution
Favorita,bab2160a4e9058014a95,157,matched_shared_relation,72107,12,pre-specified Favorita external evaluation; identifier-corrected execution
Favorita,bab2160a4e9058014a95,157,single_donor,33564,12,pre-specified Favorita external evaluation; identifier-corrected execution
Favorita,bae2de909e11a4c9bd3f,54,complete_similarity,71297,12,pre-specified Favorita external evaluation; identifier-corrected execution
Favorita,bae2de909e11a4c9bd3f,54,component_specific_transfer,12648,12,pre-specified Favorita external evaluation; identifier-corrected execution
Favorita,bae2de909e11a4c9bd3f,54,matched_shared_relation,131809,12,pre-specified Favorita external evaluation; identifier-corrected execution
Favorita,bae2de909e11a4c9bd3f,54,single_donor,1842,12,pre-specified Favorita external evaluation; identifier-corrected execution
Favorita,bbdad0ee0c1a48596c58,193,complete_similarity,177741.596752,12,pre-specified Favorita external evaluation; identifier-corrected execution
Favorita,bbdad0ee0c1a48596c58,193,component_specific_transfer,322168.621151,12,pre-specified Favorita external evaluation; identifier-corrected execution
Favorita,bbdad0ee0c1a48596c58,193,matched_shared_relation,300028.041595,12,pre-specified Favorita external evaluation; identifier-corrected execution
Favorita,bbdad0ee0c1a48596c58,193,single_donor,344749.04121,12,pre-specified Favorita external evaluation; identifier-corrected execution
Favorita,be60829dccedae7e6f6f,101,complete_similarity,70692,12,pre-specified Favorita external evaluation; identifier-corrected execution
Favorita,be60829dccedae7e6f6f,101,component_specific_transfer,23190,12,pre-specified Favorita external evaluation; identifier-corrected execution
Favorita,be60829dccedae7e6f6f,101,matched_shared_relation,80391,12,pre-specified Favorita external evaluation; identifier-corrected execution
Favorita,be60829dccedae7e6f6f,101,single_donor,39318,12,pre-specified Favorita external evaluation; identifier-corrected execution
Favorita,c08bd8169afdbf570ae9,224,complete_similarity,20357,12,pre-specified Favorita external evaluation; identifier-corrected execution
Favorita,c08bd8169afdbf570ae9,224,component_specific_transfer,8721,12,pre-specified Favorita external evaluation; identifier-corrected execution
Favorita,c08bd8169afdbf570ae9,224,matched_shared_relation,19917,12,pre-specified Favorita external evaluation; identifier-corrected execution
Favorita,c08bd8169afdbf570ae9,224,single_donor,40628,12,pre-specified Favorita external evaluation; identifier-corrected execution
Favorita,c0b6dba4663defd9c336,160,complete_similarity,87634,12,pre-specified Favorita external evaluation; identifier-corrected execution
Favorita,c0b6dba4663defd9c336,160,component_specific_transfer,27707,12,pre-specified Favorita external evaluation; identifier-corrected execution
Favorita,c0b6dba4663defd9c336,160,matched_shared_relation,36807,12,pre-specified Favorita external evaluation; identifier-corrected execution
Favorita,c0b6dba4663defd9c336,160,single_donor,14736,12,pre-specified Favorita external evaluation; identifier-corrected execution
Favorita,c0ebde3ea3a299ab8645,154,complete_similarity,23270,12,pre-specified Favorita external evaluation; identifier-corrected execution
Favorita,c0ebde3ea3a299ab8645,154,component_specific_transfer,92024,12,pre-specified Favorita external evaluation; identifier-corrected execution
Favorita,c0ebde3ea3a299ab8645,154,matched_shared_relation,211729,12,pre-specified Favorita external evaluation; identifier-corrected execution
Favorita,c0ebde3ea3a299ab8645,154,single_donor,221109,12,pre-specified Favorita external evaluation; identifier-corrected execution
Favorita,c1d97f5f2288f8295be5,163,complete_similarity,41444,12,pre-specified Favorita external evaluation; identifier-corrected execution
Favorita,c1d97f5f2288f8295be5,163,component_specific_transfer,11262,12,pre-specified Favorita external evaluation; identifier-corrected execution
Favorita,c1d97f5f2288f8295be5,163,matched_shared_relation,20294,12,pre-specified Favorita external evaluation; identifier-corrected execution
Favorita,c1d97f5f2288f8295be5,163,single_donor,28711,12,pre-specified Favorita external evaluation; identifier-corrected execution
Favorita,c2c2f0fecd86eeef1bf8,180,complete_similarity,12381,12,pre-specified Favorita external evaluation; identifier-corrected execution
Favorita,c2c2f0fecd86eeef1bf8,180,component_specific_transfer,7206,12,pre-specified Favorita external evaluation; identifier-corrected execution
Favorita,c2c2f0fecd86eeef1bf8,180,matched_shared_relation,9540,12,pre-specified Favorita external evaluation; identifier-corrected execution
Favorita,c2c2f0fecd86eeef1bf8,180,single_donor,8447,12,pre-specified Favorita external evaluation; identifier-corrected execution
Favorita,c5ee3ecdd3a772327b02,246,complete_similarity,60444,12,pre-specified Favorita external evaluation; identifier-corrected execution
Favorita,c5ee3ecdd3a772327b02,246,component_specific_transfer,69999,12,pre-specified Favorita external evaluation; identifier-corrected execution
Favorita,c5ee3ecdd3a772327b02,246,matched_shared_relation,126134,12,pre-specified Favorita external evaluation; identifier-corrected execution
Favorita,c5ee3ecdd3a772327b02,246,single_donor,42933,12,pre-specified Favorita external evaluation; identifier-corrected execution
Favorita,c65fd40257fe9f63141f,49,complete_similarity,232585,12,pre-specified Favorita external evaluation; identifier-corrected execution
Favorita,c65fd40257fe9f63141f,49,component_specific_transfer,80242,12,pre-specified Favorita external evaluation; identifier-corrected execution
Favorita,c65fd40257fe9f63141f,49,matched_shared_relation,53259,12,pre-specified Favorita external evaluation; identifier-corrected execution
Favorita,c65fd40257fe9f63141f,49,single_donor,75983,12,pre-specified Favorita external evaluation; identifier-corrected execution
Favorita,c668301786db8d4d32c3,68,complete_similarity,114764,12,pre-specified Favorita external evaluation; identifier-corrected execution
Favorita,c668301786db8d4d32c3,68,component_specific_transfer,229959,12,pre-specified Favorita external evaluation; identifier-corrected execution
Favorita,c668301786db8d4d32c3,68,matched_shared_relation,191562,12,pre-specified Favorita external evaluation; identifier-corrected execution
Favorita,c668301786db8d4d32c3,68,single_donor,140623,12,pre-specified Favorita external evaluation; identifier-corrected execution
Favorita,c752ba0d0b0cc3c26f8e,202,complete_similarity,95238,12,pre-specified Favorita external evaluation; identifier-corrected execution
Favorita,c752ba0d0b0cc3c26f8e,202,component_specific_transfer,32752,12,pre-specified Favorita external evaluation; identifier-corrected execution
Favorita,c752ba0d0b0cc3c26f8e,202,matched_shared_relation,23550,12,pre-specified Favorita external evaluation; identifier-corrected execution
Favorita,c752ba0d0b0cc3c26f8e,202,single_donor,14924,12,pre-specified Favorita external evaluation; identifier-corrected execution
Favorita,c7f25e8bc48a03e41413,115,complete_similarity,107853,12,pre-specified Favorita external evaluation; identifier-corrected execution
Favorita,c7f25e8bc48a03e41413,115,component_specific_transfer,44070,12,pre-specified Favorita external evaluation; identifier-corrected execution
Favorita,c7f25e8bc48a03e41413,115,matched_shared_relation,120988,12,pre-specified Favorita external evaluation; identifier-corrected execution
Favorita,c7f25e8bc48a03e41413,115,single_donor,79214,12,pre-specified Favorita external evaluation; identifier-corrected execution
Favorita,ca863576bdee60935dca,159,complete_similarity,114072,12,pre-specified Favorita external evaluation; identifier-corrected execution
Favorita,ca863576bdee60935dca,159,component_specific_transfer,66570,12,pre-specified Favorita external evaluation; identifier-corrected execution
Favorita,ca863576bdee60935dca,159,matched_shared_relation,123771,12,pre-specified Favorita external evaluation; identifier-corrected execution
Favorita,ca863576bdee60935dca,159,single_donor,82698,12,pre-specified Favorita external evaluation; identifier-corrected execution
Favorita,cb36fc9a964c3668e988,44,complete_similarity,336429.356096,12,pre-specified Favorita external evaluation; identifier-corrected execution
Favorita,cb36fc9a964c3668e988,44,component_specific_transfer,657260.059121,12,pre-specified Favorita external evaluation; identifier-corrected execution
Favorita,cb36fc9a964c3668e988,44,matched_shared_relation,671834.651194,12,pre-specified Favorita external evaluation; identifier-corrected execution
Favorita,cb36fc9a964c3668e988,44,single_donor,794202.047852,12,pre-specified Favorita external evaluation; identifier-corrected execution
Favorita,cd1b7cdeefd3fbad9831,58,complete_similarity,102189,12,pre-specified Favorita external evaluation; identifier-corrected execution
Favorita,cd1b7cdeefd3fbad9831,58,component_specific_transfer,38406,12,pre-specified Favorita external evaluation; identifier-corrected execution
Favorita,cd1b7cdeefd3fbad9831,58,matched_shared_relation,115324,12,pre-specified Favorita external evaluation; identifier-corrected execution
Favorita,cd1b7cdeefd3fbad9831,58,single_donor,73550,12,pre-specified Favorita external evaluation; identifier-corrected execution
Favorita,cddb1de7b9f6a0668f9b,28,complete_similarity,26283,12,pre-specified Favorita external evaluation; identifier-corrected execution
Favorita,cddb1de7b9f6a0668f9b,28,component_specific_transfer,158242,12,pre-specified Favorita external evaluation; identifier-corrected execution
Favorita,cddb1de7b9f6a0668f9b,28,matched_shared_relation,222519,12,pre-specified Favorita external evaluation; identifier-corrected execution
Favorita,cddb1de7b9f6a0668f9b,28,single_donor,298118,12,pre-specified Favorita external evaluation; identifier-corrected execution
Favorita,ce3e8f9449bb554e1d25,109,complete_similarity,86001,12,pre-specified Favorita external evaluation; identifier-corrected execution
Favorita,ce3e8f9449bb554e1d25,109,component_specific_transfer,388861,12,pre-specified Favorita external evaluation; identifier-corrected execution
Favorita,ce3e8f9449bb554e1d25,109,matched_shared_relation,491033,12,pre-specified Favorita external evaluation; identifier-corrected execution
Favorita,ce3e8f9449bb554e1d25,109,single_donor,492665,12,pre-specified Favorita external evaluation; identifier-corrected execution
Favorita,cea3db4d537c0a88f4ee,111,complete_similarity,153995,12,pre-specified Favorita external evaluation; identifier-corrected execution
Favorita,cea3db4d537c0a88f4ee,111,component_specific_transfer,23748,12,pre-specified Favorita external evaluation; identifier-corrected execution
Favorita,cea3db4d537c0a88f4ee,111,matched_shared_relation,39781,12,pre-specified Favorita external evaluation; identifier-corrected execution
Favorita,cea3db4d537c0a88f4ee,111,single_donor,24048,12,pre-specified Favorita external evaluation; identifier-corrected execution
Favorita,cf379ac8cbc64c65ca95,112,complete_similarity,23089,12,pre-specified Favorita external evaluation; identifier-corrected execution
Favorita,cf379ac8cbc64c65ca95,112,component_specific_transfer,25959,12,pre-specified Favorita external evaluation; identifier-corrected execution
Favorita,cf379ac8cbc64c65ca95,112,matched_shared_relation,21638,12,pre-specified Favorita external evaluation; identifier-corrected execution
Favorita,cf379ac8cbc64c65ca95,112,single_donor,170084,12,pre-specified Favorita external evaluation; identifier-corrected execution
Favorita,d09682699fba99e484f1,94,complete_similarity,21262,12,pre-specified Favorita external evaluation; identifier-corrected execution
Favorita,d09682699fba99e484f1,94,component_specific_transfer,163572,12,pre-specified Favorita external evaluation; identifier-corrected execution
Favorita,d09682699fba99e484f1,94,matched_shared_relation,91091,12,pre-specified Favorita external evaluation; identifier-corrected execution
Favorita,d09682699fba99e484f1,94,single_donor,229003,12,pre-specified Favorita external evaluation; identifier-corrected execution
Favorita,d144c71cb58b6ab9a806,243,complete_similarity,5141,12,pre-specified Favorita external evaluation; identifier-corrected execution
Favorita,d144c71cb58b6ab9a806,243,component_specific_transfer,8865,12,pre-specified Favorita external evaluation; identifier-corrected execution
Favorita,d144c71cb58b6ab9a806,243,matched_shared_relation,14114,12,pre-specified Favorita external evaluation; identifier-corrected execution
Favorita,d144c71cb58b6ab9a806,243,single_donor,6627,12,pre-specified Favorita external evaluation; identifier-corrected execution
Favorita,d14d664f92de02668965,102,complete_similarity,35058.7381153,12,pre-specified Favorita external evaluation; identifier-corrected execution
Favorita,d14d664f92de02668965,102,component_specific_transfer,11893.6259198,12,pre-specified Favorita external evaluation; identifier-corrected execution
Favorita,d14d664f92de02668965,102,matched_shared_relation,67154.1852913,12,pre-specified Favorita external evaluation; identifier-corrected execution
Favorita,d14d664f92de02668965,102,single_donor,80142.268302,12,pre-specified Favorita external evaluation; identifier-corrected execution
Favorita,d282cbfd9087e967d54f,14,complete_similarity,20933,12,pre-specified Favorita external evaluation; identifier-corrected execution
Favorita,d282cbfd9087e967d54f,14,component_specific_transfer,27741,12,pre-specified Favorita external evaluation; identifier-corrected execution
Favorita,d282cbfd9087e967d54f,14,matched_shared_relation,35666,12,pre-specified Favorita external evaluation; identifier-corrected execution
Favorita,d282cbfd9087e967d54f,14,single_donor,12921,12,pre-specified Favorita external evaluation; identifier-corrected execution
Favorita,d2f1428aeb103fb5227b,144,complete_similarity,85410,12,pre-specified Favorita external evaluation; identifier-corrected execution
Favorita,d2f1428aeb103fb5227b,144,component_specific_transfer,22325,12,pre-specified Favorita external evaluation; identifier-corrected execution
Favorita,d2f1428aeb103fb5227b,144,matched_shared_relation,22232,12,pre-specified Favorita external evaluation; identifier-corrected execution
Favorita,d2f1428aeb103fb5227b,144,single_donor,19326,12,pre-specified Favorita external evaluation; identifier-corrected execution
Favorita,d35fc65bf819916eb5bb,107,complete_similarity,94527,12,pre-specified Favorita external evaluation; identifier-corrected execution
Favorita,d35fc65bf819916eb5bb,107,component_specific_transfer,47025,12,pre-specified Favorita external evaluation; identifier-corrected execution
Favorita,d35fc65bf819916eb5bb,107,matched_shared_relation,104226,12,pre-specified Favorita external evaluation; identifier-corrected execution
Favorita,d35fc65bf819916eb5bb,107,single_donor,63153,12,pre-specified Favorita external evaluation; identifier-corrected execution
Favorita,d420540ef7ffb0a0ead0,223,complete_similarity,23330,12,pre-specified Favorita external evaluation; identifier-corrected execution
Favorita,d420540ef7ffb0a0ead0,223,component_specific_transfer,44250,12,pre-specified Favorita external evaluation; identifier-corrected execution
Favorita,d420540ef7ffb0a0ead0,223,matched_shared_relation,22260,12,pre-specified Favorita external evaluation; identifier-corrected execution
Favorita,d420540ef7ffb0a0ead0,223,single_donor,39116,12,pre-specified Favorita external evaluation; identifier-corrected execution
Favorita,d5133e134bdeabfa2219,230,complete_similarity,30195,12,pre-specified Favorita external evaluation; identifier-corrected execution
Favorita,d5133e134bdeabfa2219,230,component_specific_transfer,93047,12,pre-specified Favorita external evaluation; identifier-corrected execution
Favorita,d5133e134bdeabfa2219,230,matched_shared_relation,31372,12,pre-specified Favorita external evaluation; identifier-corrected execution
Favorita,d5133e134bdeabfa2219,230,single_donor,312527,12,pre-specified Favorita external evaluation; identifier-corrected execution
Favorita,d5687a09ebc4e26016db,52,complete_similarity,23989,12,pre-specified Favorita external evaluation; identifier-corrected execution
Favorita,d5687a09ebc4e26016db,52,component_specific_transfer,52460,12,pre-specified Favorita external evaluation; identifier-corrected execution
Favorita,d5687a09ebc4e26016db,52,matched_shared_relation,22247,12,pre-specified Favorita external evaluation; identifier-corrected execution
Favorita,d5687a09ebc4e26016db,52,single_donor,156935,12,pre-specified Favorita external evaluation; identifier-corrected execution
Favorita,d8313db1b442778181b6,75,complete_similarity,73656,12,pre-specified Favorita external evaluation; identifier-corrected execution
Favorita,d8313db1b442778181b6,75,component_specific_transfer,30060,12,pre-specified Favorita external evaluation; identifier-corrected execution
Favorita,d8313db1b442778181b6,75,matched_shared_relation,73525,12,pre-specified Favorita external evaluation; identifier-corrected execution
Favorita,d8313db1b442778181b6,75,single_donor,9307,12,pre-specified Favorita external evaluation; identifier-corrected execution
Favorita,d929b5a21ac0835b7370,85,complete_similarity,1452,12,pre-specified Favorita external evaluation; identifier-corrected execution
Favorita,d929b5a21ac0835b7370,85,component_specific_transfer,938,12,pre-specified Favorita external evaluation; identifier-corrected execution
Favorita,d929b5a21ac0835b7370,85,matched_shared_relation,1791,12,pre-specified Favorita external evaluation; identifier-corrected execution
Favorita,d929b5a21ac0835b7370,85,single_donor,1319,12,pre-specified Favorita external evaluation; identifier-corrected execution
Favorita,d955759bf0a977818464,23,complete_similarity,22002,12,pre-specified Favorita external evaluation; identifier-corrected execution
Favorita,d955759bf0a977818464,23,component_specific_transfer,120831,12,pre-specified Favorita external evaluation; identifier-corrected execution
Favorita,d955759bf0a977818464,23,matched_shared_relation,58450,12,pre-specified Favorita external evaluation; identifier-corrected execution
Favorita,d955759bf0a977818464,23,single_donor,34092,12,pre-specified Favorita external evaluation; identifier-corrected execution
Favorita,db9b755a8a7083c6cd17,13,complete_similarity,232409,12,pre-specified Favorita external evaluation; identifier-corrected execution
Favorita,db9b755a8a7083c6cd17,13,component_specific_transfer,340282,12,pre-specified Favorita external evaluation; identifier-corrected execution
Favorita,db9b755a8a7083c6cd17,13,matched_shared_relation,382520,12,pre-specified Favorita external evaluation; identifier-corrected execution
Favorita,db9b755a8a7083c6cd17,13,single_donor,298975,12,pre-specified Favorita external evaluation; identifier-corrected execution
Favorita,dc1006c6dc3b38f6b786,148,complete_similarity,96431,12,pre-specified Favorita external evaluation; identifier-corrected execution
Favorita,dc1006c6dc3b38f6b786,148,component_specific_transfer,20147,12,pre-specified Favorita external evaluation; identifier-corrected execution
Favorita,dc1006c6dc3b38f6b786,148,matched_shared_relation,15133,12,pre-specified Favorita external evaluation; identifier-corrected execution
Favorita,dc1006c6dc3b38f6b786,148,single_donor,35075,12,pre-specified Favorita external evaluation; identifier-corrected execution
Favorita,dc7722fa68fccd3751de,88,complete_similarity,29296,12,pre-specified Favorita external evaluation; identifier-corrected execution
Favorita,dc7722fa68fccd3751de,88,component_specific_transfer,7952,12,pre-specified Favorita external evaluation; identifier-corrected execution
Favorita,dc7722fa68fccd3751de,88,matched_shared_relation,8952,12,pre-specified Favorita external evaluation; identifier-corrected execution
Favorita,dc7722fa68fccd3751de,88,single_donor,31092,12,pre-specified Favorita external evaluation; identifier-corrected execution
Favorita,dd43cf923eae8deab5d3,219,complete_similarity,127188,12,pre-specified Favorita external evaluation; identifier-corrected execution
Favorita,dd43cf923eae8deab5d3,219,component_specific_transfer,42292,12,pre-specified Favorita external evaluation; identifier-corrected execution
Favorita,dd43cf923eae8deab5d3,219,matched_shared_relation,85263,12,pre-specified Favorita external evaluation; identifier-corrected execution
Favorita,dd43cf923eae8deab5d3,219,single_donor,36488,12,pre-specified Favorita external evaluation; identifier-corrected execution
Favorita,decf1e5b2a7c3a7aaa1d,146,complete_similarity,22966,12,pre-specified Favorita external evaluation; identifier-corrected execution
Favorita,decf1e5b2a7c3a7aaa1d,146,component_specific_transfer,9232,12,pre-specified Favorita external evaluation; identifier-corrected execution
Favorita,decf1e5b2a7c3a7aaa1d,146,matched_shared_relation,37810,12,pre-specified Favorita external evaluation; identifier-corrected execution
Favorita,decf1e5b2a7c3a7aaa1d,146,single_donor,1807,12,pre-specified Favorita external evaluation; identifier-corrected execution
Favorita,df68c0acf787f6dc914f,83,complete_similarity,213665,12,pre-specified Favorita external evaluation; identifier-corrected execution
Favorita,df68c0acf787f6dc914f,83,component_specific_transfer,66643,12,pre-specified Favorita external evaluation; identifier-corrected execution
Favorita,df68c0acf787f6dc914f,83,matched_shared_relation,60858,12,pre-specified Favorita external evaluation; identifier-corrected execution
Favorita,df68c0acf787f6dc914f,83,single_donor,79275,12,pre-specified Favorita external evaluation; identifier-corrected execution
Favorita,df95be015b7f1fec1a13,91,complete_similarity,35712,12,pre-specified Favorita external evaluation; identifier-corrected execution
Favorita,df95be015b7f1fec1a13,91,component_specific_transfer,12849,12,pre-specified Favorita external evaluation; identifier-corrected execution
Favorita,df95be015b7f1fec1a13,91,matched_shared_relation,12883,12,pre-specified Favorita external evaluation; identifier-corrected execution
Favorita,df95be015b7f1fec1a13,91,single_donor,11566,12,pre-specified Favorita external evaluation; identifier-corrected execution
Favorita,e046f3c92b31509cbc91,74,complete_similarity,235588,12,pre-specified Favorita external evaluation; identifier-corrected execution
Favorita,e046f3c92b31509cbc91,74,component_specific_transfer,394650,12,pre-specified Favorita external evaluation; identifier-corrected execution
Favorita,e046f3c92b31509cbc91,74,matched_shared_relation,179739,12,pre-specified Favorita external evaluation; identifier-corrected execution
Favorita,e046f3c92b31509cbc91,74,single_donor,390326,12,pre-specified Favorita external evaluation; identifier-corrected execution
Favorita,e25164b160d72e11e0b2,5,complete_similarity,59095,12,pre-specified Favorita external evaluation; identifier-corrected execution
Favorita,e25164b160d72e11e0b2,5,component_specific_transfer,15334,12,pre-specified Favorita external evaluation; identifier-corrected execution
Favorita,e25164b160d72e11e0b2,5,matched_shared_relation,50429,12,pre-specified Favorita external evaluation; identifier-corrected execution
Favorita,e25164b160d72e11e0b2,5,single_donor,16685,12,pre-specified Favorita external evaluation; identifier-corrected execution
Favorita,e27011263235f1395c1b,228,complete_similarity,28931,12,pre-specified Favorita external evaluation; identifier-corrected execution
Favorita,e27011263235f1395c1b,228,component_specific_transfer,14734,12,pre-specified Favorita external evaluation; identifier-corrected execution
Favorita,e27011263235f1395c1b,228,matched_shared_relation,23496,12,pre-specified Favorita external evaluation; identifier-corrected execution
Favorita,e27011263235f1395c1b,228,single_donor,12272,12,pre-specified Favorita external evaluation; identifier-corrected execution
Favorita,e277a24a75d6b84232f3,103,complete_similarity,61254,12,pre-specified Favorita external evaluation; identifier-corrected execution
Favorita,e277a24a75d6b84232f3,103,component_specific_transfer,23724,12,pre-specified Favorita external evaluation; identifier-corrected execution
Favorita,e277a24a75d6b84232f3,103,matched_shared_relation,81732,12,pre-specified Favorita external evaluation; identifier-corrected execution
Favorita,e277a24a75d6b84232f3,103,single_donor,29661,12,pre-specified Favorita external evaluation; identifier-corrected execution
Favorita,e52ace68e2a40c7660b7,187,complete_similarity,7900,12,pre-specified Favorita external evaluation; identifier-corrected execution
Favorita,e52ace68e2a40c7660b7,187,component_specific_transfer,1891,12,pre-specified Favorita external evaluation; identifier-corrected execution
Favorita,e52ace68e2a40c7660b7,187,matched_shared_relation,7898,12,pre-specified Favorita external evaluation; identifier-corrected execution
Favorita,e52ace68e2a40c7660b7,187,single_donor,3743,12,pre-specified Favorita external evaluation; identifier-corrected execution
Favorita,e6493769ab38c4d51a81,218,complete_similarity,22622,12,pre-specified Favorita external evaluation; identifier-corrected execution
Favorita,e6493769ab38c4d51a81,218,component_specific_transfer,6890,12,pre-specified Favorita external evaluation; identifier-corrected execution
Favorita,e6493769ab38c4d51a81,218,matched_shared_relation,16022,12,pre-specified Favorita external evaluation; identifier-corrected execution
Favorita,e6493769ab38c4d51a81,218,single_donor,52865,12,pre-specified Favorita external evaluation; identifier-corrected execution
Favorita,e69c75404bf6da84d8c4,185,complete_similarity,4503,12,pre-specified Favorita external evaluation; identifier-corrected execution
Favorita,e69c75404bf6da84d8c4,185,component_specific_transfer,1479,12,pre-specified Favorita external evaluation; identifier-corrected execution
Favorita,e69c75404bf6da84d8c4,185,matched_shared_relation,2676,12,pre-specified Favorita external evaluation; identifier-corrected execution
Favorita,e69c75404bf6da84d8c4,185,single_donor,13753,12,pre-specified Favorita external evaluation; identifier-corrected execution
Favorita,e8be98a1b458c42131cf,213,complete_similarity,63111,12,pre-specified Favorita external evaluation; identifier-corrected execution
Favorita,e8be98a1b458c42131cf,213,component_specific_transfer,20917,12,pre-specified Favorita external evaluation; identifier-corrected execution
Favorita,e8be98a1b458c42131cf,213,matched_shared_relation,52776,12,pre-specified Favorita external evaluation; identifier-corrected execution
Favorita,e8be98a1b458c42131cf,213,single_donor,87488,12,pre-specified Favorita external evaluation; identifier-corrected execution
Favorita,e9aabf2eb484f4d20cf1,65,complete_similarity,65623,12,pre-specified Favorita external evaluation; identifier-corrected execution
Favorita,e9aabf2eb484f4d20cf1,65,component_specific_transfer,30533,12,pre-specified Favorita external evaluation; identifier-corrected execution
Favorita,e9aabf2eb484f4d20cf1,65,matched_shared_relation,82749,12,pre-specified Favorita external evaluation; identifier-corrected execution
Favorita,e9aabf2eb484f4d20cf1,65,single_donor,92834,12,pre-specified Favorita external evaluation; identifier-corrected execution
Favorita,e9c51ca054077b8103d4,133,complete_similarity,23038,12,pre-specified Favorita external evaluation; identifier-corrected execution
Favorita,e9c51ca054077b8103d4,133,component_specific_transfer,202702,12,pre-specified Favorita external evaluation; identifier-corrected execution
Favorita,e9c51ca054077b8103d4,133,matched_shared_relation,353999,12,pre-specified Favorita external evaluation; identifier-corrected execution
Favorita,e9c51ca054077b8103d4,133,single_donor,240342,12,pre-specified Favorita external evaluation; identifier-corrected execution
Favorita,e9d8bb905bb3280d96f9,158,complete_similarity,61977,12,pre-specified Favorita external evaluation; identifier-corrected execution
Favorita,e9d8bb905bb3280d96f9,158,component_specific_transfer,5979,12,pre-specified Favorita external evaluation; identifier-corrected execution
Favorita,e9d8bb905bb3280d96f9,158,matched_shared_relation,17955,12,pre-specified Favorita external evaluation; identifier-corrected execution
Favorita,e9d8bb905bb3280d96f9,158,single_donor,18979,12,pre-specified Favorita external evaluation; identifier-corrected execution
Favorita,eaa0fb4f8691794343fb,12,complete_similarity,134150,12,pre-specified Favorita external evaluation; identifier-corrected execution
Favorita,eaa0fb4f8691794343fb,12,component_specific_transfer,61893,12,pre-specified Favorita external evaluation; identifier-corrected execution
Favorita,eaa0fb4f8691794343fb,12,matched_shared_relation,90657,12,pre-specified Favorita external evaluation; identifier-corrected execution
Favorita,eaa0fb4f8691794343fb,12,single_donor,72345,12,pre-specified Favorita external evaluation; identifier-corrected execution
Favorita,eb36594cd02161e663df,123,complete_similarity,22002,12,pre-specified Favorita external evaluation; identifier-corrected execution
Favorita,eb36594cd02161e663df,123,component_specific_transfer,58407,12,pre-specified Favorita external evaluation; identifier-corrected execution
Favorita,eb36594cd02161e663df,123,matched_shared_relation,42340,12,pre-specified Favorita external evaluation; identifier-corrected execution
Favorita,eb36594cd02161e663df,123,single_donor,26076,12,pre-specified Favorita external evaluation; identifier-corrected execution
Favorita,eb831bf12feb4278a957,168,complete_similarity,117514,12,pre-specified Favorita external evaluation; identifier-corrected execution
Favorita,eb831bf12feb4278a957,168,component_specific_transfer,244118,12,pre-specified Favorita external evaluation; identifier-corrected execution
Favorita,eb831bf12feb4278a957,168,matched_shared_relation,455727,12,pre-specified Favorita external evaluation; identifier-corrected execution
Favorita,eb831bf12feb4278a957,168,single_donor,809450,12,pre-specified Favorita external evaluation; identifier-corrected execution
Favorita,ed414583abe2359aac6f,147,complete_similarity,84752,12,pre-specified Favorita external evaluation; identifier-corrected execution
Favorita,ed414583abe2359aac6f,147,component_specific_transfer,4122,12,pre-specified Favorita external evaluation; identifier-corrected execution
Favorita,ed414583abe2359aac6f,147,matched_shared_relation,20647,12,pre-specified Favorita external evaluation; identifier-corrected execution
Favorita,ed414583abe2359aac6f,147,single_donor,3664,12,pre-specified Favorita external evaluation; identifier-corrected execution
Favorita,edf8b2edcda7e43c0ba7,216,complete_similarity,104076,12,pre-specified Favorita external evaluation; identifier-corrected execution
Favorita,edf8b2edcda7e43c0ba7,216,component_specific_transfer,45194,12,pre-specified Favorita external evaluation; identifier-corrected execution
Favorita,edf8b2edcda7e43c0ba7,216,matched_shared_relation,178695,12,pre-specified Favorita external evaluation; identifier-corrected execution
Favorita,edf8b2edcda7e43c0ba7,216,single_donor,127846,12,pre-specified Favorita external evaluation; identifier-corrected execution
Favorita,f10a4791fef0a6da3c46,247,complete_similarity,122448,12,pre-specified Favorita external evaluation; identifier-corrected execution
Favorita,f10a4791fef0a6da3c46,247,component_specific_transfer,55070,12,pre-specified Favorita external evaluation; identifier-corrected execution
Favorita,f10a4791fef0a6da3c46,247,matched_shared_relation,32372,12,pre-specified Favorita external evaluation; identifier-corrected execution
Favorita,f10a4791fef0a6da3c46,247,single_donor,33279,12,pre-specified Favorita external evaluation; identifier-corrected execution
Favorita,f12930402a11db33c951,166,complete_similarity,301354,12,pre-specified Favorita external evaluation; identifier-corrected execution
Favorita,f12930402a11db33c951,166,component_specific_transfer,162350,12,pre-specified Favorita external evaluation; identifier-corrected execution
Favorita,f12930402a11db33c951,166,matched_shared_relation,638079,12,pre-specified Favorita external evaluation; identifier-corrected execution
Favorita,f12930402a11db33c951,166,single_donor,74066,12,pre-specified Favorita external evaluation; identifier-corrected execution
Favorita,f26ddab1ddfc8505a909,30,complete_similarity,20084,12,pre-specified Favorita external evaluation; identifier-corrected execution
Favorita,f26ddab1ddfc8505a909,30,component_specific_transfer,10529,12,pre-specified Favorita external evaluation; identifier-corrected execution
Favorita,f26ddab1ddfc8505a909,30,matched_shared_relation,15490,12,pre-specified Favorita external evaluation; identifier-corrected execution
Favorita,f26ddab1ddfc8505a909,30,single_donor,13418,12,pre-specified Favorita external evaluation; identifier-corrected execution
Favorita,f4804f6794f267e1683b,95,complete_similarity,8573,12,pre-specified Favorita external evaluation; identifier-corrected execution
Favorita,f4804f6794f267e1683b,95,component_specific_transfer,4305,12,pre-specified Favorita external evaluation; identifier-corrected execution
Favorita,f4804f6794f267e1683b,95,matched_shared_relation,52194,12,pre-specified Favorita external evaluation; identifier-corrected execution
Favorita,f4804f6794f267e1683b,95,single_donor,13835,12,pre-specified Favorita external evaluation; identifier-corrected execution
Favorita,f5ff8fb9d4ef7dfc71dc,48,complete_similarity,36496,12,pre-specified Favorita external evaluation; identifier-corrected execution
Favorita,f5ff8fb9d4ef7dfc71dc,48,component_specific_transfer,19751,12,pre-specified Favorita external evaluation; identifier-corrected execution
Favorita,f5ff8fb9d4ef7dfc71dc,48,matched_shared_relation,29842,12,pre-specified Favorita external evaluation; identifier-corrected execution
Favorita,f5ff8fb9d4ef7dfc71dc,48,single_donor,9487,12,pre-specified Favorita external evaluation; identifier-corrected execution
Favorita,f67bc2e629a4feceadaa,66,complete_similarity,46484,12,pre-specified Favorita external evaluation; identifier-corrected execution
Favorita,f67bc2e629a4feceadaa,66,component_specific_transfer,19838,12,pre-specified Favorita external evaluation; identifier-corrected execution
Favorita,f67bc2e629a4feceadaa,66,matched_shared_relation,41740,12,pre-specified Favorita external evaluation; identifier-corrected execution
Favorita,f67bc2e629a4feceadaa,66,single_donor,15137,12,pre-specified Favorita external evaluation; identifier-corrected execution
Favorita,f87a4a6ee955c695ed8d,37,complete_similarity,11617,12,pre-specified Favorita external evaluation; identifier-corrected execution
Favorita,f87a4a6ee955c695ed8d,37,component_specific_transfer,3979,12,pre-specified Favorita external evaluation; identifier-corrected execution
Favorita,f87a4a6ee955c695ed8d,37,matched_shared_relation,8279,12,pre-specified Favorita external evaluation; identifier-corrected execution
Favorita,f87a4a6ee955c695ed8d,37,single_donor,9176,12,pre-specified Favorita external evaluation; identifier-corrected execution
Favorita,f8c046dbe8a0e6a83388,167,complete_similarity,994616,12,pre-specified Favorita external evaluation; identifier-corrected execution
Favorita,f8c046dbe8a0e6a83388,167,component_specific_transfer,1992687,12,pre-specified Favorita external evaluation; identifier-corrected execution
Favorita,f8c046dbe8a0e6a83388,167,matched_shared_relation,439080,12,pre-specified Favorita external evaluation; identifier-corrected execution
Favorita,f8c046dbe8a0e6a83388,167,single_donor,2558019,12,pre-specified Favorita external evaluation; identifier-corrected execution
Favorita,f8e5fc2e8c49ad586a17,170,complete_similarity,68557,12,pre-specified Favorita external evaluation; identifier-corrected execution
Favorita,f8e5fc2e8c49ad586a17,170,component_specific_transfer,9515,12,pre-specified Favorita external evaluation; identifier-corrected execution
Favorita,f8e5fc2e8c49ad586a17,170,matched_shared_relation,17730,12,pre-specified Favorita external evaluation; identifier-corrected execution
Favorita,f8e5fc2e8c49ad586a17,170,single_donor,18144,12,pre-specified Favorita external evaluation; identifier-corrected execution
Favorita,f911bccbd9d2dced4835,38,complete_similarity,79455,12,pre-specified Favorita external evaluation; identifier-corrected execution
Favorita,f911bccbd9d2dced4835,38,component_specific_transfer,35859,12,pre-specified Favorita external evaluation; identifier-corrected execution
Favorita,f911bccbd9d2dced4835,38,matched_shared_relation,79324,12,pre-specified Favorita external evaluation; identifier-corrected execution
Favorita,f911bccbd9d2dced4835,38,single_donor,5712,12,pre-specified Favorita external evaluation; identifier-corrected execution
Favorita,f9987ddb15b125f61bab,104,complete_similarity,28629,12,pre-specified Favorita external evaluation; identifier-corrected execution
Favorita,f9987ddb15b125f61bab,104,component_specific_transfer,58354,12,pre-specified Favorita external evaluation; identifier-corrected execution
Favorita,f9987ddb15b125f61bab,104,matched_shared_relation,28644,12,pre-specified Favorita external evaluation; identifier-corrected execution
Favorita,f9987ddb15b125f61bab,104,single_donor,26828,12,pre-specified Favorita external evaluation; identifier-corrected execution
Favorita,f9f513d8a8c90f8486c9,206,complete_similarity,116635,12,pre-specified Favorita external evaluation; identifier-corrected execution
Favorita,f9f513d8a8c90f8486c9,206,component_specific_transfer,44417,12,pre-specified Favorita external evaluation; identifier-corrected execution
Favorita,f9f513d8a8c90f8486c9,206,matched_shared_relation,15102,12,pre-specified Favorita external evaluation; identifier-corrected execution
Favorita,f9f513d8a8c90f8486c9,206,single_donor,43835,12,pre-specified Favorita external evaluation; identifier-corrected execution
Favorita,fc3782dd2de305cb37f4,31,complete_similarity,79730,12,pre-specified Favorita external evaluation; identifier-corrected execution
Favorita,fc3782dd2de305cb37f4,31,component_specific_transfer,38660,12,pre-specified Favorita external evaluation; identifier-corrected execution
Favorita,fc3782dd2de305cb37f4,31,matched_shared_relation,8661,12,pre-specified Favorita external evaluation; identifier-corrected execution
Favorita,fc3782dd2de305cb37f4,31,single_donor,32207,12,pre-specified Favorita external evaluation; identifier-corrected execution
Favorita,fd888b9d506824aa9139,67,complete_similarity,53414,12,pre-specified Favorita external evaluation; identifier-corrected execution
Favorita,fd888b9d506824aa9139,67,component_specific_transfer,22920,12,pre-specified Favorita external evaluation; identifier-corrected execution
Favorita,fd888b9d506824aa9139,67,matched_shared_relation,21738,12,pre-specified Favorita external evaluation; identifier-corrected execution
Favorita,fd888b9d506824aa9139,67,single_donor,34563,12,pre-specified Favorita external evaluation; identifier-corrected execution
Favorita,fed29fcb86c1a9a120a1,33,complete_similarity,175082.793999,12,pre-specified Favorita external evaluation; identifier-corrected execution
Favorita,fed29fcb86c1a9a120a1,33,component_specific_transfer,84134.8375816,12,pre-specified Favorita external evaluation; identifier-corrected execution
Favorita,fed29fcb86c1a9a120a1,33,matched_shared_relation,53563.2224045,12,pre-specified Favorita external evaluation; identifier-corrected execution
Favorita,fed29fcb86c1a9a120a1,33,single_donor,141828.950531,12,pre-specified Favorita external evaluation; identifier-corrected execution
Favorita,fedfe69f9b2c7b196d62,199,complete_similarity,72886,12,pre-specified Favorita external evaluation; identifier-corrected execution
Favorita,fedfe69f9b2c7b196d62,199,component_specific_transfer,22135,12,pre-specified Favorita external evaluation; identifier-corrected execution
Favorita,fedfe69f9b2c7b196d62,199,matched_shared_relation,268532,12,pre-specified Favorita external evaluation; identifier-corrected execution
Favorita,fedfe69f9b2c7b196d62,199,single_donor,206082,12,pre-specified Favorita external evaluation; identifier-corrected execution
Favorita,ff843560387f330b97d4,70,complete_similarity,48587,12,pre-specified Favorita external evaluation; identifier-corrected execution
Favorita,ff843560387f330b97d4,70,component_specific_transfer,177635,12,pre-specified Favorita external evaluation; identifier-corrected execution
Favorita,ff843560387f330b97d4,70,matched_shared_relation,187981,12,pre-specified Favorita external evaluation; identifier-corrected execution
Favorita,ff843560387f330b97d4,70,single_donor,57511,12,pre-specified Favorita external evaluation; identifier-corrected execution
